bot_hp,enemy_hp,distance,bot_x,enemy_x,bot_cooldown,enemy_last_action,time_left,action
64.0,76.0,1.36,7.6,8.96,0,punch,94.0,block
76.0,70.0,0.13,5.31,5.18,0,punch,95.8,block
100.0,100.0,1.55,7.25,8.8,0,idle,97.2,jump
70.0,85.0,1.16,6.07,7.24,3,punch,96.1,block
100.0,100.0,6.01,2.94,8.95,0,move_left,98.3,move_right
100.0,100.0,3.96,3.06,7.02,0,move_left,97.5,move_right
16.0,61.0,0.57,6.6,7.17,0,jump,94.6,move_right
88.0,94.0,1.2,4.34,5.54,6,block,96.9,idle
7.0,64.0,0.92,8.21,9.13,0,jump,91.6,move_right
100.0,100.0,3.32,4.14,7.46,4,kick,96.0,idle
100.0,100.0,4.02,2.02,6.04,0,jump,98.9,move_right
100.0,100.0,2.26,4.15,6.41,0,move_right,97.2,move_right
43.0,70.0,0.61,7.44,8.05,3,block,94.0,idle
16.0,25.0,1.34,5.93,4.6,0,kick,87.0,block
100.0,100.0,3.03,4.17,7.2,0,move_left,97.6,move_right
100.0,100.0,1.83,5.1,6.92,0,punch,96.7,jump
43.0,34.0,1.89,5.88,7.76,5,idle,92.4,special
100.0,100.0,1.95,5.91,7.85,0,punch,97.0,move_right
100.0,100.0,4.82,2.34,7.16,0,special,98.1,jump
52.0,37.0,1.03,5.77,6.79,2,kick,93.2,block
22.0,61.0,0.16,9.08,9.23,0,punch,91.9,block
16.0,46.0,0.91,9.09,10.0,2,move_right,89.0,move_right
4.0,19.0,1.02,8.2,9.22,0,move_left,87.7,punch
100.0,91.0,1.85,7.55,9.4,2,jump,96.9,idle
58.0,58.0,1.03,5.65,6.68,5,move_left,95.1,idle
85.0,85.0,1.21,7.44,8.65,2,move_left,96.0,idle
100.0,100.0,1.46,3.97,5.43,3,jump,97.2,idle
31.0,52.0,0.3,6.92,7.22,0,punch,92.4,block
100.0,100.0,1.96,3.88,5.84,0,punch,97.1,move_right
43.0,61.0,1.4,8.6,10.0,3,move_right,93.0,idle
100.0,100.0,1.99,7.06,9.04,0,move_left,96.7,move_right
100.0,100.0,3.33,2.25,5.58,0,idle,98.2,move_right
19.0,58.0,0.08,6.36,6.28,0,idle,93.3,move_left
40.0,67.0,0.27,6.27,6.0,0,jump,91.2,kick
100.0,100.0,5.61,3.37,8.97,0,idle,97.5,move_right
64.0,85.0,1.04,7.51,8.54,2,kick,93.4,block
100.0,100.0,2.49,5.1,7.59,0,move_left,98.7,move_right
1.0,49.0,0.72,8.15,8.87,4,punch,94.2,jump
73.0,76.0,1.46,3.55,5.01,0,jump,96.6,kick
52.0,61.0,1.23,5.82,7.05,0,idle,94.0,punch
10.0,40.0,1.6,7.22,8.81,1,jump,92.3,idle
100.0,100.0,6.62,2.38,9.0,0,jump,98.4,move_right
94.0,91.0,1.09,6.14,7.24,1,punch,96.8,block
64.0,67.0,1.55,8.15,9.7,3,idle,95.5,idle
100.0,100.0,2.35,6.75,9.1,0,kick,97.9,move_right
73.0,85.0,1.22,7.01,8.23,0,kick,95.7,block
64.0,40.0,0.22,5.12,4.9,3,punch,95.6,block
4.0,61.0,0.5,9.5,10.0,0,special,91.0,block
73.0,85.0,1.57,7.93,9.51,1,kick,96.7,idle
34.0,40.0,1.19,4.29,5.48,1,move_left,93.8,move_right
100.0,94.0,1.42,6.02,7.44,1,idle,94.3,idle
79.0,67.0,0.49,7.71,8.2,0,jump,93.2,kick
10.0,4.0,1.68,7.34,9.02,2,move_right,89.4,idle
40.0,76.0,0.72,7.18,7.9,3,kick,92.4,block
82.0,85.0,1.25,8.15,9.4,3,kick,96.6,idle
64.0,82.0,1.02,6.59,7.61,0,punch,96.0,jump
100.0,100.0,3.16,6.08,9.23,0,punch,97.8,jump
100.0,100.0,5.7,1.9,7.6,0,kick,98.8,move_right
85.0,82.0,1.65,7.58,9.23,3,move_right,95.3,idle
94.0,88.0,1.02,6.6,7.62,0,idle,97.0,punch
34.0,58.0,1.61,8.06,9.68,1,move_left,90.1,idle
22.0,79.0,0.02,7.78,7.8,0,punch,89.2,block
19.0,40.0,0.25,5.87,6.12,3,jump,87.4,idle
40.0,55.0,0.33,4.65,4.98,0,kick,93.4,block
19.0,70.0,0.2,6.89,6.69,0,punch,90.2,block
100.0,100.0,1.88,4.41,6.29,2,move_right,96.7,idle
76.0,79.0,0.87,7.18,8.05,5,move_left,94.4,idle
73.0,70.0,1.2,4.04,5.24,3,jump,94.7,idle
100.0,100.0,4.64,3.61,8.24,0,punch,97.0,move_right
70.0,94.0,1.06,4.87,5.93,2,punch,98.2,block
31.0,55.0,0.99,8.27,9.27,5,move_left,94.4,idle
100.0,100.0,1.62,4.01,5.64,0,block,97.1,move_right
61.0,82.0,0.68,5.97,6.64,1,kick,93.6,block
85.0,64.0,0.92,5.99,6.9,0,idle,92.7,kick
85.0,79.0,1.64,5.23,6.87,0,kick,95.2,move_right
100.0,100.0,8.07,1.14,9.21,0,move_right,98.4,move_right
31.0,73.0,0.58,5.81,6.4,3,kick,94.0,block
37.0,67.0,1.25,8.45,9.7,0,kick,94.6,block
91.0,94.0,1.04,8.66,9.7,1,move_left,93.8,idle
100.0,100.0,3.56,3.53,7.09,0,idle,99.0,move_right
28.0,49.0,1.77,8.47,6.7,1,move_left,90.0,idle
76.0,88.0,1.36,6.42,7.78,2,block,95.6,idle
34.0,55.0,1.65,3.57,1.92,0,move_left,93.8,move_left
31.0,43.0,1.33,6.8,8.13,0,punch,93.7,jump
100.0,100.0,3.03,4.17,7.2,0,block,98.0,block
4.0,55.0,0.2,9.6,9.4,0,punch,89.7,block
82.0,100.0,1.92,6.7,8.62,0,jump,95.8,move_right
100.0,100.0,2.79,5.91,8.7,0,move_right,98.1,move_right
76.0,100.0,1.58,6.27,7.84,6,special,95.0,idle
70.0,76.0,1.36,7.6,8.96,2,move_left,94.2,idle
22.0,58.0,0.14,9.56,9.7,0,move_right,88.8,move_right
100.0,100.0,2.71,5.64,8.35,0,move_left,98.4,move_right
67.0,7.0,0.38,8.42,8.8,6,jump,91.1,idle
100.0,100.0,2.98,6.1,9.08,0,idle,96.8,move_right
85.0,64.0,0.08,5.12,5.2,3,move_right,96.9,idle
100.0,100.0,5.14,4.5,9.63,0,move_left,97.5,move_right
100.0,100.0,2.82,4.58,7.4,0,kick,98.7,jump
85.0,85.0,0.31,5.55,5.86,2,move_left,94.6,idle
64.0,67.0,0.66,6.9,6.24,3,kick,92.9,block
100.0,100.0,1.96,6.41,8.37,1,jump,95.3,idle
94.0,82.0,1.48,7.6,9.07,6,punch,97.5,kick
100.0,100.0,1.62,7.29,8.91,0,jump,95.4,move_right
100.0,100.0,2.07,5.98,8.05,0,move_left,97.9,move_right
25.0,82.0,0.08,8.52,8.45,0,jump,91.9,move_left
25.0,55.0,1.69,5.14,6.84,0,move_right,93.9,move_right
40.0,64.0,0.07,6.43,6.36,2,move_left,94.4,idle
22.0,73.0,0.14,7.81,7.94,0,move_right,90.5,move_right
13.0,22.0,0.54,7.31,7.84,0,idle,91.4,kick
100.0,100.0,6.52,1.92,8.45,0,kick,98.5,move_right
52.0,55.0,1.57,8.43,10.0,6,move_right,93.8,idle
61.0,79.0,0.27,6.27,6.0,0,move_left,92.3,punch
4.0,67.0,0.26,4.86,5.12,0,move_right,90.3,move_right
100.0,100.0,2.47,6.05,8.52,0,punch,97.6,move_right
91.0,49.0,0.64,4.43,5.07,6,idle,95.7,idle
70.0,49.0,2.02,7.14,9.16,0,jump,91.9,move_right
64.0,82.0,0.58,3.68,4.26,0,kick,95.8,block
52.0,64.0,1.03,7.07,8.11,2,move_right,92.7,idle
91.0,82.0,1.82,5.69,7.5,0,move_right,95.1,move_right
16.0,58.0,0.0,9.4,9.4,0,punch,88.4,jump
19.0,73.0,0.42,5.32,5.74,0,idle,94.4,move_right
76.0,88.0,1.36,6.42,7.78,0,move_left,95.4,punch
46.0,79.0,0.42,5.32,5.74,1,punch,95.5,block
31.0,64.0,1.57,5.41,6.98,2,special,93.6,idle
55.0,76.0,1.48,8.19,9.67,0,move_right,91.0,idle
37.0,46.0,1.35,7.81,9.16,0,idle,92.1,punch
37.0,37.0,0.83,7.66,8.49,0,punch,91.6,special
52.0,55.0,1.26,5.8,7.06,0,punch,90.7,block
94.0,100.0,1.78,5.59,7.37,0,move_right,97.5,move_right
19.0,73.0,1.26,6.66,7.92,1,special,91.6,idle
67.0,73.0,0.53,7.07,7.6,6,move_right,94.0,idle
10.0,43.0,1.21,8.19,9.4,1,kick,88.1,idle
61.0,73.0,1.26,6.66,7.92,2,idle,92.4,idle
64.0,76.0,0.22,6.58,6.37,1,block,93.7,idle
100.0,100.0,1.87,6.87,8.74,0,move_left,97.5,move_right
37.0,19.0,1.42,7.44,8.86,3,punch,89.7,idle
94.0,94.0,1.35,6.31,7.66,0,kick,97.6,block
28.0,73.0,0.49,8.26,8.74,0,move_right,93.3,move_right
25.0,61.0,0.56,4.27,4.83,2,idle,94.2,idle
49.0,40.0,1.02,6.9,7.92,3,special,93.4,block
7.0,22.0,0.33,6.12,6.45,2,move_right,90.4,idle
100.0,100.0,2.78,3.91,6.69,0,idle,98.3,move_right
100.0,100.0,8.29,1.71,10.0,0,punch,98.5,move_right
7.0,58.0,0.53,6.73,7.26,0,punch,92.6,block
100.0,100.0,3.77,2.14,5.91,0,kick,98.1,move_right
58.0,43.0,1.61,3.45,5.06,1,move_right,93.4,idle
52.0,55.0,1.23,5.82,7.05,1,idle,93.7,punch
67.0,58.0,0.14,7.67,7.81,2,punch,94.9,block
100.0,100.0,3.62,2.27,5.89,0,kick,97.6,move_right
10.0,25.0,0.37,8.43,8.8,0,move_left,87.4,kick
40.0,55.0,1.26,5.91,7.17,0,punch,94.1,block
4.0,52.0,0.08,6.97,7.05,0,idle,91.4,move_right
100.0,100.0,2.56,5.51,8.07,0,punch,96.0,jump
82.0,76.0,1.07,7.02,8.1,0,idle,95.2,kick
82.0,85.0,1.36,4.78,6.14,0,move_right,95.1,punch
25.0,52.0,1.07,8.53,9.6,0,kick,90.9,block
37.0,7.0,1.36,4.42,5.77,0,idle,92.1,special
79.0,76.0,0.84,5.81,6.66,3,special,93.5,block
43.0,61.0,0.42,4.98,5.4,0,kick,94.1,block
10.0,25.0,1.27,8.43,9.7,2,move_right,89.0,idle
46.0,43.0,1.32,7.6,8.92,3,special,92.4,idle
100.0,94.0,1.82,7.48,9.3,0,move_right,95.9,move_right
49.0,91.0,1.63,7.86,9.49,0,kick,95.8,move_right
82.0,85.0,1.06,4.78,5.84,1,jump,95.3,idle
7.0,73.0,0.26,4.75,4.48,0,move_left,92.7,move_left
67.0,94.0,0.75,7.64,8.39,0,jump,94.5,kick
52.0,73.0,1.64,7.36,9.0,0,move_right,95.8,move_right
100.0,100.0,1.53,7.57,9.1,3,kick,95.6,idle
79.0,58.0,0.61,7.52,8.13,4,jump,95.0,idle
16.0,40.0,0.88,8.52,9.4,1,kick,88.9,block
100.0,100.0,1.73,7.03,8.76,0,idle,97.2,kick
37.0,52.0,1.06,8.51,9.57,3,idle,87.7,idle
73.0,82.0,1.12,6.32,7.44,0,idle,92.9,kick
34.0,67.0,0.87,6.27,5.4,0,move_left,90.8,punch
16.0,55.0,0.09,8.21,8.3,0,punch,90.7,block
19.0,67.0,0.03,4.93,4.96,0,move_right,93.3,move_right
70.0,85.0,0.29,7.76,8.05,0,kick,94.3,block
55.0,88.0,1.36,4.87,6.23,1,move_left,96.4,idle
100.0,100.0,2.42,5.81,8.23,0,move_right,97.0,move_right
100.0,100.0,7.7,1.78,9.48,2,kick,98.0,idle
10.0,40.0,0.56,8.84,9.4,0,punch,92.0,jump
61.0,79.0,1.45,5.87,7.32,0,idle,91.3,punch
13.0,61.0,0.03,9.07,9.1,0,idle,90.4,move_left
70.0,64.0,0.16,4.78,4.94,3,idle,93.2,idle
100.0,100.0,7.7,1.78,9.48,3,kick,98.8,idle
31.0,61.0,0.36,6.9,6.54,1,special,91.9,block
1.0,37.0,0.74,8.66,9.4,0,punch,87.3,block
43.0,49.0,0.47,4.94,5.4,1,punch,95.1,block
100.0,100.0,2.96,4.43,7.39,0,punch,98.1,jump
100.0,100.0,1.96,5.02,6.97,0,jump,96.4,jump
100.0,100.0,4.01,4.79,8.8,0,idle,98.6,jump
28.0,31.0,0.28,4.04,4.32,3,kick,93.6,block
100.0,94.0,1.81,6.43,8.23,0,idle,97.7,jump
61.0,76.0,1.48,8.19,9.67,3,punch,91.5,idle
100.0,100.0,4.45,3.75,8.2,0,idle,99.0,move_right
100.0,100.0,6.1,3.65,9.74,0,idle,99.0,move_right
100.0,100.0,3.06,3.66,6.72,0,jump,97.3,move_right
10.0,10.0,1.72,5.21,6.94,2,move_right,89.8,idle
43.0,73.0,0.68,5.97,6.64,1,idle,92.9,idle
100.0,100.0,5.71,2.17,7.88,0,move_left,98.8,move_right
43.0,55.0,0.38,4.2,4.58,2,punch,94.3,block
1.0,85.0,0.12,6.08,6.2,0,special,95.8,block
100.0,100.0,3.58,3.19,6.77,0,punch,98.7,move_right
7.0,82.0,0.27,5.34,5.61,0,idle,92.5,move_right
1.0,19.0,0.74,8.51,7.77,0,block,85.1,kick
100.0,100.0,4.05,4.88,8.93,0,special,97.8,move_right
46.0,73.0,1.34,8.56,9.9,6,idle,93.2,idle
43.0,67.0,0.0,6.92,6.92,2,kick,93.6,block
82.0,73.0,1.48,4.04,5.52,0,move_right,96.4,kick
61.0,58.0,1.74,3.7,5.44,1,move_left,95.0,idle
46.0,82.0,1.99,4.54,6.54,0,kick,96.4,move_right
91.0,76.0,1.72,4.61,6.34,3,move_right,98.6,idle
70.0,67.0,1.53,5.82,7.35,3,kick,95.2,idle
100.0,100.0,4.45,3.4,7.85,0,idle,97.3,move_right
100.0,100.0,3.72,4.7,8.42,0,punch,98.0,jump
100.0,100.0,2.66,4.87,7.54,0,punch,98.3,move_right
13.0,34.0,0.39,6.6,6.99,6,kick,93.8,block
100.0,88.0,1.09,6.28,7.37,3,jump,97.1,block
100.0,100.0,2.68,5.72,8.39,0,idle,98.1,move_right
100.0,100.0,4.51,5.12,9.63,0,punch,98.4,move_right
10.0,88.0,0.08,5.31,5.39,0,special,93.8,block
94.0,85.0,1.47,5.27,6.74,3,jump,96.0,idle
91.0,76.0,1.51,6.55,8.06,0,kick,91.8,special
100.0,100.0,1.21,6.79,8.0,0,move_left,97.7,special
100.0,100.0,3.67,5.37,9.04,0,punch,98.3,move_right
55.0,67.0,1.16,7.97,9.13,0,special,92.8,jump
88.0,88.0,1.46,7.94,9.4,0,jump,93.7,move_right
94.0,100.0,0.83,7.03,7.86,0,idle,96.0,kick
25.0,31.0,1.39,8.61,10.0,0,special,90.1,block
4.0,67.0,0.27,5.62,5.35,0,kick,95.6,block
64.0,73.0,0.18,4.91,4.74,0,move_left,93.7,kick
100.0,100.0,6.82,1.22,8.04,0,punch,98.7,move_right
46.0,82.0,1.39,4.54,5.94,0,punch,96.9,block
37.0,52.0,0.74,8.66,9.4,2,idle,90.7,idle
100.0,100.0,1.36,5.05,6.41,4,move_right,96.5,idle
94.0,73.0,1.57,5.11,6.68,0,idle,95.4,kick
100.0,94.0,1.75,4.87,6.62,0,special,98.6,jump
49.0,82.0,0.42,5.61,6.03,1,idle,96.3,idle
94.0,91.0,1.69,7.66,9.34,1,move_right,96.1,idle
10.0,40.0,0.42,8.32,7.9,3,kick,90.0,block
61.0,91.0,0.45,5.97,6.42,0,punch,92.5,block
22.0,64.0,0.79,4.22,5.01,2,move_right,94.0,idle
31.0,46.0,1.03,7.07,8.11,0,idle,91.4,jump
100.0,100.0,3.09,4.01,7.1,0,punch,97.8,move_right
100.0,100.0,3.03,3.95,6.98,0,move_left,98.4,move_right
76.0,76.0,1.36,7.6,8.96,5,jump,94.5,idle
100.0,100.0,7.26,1.9,9.15,0,idle,98.5,move_right
100.0,100.0,3.42,4.19,7.61,0,special,97.9,move_right
40.0,55.0,1.14,6.11,7.26,0,kick,90.1,block
100.0,100.0,3.04,6.3,9.33,0,move_left,96.8,jump
4.0,73.0,0.28,6.11,6.4,0,block,92.5,move_right
100.0,100.0,1.89,8.04,9.93,0,kick,97.0,move_right
16.0,19.0,1.28,7.49,8.77,0,punch,89.6,block
79.0,85.0,1.59,6.41,8.0,2,kick,95.7,idle
16.0,16.0,1.19,5.19,6.38,5,special,92.7,block
100.0,100.0,1.44,6.0,7.44,0,jump,97.8,punch
52.0,46.0,1.2,6.34,7.54,2,idle,92.3,idle
94.0,46.0,1.57,8.13,9.7,1,idle,92.7,idle
85.0,82.0,1.65,7.58,9.23,2,kick,95.2,idle
100.0,100.0,2.86,6.24,9.1,0,kick,95.3,move_right
16.0,73.0,0.04,5.05,5.08,0,move_right,93.4,move_right
40.0,22.0,0.1,8.6,8.5,0,jump,89.7,punch
100.0,82.0,1.88,5.11,6.99,2,kick,96.9,idle
73.0,16.0,0.01,5.55,5.56,0,move_left,90.1,punch
46.0,64.0,1.26,5.91,7.17,0,kick,94.7,block
85.0,82.0,1.5,5.71,7.2,3,jump,94.6,idle
1.0,64.0,0.57,7.67,8.24,0,move_right,89.1,move_right
100.0,100.0,3.34,5.79,9.13,0,jump,96.3,move_right
100.0,100.0,4.72,3.42,8.15,0,punch,98.0,jump
82.0,94.0,1.02,8.19,9.21,0,special,93.0,jump
10.0,43.0,1.32,4.98,6.3,0,kick,92.0,block
82.0,91.0,0.42,5.49,5.91,3,kick,96.2,block
43.0,52.0,1.63,6.5,8.13,1,kick,94.6,idle
43.0,76.0,1.51,7.93,9.43,0,move_right,94.2,special
100.0,100.0,2.47,7.33,9.81,0,punch,97.6,move_right
28.0,58.0,1.28,6.01,7.29,0,kick,91.7,block
100.0,100.0,2.98,4.99,7.97,0,move_right,98.4,move_right
25.0,70.0,0.19,8.57,8.77,0,idle,94.1,move_right
91.0,76.0,2.11,5.95,8.06,0,move_right,92.0,move_right
100.0,100.0,3.88,2.21,6.1,0,move_left,98.7,move_right
34.0,37.0,0.3,6.91,7.2,1,idle,90.3,idle
100.0,100.0,3.26,1.56,4.82,0,punch,98.4,move_right
100.0,100.0,4.32,5.08,9.4,0,idle,96.6,move_right
79.0,79.0,1.29,6.41,7.7,0,punch,95.0,jump
34.0,82.0,0.74,8.36,9.1,1,special,93.5,block
43.0,46.0,0.06,7.01,6.94,1,kick,93.7,block
100.0,100.0,2.72,6.28,9.0,0,idle,96.9,move_right
100.0,91.0,0.82,7.32,8.15,0,punch,95.3,jump
100.0,100.0,1.66,7.31,8.97,0,move_right,94.5,move_right
22.0,73.0,0.16,8.11,7.94,0,jump,90.4,move_left
22.0,52.0,0.29,6.86,7.15,0,idle,90.6,move_right
28.0,43.0,0.19,5.82,6.01,0,punch,92.1,jump
16.0,55.0,1.25,8.45,9.7,0,punch,93.3,block
58.0,43.0,0.43,5.98,6.41,3,punch,93.6,block
31.0,76.0,1.08,6.58,7.66,0,jump,93.1,jump
100.0,100.0,3.22,4.22,7.44,0,punch,97.4,move_right
64.0,94.0,0.98,7.08,8.05,0,special,97.4,jump
100.0,100.0,3.32,2.57,5.89,0,punch,97.5,move_right
100.0,91.0,1.59,7.07,8.67,1,move_right,97.4,idle
100.0,100.0,2.49,4.9,7.39,1,special,97.0,idle
25.0,94.0,0.55,6.73,7.28,0,move_right,92.8,move_right
100.0,100.0,4.92,1.6,6.52,0,idle,99.0,move_right
100.0,100.0,2.49,4.9,7.39,2,punch,97.1,idle
10.0,28.0,1.08,7.34,8.42,1,punch,91.0,block
49.0,43.0,1.61,3.75,5.36,1,punch,92.4,idle
100.0,100.0,0.76,7.44,8.2,0,move_left,94.8,kick
70.0,76.0,1.36,7.6,8.96,1,kick,94.1,idle
100.0,100.0,2.42,5.51,7.93,0,kick,97.3,move_right
28.0,73.0,0.79,7.96,8.74,0,idle,93.7,move_right
100.0,100.0,1.64,8.06,9.7,0,punch,97.0,jump
100.0,100.0,2.7,7.3,10.0,0,move_right,96.4,move_right
73.0,67.0,0.76,3.86,4.62,6,move_left,97.4,idle
100.0,100.0,3.02,6.23,9.25,0,special,98.1,move_right
70.0,91.0,0.95,5.75,6.7,0,move_left,95.6,kick
100.0,100.0,6.42,2.5,8.92,0,idle,99.0,move_right
100.0,100.0,2.99,2.19,5.18,0,punch,98.9,move_right
100.0,100.0,3.62,5.63,9.25,0,idle,98.3,move_right
67.0,52.0,1.42,7.22,8.64,2,idle,91.8,idle
31.0,67.0,0.93,5.37,6.3,0,block,93.8,punch
13.0,13.0,1.94,4.48,2.54,2,move_left,88.1,idle
100.0,100.0,1.81,4.79,6.6,0,move_left,97.2,jump
100.0,100.0,7.7,1.31,9.01,0,idle,99.0,move_right
82.0,85.0,1.02,8.19,9.21,1,idle,92.6,idle
100.0,100.0,3.92,4.14,8.06,2,move_right,95.8,idle
52.0,67.0,0.86,5.93,6.79,2,punch,94.0,block
85.0,79.0,0.59,5.55,4.96,0,punch,93.5,block
100.0,100.0,3.68,2.71,6.39,0,jump,98.8,move_right
100.0,100.0,2.48,6.18,8.65,0,punch,98.3,move_right
7.0,52.0,1.15,7.65,8.8,0,punch,93.3,block
58.0,61.0,0.09,6.7,6.79,1,block,91.2,idle
22.0,64.0,0.06,9.46,9.4,0,move_left,90.9,move_left
64.0,82.0,1.03,5.65,6.68,0,jump,95.7,punch
28.0,25.0,1.59,5.55,7.14,2,idle,90.3,idle
58.0,64.0,0.1,6.8,6.9,3,move_left,94.8,idle
46.0,28.0,1.33,8.03,9.36,3,kick,91.2,idle
100.0,100.0,4.12,4.22,8.34,0,special,98.0,move_right
25.0,52.0,0.1,10.0,9.9,0,jump,90.0,move_left
88.0,94.0,2.35,3.47,5.82,3,move_right,96.1,idle
85.0,85.0,1.56,7.12,8.68,3,idle,95.1,idle
94.0,82.0,1.09,7.71,8.8,3,jump,94.7,idle
100.0,100.0,2.07,5.7,7.77,0,idle,98.1,jump
31.0,55.0,1.14,6.11,7.26,0,punch,89.8,block
25.0,64.0,1.57,7.17,8.74,0,punch,93.9,move_right
28.0,67.0,0.33,4.93,5.26,0,special,94.9,block
82.0,100.0,1.35,7.64,8.99,5,jump,95.6,idle
100.0,100.0,5.84,0.99,6.82,0,idle,99.0,move_right
100.0,100.0,4.87,5.13,10.0,0,kick,97.7,move_right
73.0,67.0,0.76,3.86,4.62,2,punch,96.2,block
100.0,100.0,1.92,6.3,8.22,0,kick,97.7,move_right
100.0,88.0,0.15,4.17,4.32,0,idle,97.3,block
43.0,31.0,1.55,4.53,6.08,3,punch,93.6,idle
64.0,55.0,0.28,7.09,7.37,2,block,94.1,idle
19.0,31.0,1.26,5.91,7.17,2,kick,91.5,idle
55.0,82.0,0.8,4.62,5.42,3,kick,96.2,block
4.0,55.0,0.01,5.07,5.06,0,special,92.6,block
52.0,7.0,1.25,8.45,9.7,1,jump,91.3,idle
7.0,37.0,0.03,6.12,6.15,0,special,91.1,jump
28.0,61.0,0.14,6.97,6.83,0,block,92.3,move_left
100.0,100.0,2.61,3.05,5.65,0,move_left,97.5,move_right
79.0,91.0,0.72,8.15,8.87,1,kick,97.1,block
100.0,100.0,1.49,8.51,10.0,0,punch,95.5,block
31.0,58.0,1.64,5.79,7.42,0,move_right,93.2,move_right
43.0,67.0,1.06,6.42,7.48,0,idle,93.0,jump
58.0,73.0,0.36,5.81,6.16,0,special,94.7,jump
76.0,88.0,1.56,5.32,6.88,0,kick,95.9,kick
43.0,73.0,1.4,4.62,6.02,1,punch,95.4,idle
16.0,76.0,1.32,7.18,8.5,0,special,91.7,block
100.0,100.0,5.86,3.4,9.26,0,special,98.0,jump
37.0,43.0,1.51,7.99,9.5,0,block,91.9,kick
55.0,70.0,0.3,8.5,8.8,0,move_left,92.8,punch
76.0,67.0,0.76,8.34,9.1,3,move_left,94.2,idle
10.0,28.0,0.43,4.94,4.5,0,punch,92.0,block
22.0,55.0,0.0,4.94,4.94,0,move_right,89.8,move_right
22.0,85.0,0.27,6.05,5.78,0,move_left,92.9,move_left
10.0,73.0,0.09,5.31,5.4,0,kick,91.0,idle
100.0,82.0,1.56,5.81,7.36,2,kick,96.7,idle
76.0,73.0,0.91,6.79,7.7,1,move_right,96.1,idle
16.0,46.0,0.91,9.09,10.0,3,punch,89.1,block
94.0,88.0,1.3,6.04,7.33,1,idle,95.5,idle
94.0,70.0,1.25,4.53,5.78,1,punch,96.0,idle
37.0,34.0,0.13,5.68,5.81,0,idle,92.3,punch
49.0,46.0,0.53,5.2,5.74,3,move_left,94.4,idle
100.0,94.0,1.72,5.72,7.44,1,jump,94.9,idle
100.0,100.0,3.16,3.82,6.97,0,jump,97.3,move_right
100.0,100.0,5.52,3.17,8.69,0,move_left,98.6,move_right
70.0,82.0,1.36,6.42,7.78,0,punch,94.8,block
31.0,85.0,0.04,8.28,8.32,2,move_right,93.6,idle
76.0,64.0,0.75,8.65,9.4,1,idle,93.0,idle
25.0,94.0,0.55,6.13,6.68,0,idle,93.2,move_right
34.0,73.0,0.61,6.54,7.15,2,kick,93.7,block
40.0,61.0,0.45,7.64,7.19,2,punch,91.6,block
64.0,55.0,0.68,4.2,4.88,1,move_left,94.9,idle
34.0,76.0,1.27,7.25,8.52,1,block,93.8,idle
100.0,100.0,2.82,5.57,8.39,0,punch,97.6,jump
100.0,100.0,2.42,6.58,9.0,0,idle,96.8,jump
37.0,34.0,0.99,6.48,7.46,1,jump,90.6,idle
58.0,82.0,0.01,4.77,4.76,0,move_left,95.2,special
70.0,82.0,1.31,7.49,8.8,2,idle,95.3,idle
34.0,13.0,1.34,4.78,3.44,5,block,89.4,idle
100.0,100.0,7.08,2.44,9.52,0,block,98.7,move_right
13.0,94.0,0.16,4.75,4.91,0,punch,94.0,jump
100.0,100.0,2.54,7.46,10.0,0,move_right,95.5,jump
94.0,94.0,0.89,4.77,5.66,2,move_right,98.7,idle
79.0,85.0,1.45,7.35,8.8,1,move_right,96.0,idle
100.0,100.0,2.3,6.15,8.45,0,move_right,97.1,jump
70.0,73.0,1.19,4.29,5.48,1,punch,95.9,block
100.0,100.0,2.87,5.82,8.7,0,block,97.4,move_right
94.0,85.0,1.34,5.23,6.57,0,kick,95.9,block
100.0,100.0,3.15,5.24,8.39,2,move_left,97.7,idle
34.0,61.0,1.0,7.6,8.6,0,punch,91.6,block
55.0,64.0,0.98,6.59,7.57,3,jump,93.9,idle
55.0,70.0,0.92,7.73,8.65,3,jump,93.3,idle
1.0,28.0,1.4,7.81,9.21,1,kick,87.4,idle
100.0,82.0,1.15,6.01,7.16,6,move_left,97.1,idle
79.0,91.0,0.42,6.77,7.19,0,idle,95.7,kick
64.0,52.0,0.98,7.05,8.03,0,idle,93.8,punch
10.0,61.0,0.18,7.84,8.02,0,punch,91.9,block
7.0,31.0,0.43,7.07,7.51,0,move_left,89.7,block
100.0,100.0,4.52,3.54,8.06,0,punch,96.6,move_right
55.0,76.0,0.53,7.03,7.56,2,idle,93.5,idle
22.0,73.0,0.61,6.54,7.15,0,punch,93.4,block
46.0,40.0,0.22,5.12,4.9,2,special,95.5,block
43.0,73.0,0.72,3.94,3.22,0,move_left,96.0,kick
16.0,76.0,0.12,8.98,9.1,0,move_left,90.8,move_right
100.0,100.0,2.36,5.03,7.39,0,punch,97.8,jump
100.0,100.0,2.82,3.18,6.0,0,punch,98.6,move_right
100.0,100.0,2.42,6.24,8.66,0,special,94.6,kick
49.0,58.0,0.77,4.94,5.7,0,block,95.5,block
34.0,76.0,1.31,4.09,5.4,3,punch,97.0,idle
1.0,58.0,0.15,8.95,8.8,0,special,89.6,block
100.0,100.0,2.15,4.25,6.4,0,special,97.5,jump
100.0,100.0,4.37,1.54,5.91,0,idle,98.4,move_right
58.0,43.0,1.61,3.45,5.06,0,punch,93.3,move_right
64.0,82.0,0.8,4.62,5.42,2,jump,96.6,idle
1.0,73.0,0.12,7.14,7.26,0,move_right,91.5,move_right
55.0,73.0,0.27,6.27,6.0,2,jump,91.8,idle
100.0,100.0,2.18,3.81,5.99,0,punch,97.3,move_right
67.0,31.0,0.96,7.82,8.78,1,kick,90.3,block
100.0,100.0,4.9,4.4,9.3,0,idle,97.7,move_right
4.0,64.0,0.1,9.04,9.13,0,move_right,88.2,move_right
85.0,94.0,1.18,6.19,7.37,0,punch,96.2,block
22.0,16.0,1.21,7.99,9.2,6,idle,91.4,idle
19.0,73.0,0.21,5.31,5.1,0,idle,91.3,move_left
91.0,88.0,1.57,4.02,5.59,0,punch,96.2,kick
85.0,82.0,1.19,4.29,5.48,1,idle,96.4,idle
10.0,61.0,0.26,8.84,8.58,0,jump,88.5,move_left
13.0,52.0,1.15,7.35,8.5,1,idle,93.6,idle
82.0,67.0,1.53,8.47,10.0,3,move_right,93.3,idle
43.0,79.0,1.84,3.85,5.68,1,idle,94.6,idle
76.0,64.0,1.48,4.04,5.52,0,block,95.4,punch
100.0,100.0,3.85,1.37,5.22,0,move_right,98.7,jump
82.0,100.0,1.62,7.0,8.62,0,kick,95.7,move_left
82.0,91.0,0.14,7.67,7.81,3,move_left,96.5,idle
28.0,67.0,0.33,4.93,5.26,0,block,94.8,move_right
13.0,28.0,0.13,5.47,5.59,3,block,91.3,idle
58.0,76.0,1.36,5.62,6.97,3,idle,94.8,idle
43.0,55.0,0.38,4.2,4.58,0,punch,94.1,block
100.0,100.0,1.57,7.17,8.74,3,special,97.2,idle
52.0,61.0,0.93,8.47,9.4,3,idle,92.0,idle
55.0,64.0,0.98,6.59,7.57,1,idle,94.1,idle
67.0,43.0,0.43,5.77,6.19,3,kick,94.1,block
94.0,94.0,1.4,6.75,8.15,3,punch,96.2,idle
10.0,73.0,0.18,5.61,5.43,0,jump,94.7,kick
100.0,94.0,1.22,8.18,9.4,5,idle,96.0,idle
100.0,91.0,0.86,4.27,5.13,0,jump,96.2,jump
67.0,79.0,1.12,7.22,8.34,0,move_left,92.9,kick
100.0,100.0,1.35,8.65,10.0,3,idle,95.6,idle
37.0,61.0,1.88,3.97,5.85,3,move_right,94.1,idle
100.0,100.0,3.36,3.52,6.88,0,jump,98.1,move_right
67.0,76.0,0.15,7.64,7.79,0,move_left,93.4,punch
76.0,64.0,0.75,8.65,9.4,3,move_right,93.2,idle
67.0,16.0,1.21,7.52,8.73,0,move_right,92.6,punch
94.0,82.0,1.22,7.73,8.95,1,idle,96.4,idle
58.0,82.0,0.23,6.43,6.66,3,punch,95.3,block
73.0,91.0,0.2,8.9,9.1,1,move_left,94.0,idle
73.0,73.0,1.57,5.11,6.68,3,punch,94.6,idle
100.0,100.0,2.26,6.12,8.38,0,idle,97.4,jump
52.0,55.0,1.26,5.8,7.06,0,kick,90.6,jump
67.0,34.0,0.08,8.42,8.5,0,idle,91.8,kick
100.0,100.0,3.42,4.8,8.22,0,punch,98.3,move_right
49.0,49.0,1.81,8.19,10.0,0,move_right,91.3,jump
100.0,100.0,2.32,6.23,8.56,0,block,97.0,move_right
91.0,85.0,1.61,5.36,6.98,0,jump,95.6,move_right
43.0,55.0,0.55,5.87,6.42,0,move_left,89.7,special
100.0,100.0,3.26,4.13,7.39,0,move_right,98.3,jump
31.0,79.0,0.18,5.69,5.52,0,idle,93.0,kick
100.0,100.0,2.45,4.51,6.96,0,jump,98.0,move_right
43.0,61.0,0.76,8.51,9.27,0,move_left,89.8,jump
100.0,100.0,7.76,2.24,10.0,0,move_right,98.1,jump
85.0,70.0,1.26,7.82,9.08,0,jump,92.3,block
100.0,100.0,1.39,5.54,6.94,3,punch,98.1,idle
4.0,61.0,0.04,3.55,3.51,0,move_left,94.0,special
94.0,100.0,1.57,6.95,8.52,1,punch,96.6,idle
94.0,82.0,0.68,7.71,8.39,0,move_left,95.4,punch
31.0,94.0,1.28,7.08,8.35,1,punch,97.0,idle
40.0,28.0,1.14,5.81,4.66,0,jump,90.9,move_left
100.0,76.0,1.9,6.32,8.22,6,move_right,95.8,idle
100.0,100.0,1.33,6.47,7.81,0,special,97.0,jump
13.0,58.0,0.04,9.17,9.13,0,punch,89.9,jump
85.0,88.0,1.86,5.32,7.18,3,move_right,96.2,idle
22.0,64.0,0.1,6.8,6.9,0,idle,94.0,move_right
100.0,100.0,6.76,1.01,7.77,0,kick,98.7,move_right
100.0,100.0,1.88,3.9,5.78,0,block,97.8,move_right
1.0,61.0,0.26,8.84,8.58,0,idle,88.1,move_left
88.0,73.0,1.57,5.11,6.68,3,punch,95.3,idle
49.0,52.0,0.36,5.81,6.16,2,jump,93.0,idle
100.0,100.0,1.44,3.7,5.14,6,move_left,98.8,idle
1.0,55.0,0.21,8.21,8.0,0,kick,90.0,block
4.0,52.0,0.08,6.97,7.05,0,kick,91.5,jump
100.0,100.0,1.23,4.63,5.86,0,move_left,98.2,kick
73.0,82.0,1.25,6.01,7.26,0,special,96.3,block
34.0,52.0,1.07,8.53,9.6,1,move_left,91.5,idle
100.0,100.0,6.08,3.62,9.7,0,move_left,98.4,jump
100.0,88.0,1.26,5.46,6.72,1,kick,95.6,idle
88.0,91.0,0.89,7.76,8.65,2,idle,95.4,idle
100.0,100.0,5.42,0.77,6.19,0,punch,98.4,jump
76.0,52.0,0.71,3.45,4.16,1,block,94.2,idle
10.0,7.0,0.51,6.18,5.66,0,move_left,86.7,special
79.0,55.0,1.18,8.52,9.7,3,block,92.6,idle
100.0,82.0,1.78,4.04,5.82,3,move_right,97.2,idle
82.0,73.0,0.93,8.47,9.4,1,idle,93.5,idle
100.0,100.0,2.74,4.64,7.38,0,move_left,97.3,move_right
100.0,100.0,4.83,2.52,7.35,0,kick,98.7,move_right
43.0,55.0,0.85,5.87,6.72,6,move_right,89.6,idle
55.0,88.0,1.67,4.84,6.51,3,move_right,94.4,idle
73.0,46.0,1.25,8.45,9.7,2,move_right,93.7,idle
37.0,76.0,0.19,4.22,4.41,0,move_right,94.7,punch
22.0,58.0,0.38,6.61,6.99,0,idle,91.1,move_right
70.0,76.0,1.36,7.58,8.93,0,punch,94.9,block
58.0,67.0,1.56,5.5,7.06,0,idle,92.3,kick
100.0,100.0,1.73,6.76,8.49,0,kick,97.8,move_right
55.0,82.0,0.93,8.47,9.4,0,punch,91.5,block
7.0,58.0,0.26,8.57,8.83,0,jump,89.5,move_right
16.0,61.0,1.06,8.94,10.0,0,punch,87.9,block
13.0,73.0,0.54,9.46,10.0,0,punch,91.9,block
73.0,94.0,1.22,6.84,8.06,2,jump,93.2,idle
40.0,64.0,0.07,6.43,6.36,0,idle,94.2,punch
58.0,76.0,1.4,6.31,7.71,0,idle,92.2,punch
52.0,61.0,0.63,8.47,9.1,1,move_left,91.8,idle
73.0,91.0,0.5,8.9,9.4,2,kick,94.1,block
100.0,100.0,3.58,5.2,8.77,0,block,98.9,jump
52.0,37.0,1.03,5.47,6.49,2,special,92.8,block
79.0,73.0,1.57,5.11,6.68,1,kick,94.7,kick
55.0,76.0,1.18,8.19,9.37,0,punch,91.1,block
94.0,46.0,1.87,8.13,10.0,4,kick,93.0,idle
52.0,94.0,0.33,4.63,4.96,2,punch,96.1,block
64.0,64.0,0.28,6.32,6.59,0,move_right,94.6,block
100.0,100.0,2.82,6.65,9.47,0,kick,98.3,move_right
100.0,82.0,1.36,7.74,9.1,0,idle,93.7,kick
37.0,25.0,1.59,6.48,8.06,2,jump,90.3,idle
100.0,94.0,1.34,5.23,6.57,1,block,97.8,idle
100.0,100.0,4.78,3.7,8.48,0,move_right,97.7,jump
43.0,49.0,0.48,8.32,8.8,1,punch,92.1,block
100.0,94.0,1.52,8.18,9.7,0,punch,96.3,idle
37.0,82.0,0.49,4.22,4.71,1,punch,95.2,block
10.0,67.0,0.27,6.35,6.08,4,idle,91.6,idle
34.0,37.0,0.3,6.91,7.2,3,idle,90.5,idle
52.0,46.0,0.74,7.67,8.41,3,move_left,92.5,idle
88.0,91.0,0.59,7.76,8.35,1,move_left,95.3,idle
16.0,25.0,1.34,5.93,4.6,0,idle,86.9,punch
100.0,100.0,4.95,4.16,9.11,0,kick,97.8,move_right
7.0,64.0,0.23,7.21,6.98,0,jump,92.2,move_left
100.0,100.0,2.06,2.95,5.01,0,jump,98.9,jump
4.0,40.0,0.3,8.5,8.2,0,move_right,89.5,kick
34.0,55.0,1.35,3.27,1.92,0,move_right,93.5,jump
100.0,100.0,1.74,7.32,9.05,0,idle,95.6,move_right
100.0,100.0,5.56,2.21,7.77,6,jump,98.2,idle
55.0,70.0,1.51,8.49,10.0,3,move_right,90.6,idle
100.0,100.0,4.3,3.4,7.7,0,kick,98.8,move_right
1.0,64.0,0.21,7.88,7.67,0,move_left,91.6,move_left
79.0,85.0,0.54,5.81,6.36,2,punch,94.2,block
88.0,82.0,0.92,7.73,8.65,2,punch,95.9,block
13.0,25.0,1.66,3.86,5.52,0,move_right,92.1,move_right
4.0,25.0,0.96,5.91,6.87,0,move_right,90.1,punch
19.0,13.0,0.18,5.21,5.04,1,move_right,89.7,idle
49.0,88.0,1.65,6.31,7.96,2,move_right,96.4,idle
100.0,100.0,2.9,4.51,7.41,0,punch,98.8,move_right
16.0,64.0,0.28,8.33,8.05,0,idle,91.1,move_left
100.0,100.0,7.09,2.61,9.7,2,move_left,98.0,move_right
13.0,13.0,1.64,4.48,2.84,0,move_left,88.3,punch
28.0,61.0,0.16,6.97,7.13,0,block,92.5,move_right
100.0,100.0,3.39,5.94,9.33,0,move_right,97.8,move_right
7.0,40.0,0.88,8.52,9.4,0,idle,88.1,jump
100.0,100.0,5.07,1.97,7.04,0,kick,97.8,move_right
100.0,100.0,4.05,5.66,9.71,0,move_right,97.3,move_right
7.0,25.0,0.52,7.43,7.96,4,kick,91.2,block
52.0,79.0,1.44,8.56,10.0,1,punch,92.8,idle
58.0,67.0,1.56,5.5,7.06,0,move_right,91.9,block
61.0,85.0,1.23,5.15,6.38,3,punch,96.3,idle
94.0,88.0,1.27,7.53,8.8,2,punch,96.4,idle
91.0,82.0,0.28,7.09,7.37,0,kick,96.1,block
31.0,64.0,1.1,4.62,5.72,1,punch,94.2,block
7.0,37.0,0.57,4.65,4.08,0,jump,91.5,punch
28.0,70.0,1.32,7.49,8.81,2,kick,94.2,idle
49.0,73.0,1.59,3.81,5.4,3,kick,94.9,idle
64.0,82.0,1.28,6.28,7.57,0,move_left,95.0,kick
100.0,100.0,2.52,2.21,4.74,0,idle,98.8,jump
100.0,91.0,1.92,5.5,7.42,2,move_right,97.5,idle
85.0,73.0,0.4,6.8,7.2,2,kick,95.7,block
94.0,100.0,1.35,5.41,6.76,0,special,98.6,jump
64.0,94.0,1.14,8.56,9.7,0,move_left,94.0,kick
55.0,73.0,0.36,5.62,5.98,0,jump,93.7,kick
73.0,85.0,1.52,7.01,8.53,2,punch,95.1,idle
100.0,100.0,3.92,4.74,8.66,0,move_right,95.4,move_right
52.0,61.0,0.33,8.47,8.8,3,move_left,91.6,idle
100.0,100.0,2.82,5.39,8.21,0,idle,97.4,move_right
16.0,73.0,1.09,5.82,6.91,0,punch,94.2,block
73.0,88.0,0.98,8.42,9.4,0,move_left,95.0,kick
10.0,16.0,1.49,5.19,6.68,0,move_right,92.2,kick
55.0,58.0,0.28,6.32,6.59,3,kick,94.4,block
100.0,100.0,2.44,6.48,8.92,0,special,98.0,jump
64.0,73.0,1.43,7.36,8.79,0,punch,94.9,idle
25.0,43.0,0.74,8.66,9.4,0,kick,89.1,block
28.0,79.0,0.02,7.78,7.8,0,kick,89.5,block
76.0,94.0,1.83,7.57,9.4,0,punch,94.2,jump
100.0,100.0,2.32,4.74,7.06,0,move_right,97.2,move_right
25.0,49.0,0.68,5.48,6.16,4,punch,94.0,block
85.0,100.0,1.15,7.6,8.75,0,move_left,94.2,kick
82.0,73.0,1.1,7.31,8.41,0,idle,95.0,block
100.0,91.0,1.88,6.45,8.33,2,move_right,96.5,idle
49.0,67.0,0.78,7.34,8.12,0,kick,93.9,block
94.0,85.0,0.04,4.27,4.23,0,punch,95.7,jump
61.0,82.0,1.37,7.63,9.0,2,kick,94.8,idle
94.0,70.0,1.28,7.05,8.33,3,move_left,95.1,idle
85.0,34.0,0.38,8.42,8.8,2,jump,92.1,idle
100.0,100.0,1.2,7.3,8.5,0,idle,95.9,kick
28.0,40.0,0.6,8.5,7.9,3,punch,90.2,block
88.0,73.0,1.29,4.95,6.24,3,jump,95.3,idle
43.0,70.0,1.95,6.91,8.86,1,block,95.3,idle
64.0,76.0,1.32,6.59,7.91,2,move_right,95.7,idle
100.0,100.0,4.88,3.57,8.44,0,move_right,98.3,move_right
10.0,43.0,1.51,8.19,9.7,0,move_right,88.0,kick
43.0,76.0,1.21,7.93,9.13,1,idle,94.3,idle
100.0,100.0,2.04,6.38,8.42,0,punch,98.1,move_right
1.0,64.0,0.12,9.09,9.21,0,punch,87.6,block
70.0,82.0,1.31,7.49,8.8,3,move_right,95.4,idle
100.0,100.0,2.92,5.33,8.26,0,move_right,97.4,move_right
73.0,64.0,1.89,6.81,8.7,0,move_right,95.6,move_right
79.0,73.0,1.29,4.95,6.24,2,kick,95.2,idle
1.0,16.0,0.37,8.43,8.8,2,punch,87.2,block
100.0,100.0,3.76,3.53,7.3,0,move_left,97.4,move_right
46.0,76.0,0.96,7.88,6.92,0,idle,93.4,jump
79.0,94.0,1.33,5.05,6.38,3,punch,97.2,idle
100.0,100.0,2.22,6.32,8.54,0,block,97.7,jump
94.0,70.0,1.55,4.53,6.08,0,idle,95.7,special
55.0,49.0,1.89,4.08,5.96,2,jump,95.3,idle
91.0,94.0,0.84,5.81,6.66,2,idle,95.7,idle
94.0,88.0,1.87,3.61,5.48,1,move_right,97.8,idle
10.0,73.0,0.08,9.92,10.0,0,move_right,92.7,move_right
25.0,52.0,0.0,7.3,7.3,0,idle,92.1,move_left
61.0,64.0,0.73,4.2,4.93,0,kick,95.1,block
70.0,58.0,0.17,4.26,4.43,2,jump,94.1,move_right
22.0,28.0,1.08,7.34,8.42,3,move_left,91.2,idle
61.0,73.0,1.56,5.76,7.32,2,kick,94.1,idle
100.0,100.0,3.85,4.65,8.5,0,idle,98.6,move_right
100.0,94.0,1.51,6.43,7.93,2,punch,97.9,idle
100.0,100.0,2.42,5.81,8.23,0,move_right,97.2,jump
100.0,100.0,3.76,4.32,8.08,0,move_right,98.1,move_right
73.0,94.0,1.58,3.67,5.25,2,special,97.3,idle
100.0,91.0,1.02,7.22,8.24,1,jump,97.0,idle
34.0,64.0,1.16,6.67,7.84,3,punch,92.8,block
100.0,100.0,5.54,4.46,10.0,0,move_right,95.9,move_right
100.0,94.0,1.09,6.28,7.37,0,special,97.3,jump
52.0,82.0,0.68,5.97,6.64,0,kick,93.5,block
100.0,100.0,2.35,6.7,9.05,0,kick,95.7,punch
70.0,67.0,1.14,5.81,6.96,2,punch,93.0,block
67.0,70.0,1.27,7.93,9.21,2,punch,95.8,idle
82.0,82.0,0.16,7.67,7.51,1,punch,96.1,block
55.0,88.0,0.64,6.44,7.08,4,move_right,93.0,idle
58.0,7.0,0.68,8.72,9.4,5,idle,91.1,idle
100.0,100.0,6.28,1.89,8.17,0,special,98.9,move_right
37.0,25.0,1.89,6.48,8.36,3,punch,90.1,kick
82.0,58.0,0.76,4.42,5.17,0,move_right,95.7,kick
43.0,58.0,0.49,7.71,8.2,0,kick,92.7,block
49.0,73.0,0.73,8.46,9.19,2,move_left,94.5,idle
1.0,85.0,0.18,6.38,6.2,0,idle,95.6,move_left
43.0,61.0,0.76,8.51,9.27,2,idle,89.5,idle
67.0,85.0,1.6,5.69,7.29,0,punch,93.6,block
58.0,88.0,1.62,7.0,8.62,0,jump,93.7,move_right
100.0,100.0,0.83,7.03,7.86,2,jump,96.6,idle
1.0,67.0,0.58,8.18,7.6,0,move_right,91.7,move_left
91.0,76.0,1.72,4.61,6.34,1,idle,98.4,idle
31.0,61.0,0.3,4.34,4.64,2,punch,90.9,move_left
52.0,61.0,0.93,5.82,6.75,3,punch,94.5,block
49.0,73.0,0.36,5.81,6.16,1,kick,94.0,block
100.0,100.0,5.53,3.74,9.27,0,move_right,98.5,move_right
55.0,88.0,1.66,4.87,6.53,1,move_right,97.1,idle
49.0,70.0,1.06,8.34,9.4,1,move_left,91.4,idle
43.0,37.0,0.54,7.01,7.54,0,block,93.1,kick
37.0,67.0,0.74,8.66,9.4,3,move_left,91.6,idle
70.0,43.0,1.42,7.74,9.16,2,move_right,91.4,idle
43.0,46.0,0.83,5.2,6.04,0,idle,93.9,block
73.0,100.0,1.83,4.63,6.46,0,kick,97.1,jump
73.0,73.0,1.21,8.19,9.4,0,kick,93.4,block
25.0,31.0,1.25,4.83,6.08,0,special,93.1,block
79.0,25.0,0.01,5.55,5.56,1,move_right,91.0,idle
85.0,82.0,1.19,4.29,5.48,2,kick,96.5,block
34.0,76.0,1.57,7.25,8.82,0,move_right,93.7,punch
100.0,100.0,5.7,1.9,7.6,0,jump,98.9,jump
100.0,94.0,2.34,6.0,8.34,0,move_right,97.4,move_right
100.0,100.0,3.42,2.62,6.04,0,block,98.6,move_right
100.0,100.0,4.93,4.1,9.03,0,block,98.0,move_right
22.0,55.0,0.37,7.67,7.3,3,move_left,90.8,idle
58.0,76.0,1.36,8.34,9.7,0,punch,91.9,block
100.0,100.0,4.83,2.75,7.58,0,idle,99.0,move_right
73.0,58.0,0.77,4.94,5.7,0,punch,95.9,jump
100.0,100.0,4.52,3.24,7.76,0,special,97.6,jump
40.0,46.0,0.24,5.81,5.56,2,punch,91.9,block
25.0,52.0,0.3,8.8,9.1,0,move_right,91.1,move_right
37.0,85.0,1.22,7.44,8.66,3,punch,91.0,idle
31.0,76.0,0.53,7.03,7.56,5,move_right,92.3,jump
100.0,94.0,1.14,8.54,9.68,1,idle,96.7,idle
1.0,64.0,0.48,9.39,8.91,0,move_left,87.0,move_left
55.0,88.0,1.54,3.25,4.78,5,kick,96.6,idle
85.0,79.0,1.34,5.53,6.87,0,special,95.1,block
40.0,61.0,1.59,6.41,8.0,1,move_right,93.2,idle
100.0,100.0,1.4,8.6,10.0,3,idle,95.2,idle
100.0,100.0,4.45,3.4,7.85,2,idle,97.5,idle
100.0,100.0,2.34,6.08,8.42,0,special,98.2,move_right
100.0,100.0,7.67,1.61,9.28,0,idle,98.8,move_right
76.0,82.0,1.8,5.71,7.5,0,move_right,93.8,move_right
43.0,79.0,0.98,5.18,6.16,0,jump,95.4,punch
100.0,100.0,3.7,3.32,7.02,0,kick,97.7,move_right
49.0,49.0,1.59,4.98,6.56,1,punch,94.2,idle
85.0,100.0,1.09,4.24,5.34,3,kick,98.5,block
100.0,100.0,2.82,3.7,6.52,0,move_right,98.3,move_right
100.0,100.0,3.23,5.86,9.09,0,block,98.4,move_right
100.0,94.0,1.34,8.66,10.0,3,idle,94.4,idle
82.0,100.0,1.64,6.77,8.41,0,kick,97.3,move_right
43.0,64.0,0.68,7.71,8.39,2,special,93.6,move_left
58.0,94.0,1.58,4.71,6.29,1,idle,95.9,idle
22.0,43.0,0.14,8.51,8.37,0,jump,86.5,special
100.0,100.0,2.76,4.31,7.06,0,jump,97.9,jump
37.0,52.0,1.51,6.79,8.3,0,move_left,94.3,move_right
82.0,73.0,0.93,8.47,9.4,4,idle,93.8,idle
61.0,70.0,2.1,3.74,5.84,1,move_right,93.6,idle
40.0,64.0,1.04,7.13,6.1,0,idle,90.4,block
67.0,91.0,0.45,6.81,7.25,0,jump,94.9,block
79.0,49.0,1.18,8.5,9.67,0,kick,94.2,block
61.0,58.0,0.64,8.54,7.9,5,special,93.4,block
94.0,94.0,1.2,4.34,5.54,2,punch,97.3,idle
1.0,43.0,0.65,6.01,6.66,0,kick,93.8,block
70.0,73.0,1.43,7.36,8.79,0,kick,95.1,block
19.0,79.0,0.81,4.85,5.65,4,kick,93.1,block
13.0,67.0,0.14,9.4,9.26,0,idle,91.4,move_left
94.0,94.0,1.17,7.18,8.35,3,move_left,95.8,idle
82.0,100.0,1.04,5.19,6.22,0,move_left,97.2,kick
64.0,91.0,1.21,5.39,6.6,0,punch,95.4,block
10.0,25.0,1.27,8.43,9.7,1,kick,88.5,idle
100.0,100.0,3.78,5.08,8.86,6,idle,97.5,idle
79.0,31.0,0.59,5.55,4.96,4,move_right,91.7,idle
100.0,100.0,5.23,3.82,9.04,0,kick,98.3,move_right
37.0,67.0,1.76,7.97,9.73,3,move_right,92.5,idle
100.0,91.0,1.56,6.82,8.38,3,punch,96.1,idle
76.0,73.0,0.98,6.89,7.87,0,punch,95.2,block
37.0,61.0,0.6,4.34,4.94,2,move_left,92.1,jump
100.0,100.0,7.32,1.59,8.91,0,move_left,97.8,move_right
100.0,100.0,3.65,5.45,9.1,0,move_left,98.1,jump
43.0,82.0,0.57,5.94,6.51,1,block,94.5,idle
61.0,67.0,0.86,7.97,8.83,0,kick,93.6,jump
100.0,100.0,5.99,3.55,9.53,0,punch,97.9,move_right
16.0,70.0,0.12,5.39,5.52,0,kick,92.4,move_right
88.0,91.0,1.02,6.77,7.79,3,punch,96.1,block
13.0,64.0,0.97,6.01,6.98,0,move_right,92.8,move_right
55.0,61.0,0.33,4.65,4.98,1,punch,94.5,block
100.0,100.0,5.42,0.77,6.19,0,punch,98.6,move_left
94.0,100.0,1.6,6.7,8.3,2,punch,97.1,idle
76.0,64.0,0.98,5.71,6.69,1,move_left,95.6,idle
100.0,100.0,1.76,6.77,8.53,0,special,96.6,move_right
100.0,82.0,1.62,4.6,6.22,4,kick,97.5,idle
76.0,64.0,0.68,5.71,6.39,0,move_left,95.5,jump
61.0,73.0,2.16,5.76,7.92,0,move_right,93.8,move_right
31.0,25.0,1.03,6.8,7.83,3,idle,92.5,idle
100.0,100.0,4.58,2.99,7.57,0,kick,98.3,move_right
55.0,25.0,0.16,4.42,4.57,1,punch,93.1,block
100.0,100.0,2.19,3.51,5.7,0,jump,97.3,move_left
58.0,49.0,0.62,8.48,9.1,3,move_left,91.0,idle
52.0,49.0,0.22,7.43,7.66,2,move_left,92.1,idle
13.0,70.0,0.19,8.57,8.77,0,kick,93.7,block
67.0,82.0,0.29,4.77,5.06,3,move_left,96.4,idle
16.0,82.0,0.38,8.28,8.65,0,move_right,95.5,move_right
100.0,85.0,1.33,5.98,7.31,0,move_right,96.3,punch
46.0,46.0,1.2,7.4,8.6,2,jump,93.1,idle
100.0,100.0,5.53,4.04,9.57,0,move_right,98.4,move_right
67.0,76.0,1.7,6.01,7.71,0,jump,92.5,move_right
100.0,100.0,2.81,3.86,6.68,0,punch,97.1,move_right
28.0,64.0,0.87,6.47,7.34,0,move_right,91.0,block
100.0,100.0,2.61,2.45,5.05,0,special,98.4,jump
4.0,64.0,0.79,4.22,5.01,1,special,93.9,block
70.0,79.0,0.14,7.13,7.0,2,punch,93.3,block
79.0,73.0,0.99,4.95,5.94,0,move_left,95.0,punch
70.0,100.0,0.83,6.43,7.26,0,move_left,95.8,kick
7.0,55.0,0.03,6.28,6.25,0,idle,89.9,move_left
49.0,34.0,0.76,3.56,4.32,1,move_left,93.7,idle
100.0,100.0,5.83,3.44,9.27,0,move_left,98.7,jump
100.0,100.0,5.4,1.21,6.6,0,jump,98.2,move_right
58.0,64.0,0.59,4.77,5.36,5,move_right,95.0,idle
85.0,70.0,1.56,7.82,9.38,0,punch,92.7,kick
37.0,46.0,0.38,7.05,7.43,6,punch,92.4,block
43.0,34.0,0.1,6.91,6.81,3,block,93.6,idle
43.0,88.0,1.28,4.71,5.99,0,move_left,95.4,punch
22.0,46.0,1.21,7.15,8.36,1,move_right,87.5,idle
37.0,46.0,0.96,7.0,7.96,4,punch,87.8,block
70.0,85.0,0.29,7.76,8.05,0,punch,94.2,move_right
79.0,52.0,0.69,6.6,7.29,0,punch,94.7,jump
49.0,46.0,1.92,6.0,7.92,0,move_right,94.1,move_right
55.0,70.0,0.82,6.58,5.77,1,move_left,93.3,idle
100.0,100.0,6.51,1.87,8.37,0,idle,98.6,move_right
13.0,67.0,0.03,7.29,7.27,0,move_left,92.1,move_right
73.0,85.0,1.06,3.86,4.92,0,idle,97.5,special
100.0,76.0,0.97,8.13,9.1,0,move_right,95.1,kick
100.0,100.0,5.3,2.9,8.2,0,move_right,98.4,move_right
46.0,82.0,1.25,5.75,7.0,3,special,95.0,idle
70.0,79.0,1.53,6.0,7.52,0,move_right,94.7,kick
16.0,73.0,0.42,6.24,6.66,0,move_right,93.5,move_right
61.0,73.0,1.86,6.36,8.22,0,special,92.8,move_right
49.0,76.0,0.78,6.58,7.36,4,jump,93.5,idle
100.0,100.0,3.3,5.12,8.42,0,punch,97.2,move_right
100.0,100.0,1.58,4.41,5.99,0,idle,96.9,kick
61.0,79.0,0.51,4.85,5.35,2,special,94.4,block
43.0,61.0,1.06,6.42,7.48,0,move_left,92.4,kick
19.0,67.0,0.93,5.37,6.3,0,punch,93.4,block
43.0,55.0,0.68,7.41,8.09,0,idle,92.9,jump
49.0,37.0,0.1,8.6,8.5,6,move_right,91.6,idle
100.0,100.0,6.04,1.94,7.98,0,special,98.4,jump
76.0,73.0,1.76,7.37,9.13,0,punch,94.6,move_right
55.0,73.0,0.12,4.91,5.04,1,idle,93.4,idle
70.0,67.0,0.31,8.81,8.5,1,special,93.3,block
73.0,76.0,0.56,4.56,5.12,1,kick,95.4,block
100.0,100.0,1.4,7.01,8.41,1,block,96.3,idle
100.0,100.0,6.34,1.89,8.23,1,jump,98.7,idle
40.0,61.0,0.45,7.64,7.19,1,idle,91.5,special
28.0,61.0,0.76,6.97,7.73,3,punch,93.2,block
67.0,88.0,0.97,4.02,4.99,0,punch,94.9,block
70.0,76.0,1.15,5.17,6.32,1,idle,96.6,idle
100.0,100.0,3.97,5.83,9.81,0,punch,98.3,move_right
61.0,79.0,1.4,8.6,10.0,1,kick,93.6,idle
61.0,91.0,1.12,7.32,8.45,3,move_right,94.2,idle
91.0,76.0,1.22,5.99,7.2,0,jump,94.6,block
55.0,61.0,0.2,8.6,8.8,1,jump,92.6,idle
100.0,100.0,2.83,7.12,9.94,0,jump,96.1,move_right
67.0,79.0,0.42,8.19,8.61,0,kick,91.2,block
43.0,34.0,1.29,6.48,7.76,6,move_left,91.5,idle
94.0,94.0,1.9,5.74,7.63,2,move_right,96.1,idle
88.0,94.0,1.5,4.34,5.84,1,idle,96.0,idle
100.0,100.0,2.38,3.14,5.52,0,jump,98.1,move_right
91.0,88.0,1.42,6.32,7.74,3,jump,95.8,idle
52.0,85.0,0.66,7.88,7.22,0,move_right,93.9,block
85.0,85.0,1.47,5.27,6.74,6,move_right,95.6,idle
82.0,82.0,1.42,7.13,8.56,0,special,94.5,block
22.0,64.0,0.62,8.33,8.95,0,jump,92.3,move_right
28.0,70.0,1.32,7.79,9.11,0,jump,93.8,move_right
28.0,49.0,1.47,8.17,6.7,0,punch,89.8,block
76.0,79.0,0.26,4.27,4.53,0,move_right,95.2,kick
100.0,94.0,1.6,5.14,6.73,3,block,98.0,idle
25.0,58.0,1.51,7.93,9.43,2,kick,93.7,idle
100.0,100.0,4.09,5.91,10.0,0,block,96.8,move_right
46.0,46.0,0.88,4.04,4.92,1,punch,94.2,block
85.0,85.0,0.01,5.55,5.56,0,idle,93.9,punch
43.0,79.0,1.67,5.74,7.41,0,move_left,92.7,move_right
91.0,100.0,1.44,3.7,5.14,0,move_left,97.6,kick
100.0,100.0,2.28,5.84,8.12,0,move_right,96.5,move_right
55.0,79.0,1.88,3.97,5.85,2,special,94.7,idle
100.0,91.0,1.28,6.45,7.73,0,move_left,96.7,punch
100.0,100.0,3.56,3.67,7.24,0,jump,98.8,move_right
46.0,58.0,1.51,6.79,8.3,0,punch,94.8,block
37.0,55.0,1.02,4.98,6.0,2,jump,93.1,idle
64.0,85.0,1.28,3.67,4.95,1,move_right,96.6,idle
52.0,73.0,1.8,5.44,7.24,0,move_right,94.2,move_right
85.0,94.0,1.08,7.24,8.32,1,kick,96.0,kick
52.0,85.0,1.05,6.81,7.85,3,kick,94.3,block
64.0,49.0,1.22,8.48,9.7,1,kick,91.6,idle
31.0,76.0,0.07,7.03,6.96,0,kick,92.6,block
76.0,49.0,0.46,4.42,4.87,0,punch,95.3,jump
94.0,88.0,1.09,7.71,8.8,0,move_left,94.8,punch
19.0,67.0,0.27,4.93,4.66,0,jump,94.0,move_left
70.0,82.0,1.58,6.28,7.87,0,punch,95.4,punch
34.0,76.0,1.53,8.47,10.0,1,punch,89.7,jump
76.0,79.0,1.72,7.22,8.94,2,idle,94.4,idle
79.0,31.0,0.94,4.43,5.37,0,move_right,93.2,block
100.0,100.0,2.82,5.4,8.22,0,punch,98.1,move_right
94.0,73.0,0.4,6.8,7.2,3,idle,95.8,idle
34.0,46.0,0.3,6.91,7.2,0,jump,90.6,kick
100.0,100.0,4.8,1.81,6.6,0,punch,97.9,move_right
22.0,61.0,0.34,7.94,8.28,0,move_left,89.6,move_right
76.0,100.0,1.37,3.94,5.31,0,punch,96.9,block
100.0,100.0,1.23,5.07,6.3,2,move_left,97.1,idle
52.0,73.0,0.72,8.15,8.87,0,jump,96.1,special
34.0,55.0,1.18,7.69,8.87,0,move_right,91.8,punch
61.0,67.0,0.91,6.79,7.7,3,kick,95.5,block
52.0,94.0,0.03,4.63,4.66,1,move_left,96.0,idle
31.0,46.0,0.73,7.07,7.81,0,kick,91.8,jump
34.0,49.0,1.18,7.69,8.87,2,idle,91.6,idle
64.0,76.0,0.56,4.56,5.12,3,kick,94.8,block
58.0,73.0,0.88,7.69,8.57,0,punch,93.0,block
100.0,100.0,3.44,6.26,9.7,3,kick,96.7,idle
16.0,37.0,0.91,7.15,8.06,0,punch,86.6,block
61.0,58.0,0.94,8.54,7.6,2,move_left,92.4,idle
88.0,82.0,1.46,8.54,10.0,0,move_right,95.7,kick
13.0,79.0,1.35,6.81,8.15,1,block,93.0,idle
16.0,1.0,1.12,6.62,7.74,2,move_right,89.2,idle
64.0,37.0,0.32,5.99,6.3,1,punch,90.8,block
100.0,100.0,3.28,4.59,7.87,0,block,97.4,move_right
91.0,82.0,1.82,4.79,6.6,3,move_right,96.0,idle
91.0,82.0,0.55,6.01,6.56,3,move_left,96.8,idle
7.0,82.0,0.27,5.34,5.61,0,idle,92.7,move_right
73.0,85.0,1.22,7.01,8.23,5,punch,95.4,idle
73.0,85.0,1.22,7.01,8.23,6,idle,95.5,idle
61.0,70.0,0.98,7.71,8.69,0,punch,94.4,block
55.0,46.0,1.23,6.9,8.12,2,idle,92.9,idle
40.0,7.0,1.82,5.99,7.8,1,jump,88.5,idle
28.0,61.0,1.47,6.0,7.47,2,jump,95.1,idle
22.0,13.0,0.64,4.43,5.07,0,block,91.6,kick
94.0,91.0,2.39,3.39,5.78,1,move_right,97.5,idle
85.0,79.0,1.64,5.23,6.87,1,move_right,95.4,idle
67.0,73.0,1.16,8.24,9.4,3,kick,92.4,block
85.0,91.0,1.56,7.12,8.68,3,kick,95.6,idle
37.0,61.0,1.02,4.98,6.0,1,move_right,93.5,idle
79.0,91.0,1.17,6.3,7.47,0,block,96.7,punch
67.0,91.0,0.68,5.18,5.86,3,move_left,97.5,idle
100.0,100.0,2.1,6.62,8.72,0,idle,96.6,jump
22.0,19.0,0.71,4.05,4.76,1,idle,89.7,idle
31.0,67.0,0.56,4.56,5.12,0,block,93.6,kick
100.0,100.0,2.95,5.5,8.45,0,kick,96.2,move_right
70.0,76.0,1.36,7.6,8.96,4,punch,94.4,idle
94.0,100.0,0.61,5.55,6.16,2,punch,95.4,block
100.0,100.0,1.28,7.27,8.55,3,kick,95.0,idle
49.0,67.0,0.91,8.19,9.1,3,kick,92.8,block
73.0,52.0,1.55,4.53,6.08,3,punch,94.9,punch
37.0,7.0,0.6,8.8,9.4,2,move_left,90.9,idle
100.0,100.0,4.7,3.75,8.45,0,punch,98.0,move_right
49.0,43.0,1.31,3.75,5.06,0,jump,92.8,block
58.0,55.0,0.99,8.27,9.27,4,move_left,95.3,idle
58.0,88.0,1.32,7.0,8.32,2,move_right,94.0,idle
58.0,85.0,1.44,8.56,10.0,0,jump,93.6,punch
52.0,70.0,1.44,8.56,10.0,0,punch,92.2,block
4.0,19.0,0.64,8.54,7.9,2,jump,89.5,idle
64.0,82.0,1.25,5.75,7.0,0,move_left,95.1,kick
100.0,100.0,4.0,3.7,7.7,0,block,98.7,move_right
100.0,100.0,2.18,3.6,5.78,0,move_right,97.9,move_right
100.0,100.0,6.26,3.44,9.7,0,kick,97.5,move_right
100.0,100.0,2.18,6.07,8.25,2,kick,95.9,idle
100.0,100.0,4.92,3.39,8.31,0,punch,97.2,move_right
1.0,73.0,0.12,5.02,5.14,0,punch,93.5,block
100.0,100.0,1.83,4.77,6.6,0,move_left,97.4,move_right
34.0,13.0,1.07,7.62,8.7,1,move_left,90.2,idle
82.0,67.0,1.09,6.14,7.24,6,punch,95.6,block
16.0,64.0,0.58,8.93,8.35,0,move_left,91.5,move_left
100.0,100.0,2.92,4.43,7.36,0,kick,98.0,jump
100.0,100.0,3.42,4.82,8.24,0,kick,98.2,move_right
10.0,64.0,0.12,8.99,9.11,0,idle,92.5,move_right
58.0,67.0,0.93,5.82,6.75,0,punch,94.7,block
25.0,40.0,1.34,8.66,10.0,2,punch,88.7,idle
100.0,100.0,2.78,4.28,7.06,0,special,98.7,move_right
64.0,40.0,0.13,4.56,4.43,0,move_right,93.1,kick
100.0,100.0,6.14,3.56,9.7,0,move_right,96.3,move_right
43.0,70.0,1.05,7.21,8.26,1,move_right,94.6,idle
46.0,58.0,0.68,6.59,7.27,0,punch,93.0,block
49.0,64.0,0.6,8.5,9.1,1,jump,92.1,idle
100.0,100.0,6.31,1.57,7.88,0,idle,99.0,move_right
76.0,85.0,1.48,7.39,8.87,2,kick,94.6,idle
100.0,100.0,1.29,8.34,9.63,2,move_left,96.3,idle
25.0,19.0,0.82,6.62,7.44,4,punch,89.8,block
46.0,82.0,0.99,6.38,7.37,0,punch,94.3,block
52.0,70.0,0.15,7.64,7.49,3,jump,92.5,idle
10.0,73.0,0.38,9.62,10.0,0,move_right,92.9,move_right
28.0,79.0,0.02,7.18,7.2,0,move_right,90.1,move_right
10.0,19.0,0.98,7.79,8.77,0,move_left,89.2,kick
34.0,76.0,1.53,8.47,10.0,0,move_right,90.1,block
100.0,100.0,3.59,5.66,9.25,0,move_left,97.3,move_right
52.0,55.0,1.26,5.8,7.06,1,jump,90.9,idle
85.0,79.0,0.29,5.55,5.26,3,move_left,93.8,idle
100.0,100.0,1.06,7.61,8.67,0,move_left,94.3,block
100.0,82.0,1.5,5.41,6.9,4,idle,95.8,idle
19.0,55.0,0.04,6.83,6.79,0,kick,92.4,block
100.0,100.0,6.15,3.26,9.41,0,jump,98.1,move_right
100.0,94.0,1.6,5.72,7.32,3,kick,96.5,idle
22.0,61.0,0.1,8.8,8.9,0,move_right,90.6,move_right
58.0,46.0,0.44,7.67,8.11,2,move_right,93.2,jump
40.0,13.0,1.52,5.99,7.5,2,punch,89.0,idle
100.0,100.0,2.08,7.0,9.08,0,punch,96.4,move_right
31.0,58.0,0.58,6.32,6.89,0,move_right,93.5,punch
40.0,40.0,1.44,4.0,5.44,0,jump,93.5,kick
28.0,61.0,0.14,9.38,9.23,0,jump,92.0,move_left
100.0,100.0,2.37,4.67,7.04,0,block,96.8,move_right
100.0,100.0,9.48,0.44,9.92,0,idle,99.0,jump
100.0,100.0,1.69,4.92,6.61,0,move_right,98.6,move_right
55.0,82.0,0.44,8.66,9.1,3,punch,92.4,block
88.0,100.0,1.6,5.99,7.59,6,punch,94.7,idle
100.0,100.0,1.8,4.04,5.84,0,idle,97.9,jump
100.0,100.0,3.78,4.04,7.82,0,move_left,97.2,move_right
100.0,79.0,1.63,5.98,7.61,2,move_right,96.1,idle
85.0,61.0,0.73,5.98,6.71,2,kick,95.4,block
10.0,43.0,1.21,8.49,9.7,3,jump,88.3,idle
82.0,94.0,1.4,6.32,7.72,3,special,97.8,idle
22.0,52.0,0.91,9.09,10.0,3,special,89.2,punch
37.0,46.0,1.86,6.7,8.56,0,punch,89.0,move_right
76.0,88.0,1.56,5.32,6.88,1,jump,95.6,idle
76.0,88.0,0.97,4.02,4.99,1,punch,95.1,block
49.0,67.0,1.37,7.93,9.3,2,special,93.4,idle
7.0,25.0,1.2,7.1,8.3,1,idle,90.2,idle
25.0,7.0,0.1,8.6,8.5,0,move_left,88.3,special
49.0,43.0,1.01,4.05,5.06,1,kick,91.8,block
100.0,100.0,2.93,3.99,6.92,0,kick,97.5,move_right
100.0,100.0,5.44,2.24,7.68,0,jump,98.2,move_right
13.0,67.0,0.27,7.29,7.57,0,punch,92.4,block
58.0,82.0,0.52,7.43,7.96,0,punch,93.3,block
100.0,94.0,1.81,7.03,8.83,0,kick,97.4,move_right
64.0,82.0,0.42,4.91,5.34,0,move_left,94.7,block
100.0,100.0,2.98,5.12,8.09,0,idle,98.3,move_right
100.0,91.0,1.55,8.15,9.7,0,idle,96.5,jump
100.0,100.0,5.74,1.94,7.68,0,move_left,98.3,move_right
70.0,73.0,0.66,5.62,6.28,3,block,94.6,idle
16.0,61.0,0.27,7.2,7.47,0,idle,93.7,move_right
1.0,37.0,0.57,4.65,4.08,3,punch,91.4,block
28.0,37.0,0.83,7.66,8.49,6,kick,91.5,block
25.0,25.0,1.64,6.23,4.6,0,idle,87.4,jump
100.0,100.0,2.99,6.85,9.83,0,special,96.3,move_right
40.0,85.0,1.23,5.15,6.38,0,idle,94.8,kick
16.0,22.0,0.75,3.87,4.62,0,move_right,92.5,kick
100.0,76.0,1.54,4.43,5.97,3,idle,96.6,idle
82.0,91.0,0.58,3.68,4.26,0,punch,96.3,block
10.0,13.0,0.78,7.34,8.12,1,move_left,89.7,idle
94.0,94.0,1.35,5.41,6.76,1,punch,98.2,idle
13.0,67.0,0.16,9.1,9.26,0,idle,91.5,move_right
31.0,52.0,0.58,6.32,6.89,3,jump,93.4,idle
76.0,79.0,0.83,7.07,7.9,3,punch,95.0,block
100.0,100.0,6.08,3.92,10.0,0,move_right,98.2,jump
46.0,43.0,0.02,8.48,8.5,3,jump,90.4,idle
100.0,94.0,1.5,8.5,10.0,2,special,95.1,idle
100.0,100.0,5.17,4.58,9.75,0,idle,98.1,move_right
100.0,100.0,1.74,7.94,9.68,0,move_right,97.2,move_right
25.0,76.0,1.31,4.09,5.4,0,move_right,95.9,move_right
76.0,100.0,1.88,5.97,7.84,2,move_right,95.9,idle
73.0,94.0,1.59,4.08,5.66,0,kick,98.1,block
61.0,70.0,1.6,6.92,8.51,4,jump,95.4,idle
61.0,82.0,0.45,3.87,4.32,2,move_left,97.3,idle
100.0,91.0,1.46,4.26,5.72,0,idle,96.4,block
43.0,34.0,0.4,6.91,6.51,1,move_left,93.8,idle
1.0,64.0,0.18,9.39,9.21,0,jump,87.2,move_left
61.0,76.0,1.01,7.79,8.8,0,move_left,94.6,punch
100.0,100.0,1.48,5.81,7.3,0,jump,96.9,kick
100.0,100.0,2.84,5.26,8.1,0,move_left,98.6,move_right
94.0,85.0,1.23,8.47,9.7,2,special,93.6,idle
55.0,82.0,1.67,7.63,9.3,0,kick,94.5,move_right
100.0,100.0,2.18,5.77,7.95,0,punch,96.5,move_right
52.0,43.0,0.09,6.7,6.79,3,jump,90.7,idle
100.0,100.0,4.88,1.71,6.59,0,jump,98.6,move_right
49.0,73.0,1.63,8.16,9.79,0,punch,94.8,move_right
73.0,64.0,0.95,6.01,6.96,3,idle,95.7,idle
7.0,58.0,0.26,8.87,9.13,0,idle,88.9,move_right
34.0,58.0,1.37,8.23,9.6,1,jump,92.4,idle
100.0,94.0,1.59,4.07,5.66,2,kick,97.8,idle
100.0,100.0,2.03,4.0,6.04,0,punch,98.5,move_right
100.0,100.0,1.5,8.5,10.0,0,move_right,95.7,kick
19.0,49.0,0.56,8.54,9.1,0,move_left,92.6,move_right
100.0,100.0,0.98,4.82,5.8,0,idle,99.0,move_right
100.0,100.0,3.77,1.86,5.63,0,idle,97.8,move_right
100.0,100.0,2.62,5.42,8.04,0,kick,97.6,jump
28.0,22.0,0.75,3.87,4.62,3,move_right,93.7,idle
4.0,70.0,0.5,6.59,6.09,0,kick,89.5,jump
100.0,100.0,1.5,4.54,6.04,0,special,97.3,block
100.0,100.0,2.3,7.1,9.4,0,jump,97.1,move_right
40.0,61.0,1.0,7.6,8.6,2,idle,91.8,idle
25.0,49.0,0.61,8.81,8.2,1,move_right,91.5,idle
67.0,73.0,1.03,4.2,5.23,0,move_left,95.9,kick
100.0,100.0,4.51,4.82,9.33,0,idle,98.9,move_right
16.0,7.0,0.28,4.04,4.32,6,jump,92.3,idle
1.0,73.0,0.12,3.94,3.82,0,kick,93.9,block
79.0,82.0,0.75,3.87,4.62,0,punch,97.6,block
76.0,85.0,0.42,8.19,8.61,3,move_left,91.9,idle
94.0,94.0,1.22,8.18,9.4,4,punch,95.9,idle
100.0,100.0,1.69,5.68,7.37,0,punch,98.1,move_right
100.0,100.0,3.6,1.64,5.24,0,idle,99.0,jump
100.0,100.0,3.99,2.01,6.0,0,move_left,97.9,move_right
91.0,82.0,1.39,6.47,7.87,5,kick,97.4,idle
49.0,61.0,1.0,7.6,8.6,2,jump,92.2,idle
100.0,100.0,1.55,7.55,9.1,0,punch,97.2,block
73.0,49.0,1.59,4.95,6.54,2,move_right,93.2,idle
100.0,100.0,5.84,4.16,10.0,0,move_right,96.0,move_right
100.0,100.0,3.12,2.92,6.04,0,punch,98.5,move_right
58.0,58.0,0.85,7.35,8.2,4,kick,94.4,block
52.0,94.0,1.04,5.19,6.22,0,idle,95.9,kick
85.0,100.0,1.53,5.07,6.6,3,punch,96.3,idle
1.0,73.0,0.07,4.02,4.09,0,jump,92.2,move_right
40.0,46.0,1.13,5.49,6.62,0,kick,92.6,punch
19.0,55.0,0.43,4.71,4.28,0,move_left,93.4,move_left
100.0,100.0,6.4,2.9,9.3,0,punch,98.3,move_right
82.0,100.0,1.22,6.84,8.06,0,move_left,93.4,punch
100.0,100.0,7.06,0.71,7.77,0,move_left,98.8,move_right
67.0,67.0,1.03,6.5,7.53,3,idle,95.6,idle
85.0,100.0,0.8,4.62,5.42,3,idle,97.8,idle
49.0,7.0,0.38,8.42,8.8,1,kick,90.6,block
64.0,85.0,0.53,7.03,7.56,0,block,93.7,kick
49.0,82.0,0.93,8.47,9.4,0,punch,91.3,block
100.0,94.0,1.07,4.26,5.33,1,jump,95.8,idle
94.0,82.0,0.82,7.13,7.96,3,idle,95.4,idle
61.0,88.0,1.6,6.92,8.51,0,kick,96.2,punch
25.0,73.0,0.94,4.15,5.08,0,jump,93.8,move_right
85.0,100.0,1.83,5.37,7.2,0,jump,95.8,jump
94.0,67.0,2.2,7.52,9.72,0,punch,93.9,move_right
7.0,40.0,0.88,8.52,9.4,5,punch,88.6,block
10.0,73.0,0.11,8.86,8.74,0,jump,90.9,move_left
43.0,25.0,1.42,7.44,8.86,0,special,89.9,block
7.0,61.0,0.26,4.27,4.53,0,special,93.8,block
100.0,100.0,1.58,5.18,6.76,0,move_left,98.3,special
46.0,61.0,1.4,6.75,8.15,0,move_right,92.7,kick
100.0,100.0,4.99,3.76,8.74,0,jump,98.6,move_right
61.0,82.0,1.31,7.49,8.8,1,kick,95.2,idle
34.0,49.0,0.38,4.2,4.58,3,kick,93.8,block
37.0,61.0,1.02,4.98,6.0,0,idle,93.3,punch
91.0,100.0,1.14,8.56,9.7,2,move_left,96.3,idle
61.0,70.0,1.83,6.0,7.82,0,jump,94.2,jump
100.0,100.0,3.38,4.19,7.57,0,punch,97.9,move_right
55.0,52.0,1.2,7.4,8.6,0,idle,93.3,punch
100.0,100.0,3.72,3.89,7.61,0,special,98.0,move_right
40.0,31.0,0.44,4.78,4.34,6,jump,90.5,idle
100.0,100.0,2.65,3.73,6.38,0,special,97.6,move_right
19.0,22.0,0.48,5.21,4.74,1,idle,90.1,idle
46.0,73.0,0.45,4.17,3.72,1,jump,95.3,idle
28.0,31.0,1.29,5.55,6.84,1,move_right,90.6,idle
76.0,82.0,1.5,6.01,7.5,0,kick,93.7,jump
28.0,73.0,0.39,4.41,4.8,0,kick,92.6,jump
25.0,43.0,1.51,8.49,10.0,2,kick,89.6,idle
67.0,79.0,1.6,5.69,7.29,3,idle,93.4,idle
94.0,94.0,0.47,4.71,5.18,0,jump,97.3,block
37.0,58.0,0.44,8.66,9.1,0,move_left,90.9,punch
91.0,88.0,1.57,4.02,5.59,1,kick,96.3,idle
67.0,73.0,1.12,6.32,7.44,2,punch,92.7,punch
100.0,82.0,1.18,6.32,7.49,5,move_left,97.7,idle
100.0,100.0,2.68,2.48,5.16,0,special,98.1,move_right
73.0,100.0,1.05,7.64,8.69,2,move_left,95.3,idle
52.0,52.0,1.8,6.04,7.84,1,idle,92.7,idle
31.0,58.0,1.45,7.35,8.8,0,special,94.0,block
55.0,73.0,0.97,7.17,8.14,0,move_left,95.7,kick
100.0,100.0,2.56,5.33,7.9,0,punch,96.0,jump
70.0,73.0,0.06,5.62,5.68,1,move_left,94.4,idle
79.0,76.0,0.61,7.52,8.13,1,move_right,95.6,idle
4.0,37.0,0.53,5.49,6.02,0,move_left,90.5,block
100.0,91.0,1.17,5.27,6.44,1,kick,96.3,block
58.0,94.0,0.76,5.05,5.81,2,jump,95.3,idle
49.0,37.0,0.49,6.44,6.94,0,move_left,92.4,punch
16.0,85.0,0.27,6.35,6.08,0,block,92.1,move_left
88.0,82.0,1.06,7.58,8.63,2,punch,96.1,block
10.0,25.0,0.97,8.43,9.4,3,jump,88.7,idle
7.0,13.0,0.65,4.83,5.48,3,special,92.5,block
76.0,76.0,0.76,4.78,5.54,1,block,94.0,idle
7.0,55.0,0.23,7.67,7.9,0,kick,90.1,block
76.0,91.0,1.02,5.78,6.8,0,kick,97.5,jump
94.0,73.0,1.02,7.22,8.24,3,idle,96.5,idle
91.0,100.0,1.56,5.02,6.58,0,kick,96.8,punch
28.0,49.0,0.86,8.54,9.4,0,punch,93.6,block
94.0,82.0,1.09,7.71,8.8,2,jump,94.6,idle
43.0,49.0,0.47,4.94,5.4,0,block,95.0,punch
49.0,70.0,1.35,6.91,8.26,5,move_right,95.7,idle
100.0,100.0,6.67,3.33,10.0,0,idle,98.4,move_right
10.0,55.0,0.11,6.34,6.24,0,idle,92.6,move_left
34.0,55.0,0.72,8.15,8.87,2,move_left,95.1,idle
34.0,28.0,1.07,7.32,8.4,5,kick,91.9,block
37.0,52.0,0.73,4.2,4.93,5,punch,93.5,block
100.0,91.0,1.62,5.8,7.42,0,punch,97.2,jump
31.0,76.0,1.08,6.58,7.66,1,special,93.2,block
16.0,49.0,1.05,2.67,1.62,3,jump,92.0,idle
100.0,100.0,6.19,3.81,10.0,0,kick,97.5,move_right
58.0,73.0,1.57,5.11,6.68,0,punch,94.3,kick
100.0,100.0,5.72,3.53,9.25,0,idle,99.0,move_right
100.0,100.0,3.14,6.86,10.0,0,block,94.7,move_right
34.0,40.0,0.66,5.91,6.57,3,idle,92.8,idle
49.0,46.0,1.09,6.44,7.54,0,idle,92.8,kick
100.0,100.0,1.81,6.84,8.65,0,move_right,97.7,move_right
16.0,37.0,1.74,6.41,8.16,0,move_right,88.3,move_right
10.0,70.0,0.21,4.67,4.46,0,punch,94.3,block
76.0,85.0,1.48,7.39,8.87,1,idle,94.5,idle
13.0,79.0,0.09,6.35,6.25,0,jump,91.5,move_left
10.0,55.0,0.04,6.53,6.49,0,kick,92.1,jump
100.0,100.0,2.12,6.83,8.95,0,idle,97.5,move_right
49.0,67.0,0.66,6.9,6.24,2,idle,92.4,idle
1.0,64.0,0.3,10.0,9.7,0,jump,90.7,move_left
85.0,85.0,1.17,5.27,6.44,5,move_left,95.5,jump
100.0,100.0,3.01,4.65,7.66,0,punch,96.6,move_right
85.0,76.0,1.21,6.55,7.76,5,move_left,91.6,idle
25.0,52.0,0.23,7.03,7.26,0,punch,89.6,block
61.0,91.0,1.12,7.32,8.45,1,punch,94.0,block
85.0,100.0,1.15,5.53,6.68,0,move_left,96.2,punch
85.0,91.0,1.88,5.98,7.87,2,idle,96.5,idle
94.0,85.0,1.74,7.88,9.62,3,special,95.5,idle
10.0,16.0,0.86,8.84,9.7,3,move_left,90.9,idle
94.0,94.0,1.21,7.14,8.35,0,punch,97.2,jump
61.0,22.0,0.96,7.82,8.78,0,move_right,89.3,kick
43.0,64.0,1.31,6.86,8.18,6,kick,91.8,idle
67.0,79.0,0.87,7.18,8.05,4,kick,94.3,block
52.0,94.0,0.76,5.05,5.81,1,punch,95.2,block
94.0,91.0,1.33,7.56,8.89,3,punch,97.4,idle
100.0,100.0,1.52,7.14,8.66,0,punch,93.8,kick
34.0,31.0,0.6,6.91,7.5,1,move_right,89.8,idle
19.0,40.0,0.55,5.87,6.42,1,move_right,87.7,idle
61.0,82.0,0.57,5.94,6.51,2,punch,95.1,block
88.0,82.0,1.29,6.81,8.1,1,jump,97.2,idle
40.0,61.0,1.4,7.31,8.71,3,idle,93.5,idle
91.0,94.0,1.6,6.02,7.61,3,kick,98.3,idle
37.0,61.0,0.3,4.34,4.64,0,punch,91.2,block
100.0,100.0,2.32,5.42,7.74,0,kick,96.0,move_right
49.0,73.0,1.59,4.11,5.7,0,special,94.5,block
37.0,64.0,1.3,6.04,7.33,2,jump,91.7,idle
37.0,43.0,1.51,7.39,8.9,2,kick,92.8,idle
100.0,100.0,5.4,2.9,8.3,0,special,98.7,move_right
25.0,43.0,1.04,7.13,6.1,2,move_left,89.1,idle
70.0,43.0,1.12,7.74,8.86,3,move_left,91.5,idle
28.0,61.0,1.17,6.3,7.47,3,punch,95.2,move_left
100.0,100.0,5.11,3.54,8.65,0,move_right,98.0,move_right
94.0,73.0,1.78,7.6,9.37,2,punch,97.3,block
19.0,43.0,0.14,7.62,7.48,6,punch,91.4,block
10.0,25.0,0.35,8.45,8.8,3,move_right,91.7,idle
4.0,28.0,0.13,5.47,5.59,0,punch,91.0,block
76.0,100.0,1.88,5.97,7.84,0,kick,95.7,jump
34.0,34.0,1.02,6.9,7.92,0,jump,92.5,punch
16.0,19.0,1.58,7.49,9.07,0,move_right,89.5,move_right
85.0,85.0,1.05,8.65,9.7,1,move_left,94.0,idle
94.0,100.0,1.37,7.63,9.0,3,move_left,96.5,idle
67.0,100.0,1.37,4.54,5.91,0,kick,96.4,jump
49.0,40.0,1.89,5.58,7.46,0,jump,93.0,move_right
100.0,100.0,2.13,4.5,6.62,0,jump,97.1,jump
55.0,76.0,0.53,7.03,7.56,3,kick,93.6,block
43.0,58.0,0.68,5.71,6.39,0,block,93.1,punch
73.0,67.0,1.8,7.1,8.9,0,move_right,94.8,move_right
55.0,88.0,0.64,6.44,7.08,3,kick,92.9,block
76.0,88.0,0.97,4.02,4.99,3,move_right,95.3,idle
100.0,100.0,4.66,2.32,6.97,2,punch,98.1,idle
67.0,82.0,1.02,5.61,6.63,0,kick,97.2,jump
1.0,73.0,0.0,10.0,10.0,0,kick,92.6,block
52.0,55.0,1.27,8.43,9.7,2,punch,93.4,idle
64.0,73.0,1.2,5.44,6.64,0,idle,95.1,kick
64.0,70.0,1.21,6.85,8.06,2,move_left,89.9,idle
43.0,64.0,1.31,6.86,8.18,0,punch,92.5,block
100.0,100.0,3.1,3.92,7.02,0,idle,97.5,move_right
100.0,100.0,6.73,2.32,9.04,0,punch,98.9,move_right
67.0,91.0,0.45,6.81,7.25,1,idle,95.0,idle
4.0,70.0,0.71,7.79,8.5,0,kick,93.1,jump
10.0,19.0,1.38,7.34,8.72,0,idle,90.0,punch
67.0,67.0,1.2,7.4,8.6,1,move_left,94.4,idle
4.0,64.0,1.09,4.22,5.31,0,move_right,93.8,move_right
49.0,49.0,1.59,4.98,6.56,0,move_left,93.6,kick
100.0,100.0,1.62,7.29,8.91,0,move_left,95.6,jump
19.0,25.0,0.74,5.53,6.27,1,idle,92.7,idle
79.0,88.0,0.73,7.94,8.67,0,punch,95.7,block
37.0,61.0,1.28,4.27,5.55,0,move_left,93.6,kick
100.0,100.0,6.27,2.94,9.21,0,idle,97.4,move_right
52.0,76.0,1.3,6.04,7.33,3,punch,92.9,idle
70.0,76.0,1.36,7.58,8.93,0,block,95.3,kick
82.0,100.0,1.64,7.07,8.71,0,move_right,97.2,move_right
85.0,94.0,1.56,5.02,6.58,1,move_left,96.5,idle
49.0,43.0,1.31,4.05,5.36,0,idle,92.1,kick
52.0,88.0,0.58,7.78,7.2,0,move_left,92.8,punch
100.0,100.0,3.45,4.11,7.55,0,block,98.1,block
100.0,100.0,5.69,3.86,9.55,0,punch,98.3,jump
82.0,91.0,1.59,7.07,8.67,2,punch,97.1,idle
25.0,76.0,1.01,4.09,5.1,3,kick,96.2,idle
88.0,91.0,0.58,3.68,4.26,1,punch,96.8,block
43.0,52.0,1.06,8.51,9.57,2,idle,88.3,idle
100.0,100.0,8.28,1.54,9.82,0,idle,99.0,move_right
100.0,100.0,2.73,6.37,9.1,3,kick,97.6,idle
94.0,85.0,2.04,7.58,9.62,0,move_right,95.8,move_right
19.0,58.0,0.22,5.46,5.68,0,punch,93.8,block
10.0,61.0,0.46,8.78,9.23,0,move_right,89.4,move_right
61.0,73.0,0.97,3.72,4.69,1,punch,93.7,block
85.0,85.0,1.08,7.04,8.12,2,kick,95.3,special
67.0,82.0,0.01,4.77,4.76,0,idle,96.0,kick
100.0,100.0,1.4,6.75,8.15,0,idle,96.6,block
52.0,58.0,1.33,5.65,6.98,1,move_right,94.7,idle
64.0,73.0,1.57,5.11,6.68,1,jump,94.4,idle
79.0,76.0,0.64,8.54,7.9,0,move_left,93.6,special
37.0,16.0,1.2,8.8,10.0,0,jump,91.6,punch
67.0,88.0,0.63,6.27,6.9,0,special,92.8,block
94.0,76.0,0.76,4.42,5.17,0,move_right,97.0,special
100.0,100.0,1.36,5.05,6.41,0,jump,96.8,special
52.0,58.0,1.44,4.0,5.44,0,kick,94.6,block
100.0,100.0,1.96,3.58,5.54,4,move_right,97.6,idle
4.0,4.0,0.72,8.2,8.92,0,move_left,86.7,move_right
61.0,67.0,0.93,4.65,5.58,1,kick,94.9,block
100.0,100.0,3.37,6.33,9.7,0,move_left,98.0,special
43.0,34.0,1.89,5.88,7.76,1,move_right,92.6,special
7.0,73.0,0.26,4.45,4.18,0,move_left,92.6,move_left
100.0,100.0,4.77,1.97,6.74,0,move_right,98.0,jump
19.0,67.0,0.27,4.93,4.66,0,kick,93.4,jump
10.0,40.0,1.6,7.22,8.81,0,punch,92.1,kick
34.0,70.0,1.66,5.47,7.13,2,move_right,94.6,idle
67.0,76.0,1.08,6.58,7.66,1,idle,94.1,idle
55.0,88.0,0.34,6.44,6.78,5,move_left,93.1,idle
100.0,100.0,2.87,3.44,6.3,0,idle,98.8,jump
67.0,67.0,1.46,3.55,5.01,0,punch,96.2,jump
76.0,82.0,1.5,6.61,8.1,2,move_left,92.6,kick
40.0,79.0,0.12,5.69,5.82,0,idle,93.4,kick
100.0,82.0,0.58,7.09,7.67,4,jump,97.1,idle
94.0,94.0,1.34,5.23,6.57,1,move_right,97.1,idle
100.0,100.0,5.43,2.4,7.82,0,move_right,98.3,move_left
100.0,100.0,4.57,5.43,10.0,0,idle,98.8,move_right
16.0,67.0,0.12,5.54,5.66,0,special,93.7,block
34.0,76.0,1.57,7.25,8.82,3,punch,93.6,idle
19.0,49.0,0.18,8.32,8.5,0,punch,90.5,block
94.0,79.0,0.33,8.47,8.8,1,move_left,93.1,idle
100.0,100.0,4.28,2.11,6.39,0,idle,99.0,move_right
19.0,34.0,0.01,8.81,8.8,3,kick,90.7,block
100.0,100.0,4.44,4.28,8.72,0,move_left,98.9,move_right
100.0,100.0,8.44,1.5,9.93,0,punch,98.9,move_right
100.0,100.0,1.46,5.93,7.39,3,move_right,97.2,idle
100.0,94.0,1.81,6.43,8.23,1,move_right,97.8,idle
100.0,100.0,3.59,6.11,9.7,0,idle,96.3,move_right
91.0,76.0,1.86,7.52,9.38,0,block,93.5,jump
40.0,40.0,1.32,6.9,8.22,1,kick,93.2,idle
37.0,61.0,1.52,8.04,9.56,6,idle,89.5,idle
34.0,13.0,1.34,4.78,3.44,4,idle,89.3,idle
28.0,28.0,1.45,8.25,9.7,0,move_left,88.6,block
82.0,85.0,1.02,8.19,9.21,2,move_right,92.7,idle
85.0,100.0,1.32,4.61,5.94,3,punch,96.0,idle
58.0,88.0,0.45,4.17,4.62,0,jump,96.3,punch
19.0,25.0,0.74,5.53,6.27,2,idle,92.4,idle
61.0,100.0,1.45,5.53,6.98,0,jump,95.2,punch
37.0,85.0,1.05,6.81,7.85,0,kick,94.0,block
88.0,58.0,0.76,4.42,5.17,4,move_left,96.7,idle
1.0,73.0,0.29,5.99,5.7,0,move_left,92.0,move_left
64.0,73.0,1.43,7.36,8.79,0,special,94.6,block
100.0,100.0,4.79,5.06,9.85,0,kick,97.6,jump
40.0,46.0,0.24,5.81,5.56,0,move_left,92.1,punch
94.0,100.0,1.15,7.3,8.45,0,punch,95.1,block
100.0,100.0,2.92,4.73,7.66,0,move_right,97.8,jump
100.0,100.0,2.43,6.67,9.1,0,punch,96.0,move_right
49.0,67.0,1.23,5.37,6.6,5,idle,94.9,idle
91.0,76.0,1.81,5.95,7.76,6,block,92.6,idle
25.0,49.0,0.18,8.32,8.5,0,move_left,91.8,punch
31.0,82.0,1.1,6.2,7.29,1,punch,96.0,block
100.0,100.0,1.1,8.6,9.7,0,punch,95.4,jump
58.0,64.0,0.75,8.65,9.4,3,move_right,92.1,idle
40.0,76.0,1.09,5.44,6.54,0,punch,95.4,block
100.0,100.0,1.56,6.82,8.38,0,punch,96.2,kick
82.0,73.0,1.28,4.2,5.48,0,idle,96.5,block
91.0,88.0,1.57,4.02,5.59,3,move_right,96.8,idle
25.0,43.0,1.51,8.49,10.0,1,kick,90.4,idle
100.0,100.0,5.38,2.79,8.17,0,idle,98.4,move_right
100.0,100.0,1.58,4.2,5.78,0,punch,97.7,kick
100.0,91.0,1.74,6.71,8.44,0,move_right,97.4,move_right
16.0,37.0,0.84,7.31,8.16,0,move_left,86.0,jump
91.0,85.0,1.22,4.07,5.29,1,move_left,95.9,idle
10.0,82.0,0.25,6.65,6.4,0,kick,93.6,block
100.0,88.0,1.59,4.95,6.54,1,idle,96.3,idle
88.0,91.0,0.58,3.68,4.26,3,jump,96.6,idle
67.0,82.0,0.59,4.77,5.36,5,move_left,96.6,idle
100.0,94.0,1.82,7.88,9.7,0,punch,96.4,move_right
100.0,100.0,3.18,5.08,8.26,3,idle,98.0,punch
46.0,94.0,1.32,4.74,6.06,0,kick,96.4,jump
46.0,58.0,0.28,6.32,6.59,0,kick,94.1,block
88.0,49.0,0.88,8.5,9.37,6,move_left,95.5,idle
67.0,43.0,1.01,3.45,4.46,1,kick,93.8,block
100.0,100.0,1.78,5.29,7.07,0,jump,97.9,move_right
100.0,100.0,4.34,5.66,10.0,0,idle,95.1,move_right
100.0,100.0,1.7,3.61,5.31,0,punch,98.2,special
64.0,40.0,1.18,8.5,9.67,0,block,93.7,punch
22.0,43.0,1.02,6.7,7.72,2,kick,90.1,block
13.0,52.0,1.15,7.65,8.8,0,kick,93.4,block
100.0,100.0,1.96,3.85,5.81,0,jump,97.4,jump
64.0,67.0,1.43,7.66,9.09,0,move_left,93.9,jump
100.0,100.0,3.34,4.68,8.02,0,idle,99.0,block
76.0,70.0,1.32,6.8,8.12,1,kick,94.7,idle
100.0,100.0,7.47,2.04,9.51,0,move_right,97.9,jump
46.0,64.0,0.72,7.89,8.61,2,idle,89.2,idle
82.0,85.0,0.72,5.49,6.21,3,jump,95.8,idle
100.0,100.0,1.63,6.17,7.81,0,idle,97.2,jump
13.0,70.0,0.2,6.59,6.39,0,block,89.8,move_right
70.0,67.0,1.06,7.88,8.93,1,move_left,94.1,idle
67.0,73.0,1.46,8.24,9.7,0,move_right,92.1,punch
13.0,64.0,0.26,7.87,8.14,0,move_right,91.3,move_right
73.0,70.0,0.98,4.4,5.38,2,move_left,97.6,idle
43.0,55.0,0.85,5.87,6.72,1,idle,89.9,idle
40.0,46.0,0.73,7.07,7.81,1,move_left,91.9,idle
91.0,82.0,1.09,4.32,5.41,4,idle,98.6,idle
34.0,58.0,1.61,8.06,9.68,3,idle,90.3,idle
82.0,79.0,1.16,5.93,7.09,0,move_right,95.6,kick
100.0,100.0,2.41,3.55,5.96,0,special,96.9,jump
100.0,100.0,1.68,6.28,7.96,0,idle,96.4,move_right
46.0,43.0,0.64,8.54,7.9,0,punch,91.4,block
34.0,79.0,1.47,6.3,7.77,0,idle,95.8,block
88.0,67.0,1.18,8.5,9.67,6,block,95.6,special
37.0,73.0,1.04,5.19,6.22,0,special,94.7,block
34.0,55.0,0.78,5.79,5.01,1,kick,93.0,block
76.0,91.0,1.69,5.52,7.21,0,jump,97.4,move_right
91.0,94.0,1.48,7.6,9.08,1,kick,95.9,idle
100.0,100.0,3.61,4.44,8.05,0,idle,97.7,move_right
4.0,61.0,0.5,9.4,8.9,0,jump,90.3,move_left
73.0,43.0,1.26,7.82,9.08,6,idle,91.7,idle
31.0,58.0,1.64,5.49,7.12,0,idle,93.5,jump
25.0,76.0,0.11,5.59,5.7,0,punch,95.2,block
43.0,79.0,0.98,5.18,6.16,1,kick,95.7,block
13.0,28.0,0.54,7.31,7.84,0,idle,91.8,punch
49.0,58.0,0.47,4.94,5.4,0,move_left,95.4,kick
22.0,10.0,0.11,4.05,4.16,0,idle,88.8,special
4.0,82.0,0.1,7.7,7.59,0,punch,94.5,block
64.0,31.0,0.32,5.99,6.3,1,punch,90.4,block
85.0,94.0,1.18,6.19,7.37,2,jump,96.5,idle
31.0,73.0,0.38,5.97,6.34,1,punch,92.5,block
85.0,73.0,1.33,6.53,7.86,0,kick,95.5,block
100.0,100.0,1.41,4.25,5.65,0,block,97.0,block
100.0,91.0,1.16,4.27,5.43,3,move_left,96.6,idle
85.0,100.0,1.83,5.67,7.5,2,move_right,95.1,idle
100.0,100.0,1.18,3.68,4.86,0,move_left,97.6,kick
91.0,76.0,1.81,5.95,7.76,0,kick,92.7,special
22.0,49.0,1.57,8.13,9.7,0,idle,92.4,special
43.0,22.0,0.24,7.82,7.58,0,move_left,88.5,kick
100.0,94.0,0.75,4.17,4.92,0,move_left,98.2,block
58.0,76.0,1.66,5.32,6.97,0,move_right,95.0,move_right
64.0,79.0,0.59,8.06,8.65,0,punch,93.1,block
100.0,100.0,3.75,4.64,8.39,0,punch,98.4,move_right
52.0,55.0,0.37,8.23,8.61,0,move_left,94.2,block
100.0,100.0,3.37,5.67,9.04,0,jump,98.2,jump
100.0,100.0,1.68,6.28,7.96,0,move_left,96.5,jump
82.0,85.0,0.13,6.07,6.19,1,idle,96.4,idle
31.0,55.0,1.39,5.14,6.54,2,jump,94.1,idle
55.0,31.0,1.27,8.43,9.7,0,move_left,90.5,punch
100.0,100.0,3.84,2.81,6.66,0,idle,99.0,move_right
100.0,100.0,4.09,4.66,8.74,0,punch,98.2,move_right
46.0,73.0,0.45,4.17,3.72,0,jump,95.2,special
100.0,76.0,1.06,4.42,5.47,5,idle,97.6,idle
25.0,61.0,0.56,4.27,4.83,3,special,94.3,block
22.0,22.0,1.58,4.4,5.98,2,idle,94.2,idle
64.0,61.0,1.51,6.85,8.36,1,move_left,89.3,idle
100.0,100.0,3.96,2.5,6.46,0,idle,99.0,move_right
82.0,100.0,1.35,5.97,7.32,0,kick,94.8,block
100.0,100.0,4.02,4.04,8.06,0,move_right,98.5,move_right
4.0,28.0,1.33,4.94,3.6,2,block,91.1,idle
76.0,100.0,0.83,5.49,6.32,0,idle,95.5,punch
76.0,73.0,1.5,6.61,8.1,3,jump,92.5,idle
10.0,55.0,0.1,9.0,9.1,0,idle,90.3,move_right
100.0,100.0,3.42,4.97,8.39,0,move_left,97.8,move_right
100.0,100.0,2.54,7.46,10.0,0,jump,94.4,move_right
100.0,100.0,2.61,3.05,5.65,0,block,97.8,jump
55.0,82.0,1.67,7.63,9.3,0,move_right,94.6,jump
64.0,34.0,1.55,8.45,10.0,1,jump,92.8,punch
100.0,100.0,8.82,0.44,9.25,0,kick,98.8,move_right
94.0,82.0,1.03,4.5,5.53,1,move_left,97.1,idle
100.0,100.0,5.7,0.91,6.6,0,idle,98.5,move_right
28.0,73.0,0.11,8.86,8.74,0,punch,93.0,block
19.0,25.0,1.32,7.6,8.92,5,special,92.1,idle
10.0,64.0,0.17,7.24,7.41,0,move_right,90.4,move_right
64.0,70.0,1.51,6.85,8.36,3,punch,90.0,idle
43.0,79.0,0.9,8.5,9.4,3,move_left,91.2,idle
10.0,55.0,0.11,6.34,6.24,0,punch,93.0,block
100.0,100.0,1.62,5.19,6.81,0,block,98.5,jump
49.0,70.0,1.36,8.34,9.7,2,jump,91.5,idle
52.0,73.0,1.75,5.87,7.62,3,move_right,90.8,idle
52.0,85.0,0.66,7.88,7.22,0,jump,93.8,kick
25.0,82.0,0.29,8.78,9.07,0,idle,95.5,move_right
58.0,70.0,2.0,6.61,8.61,0,jump,91.6,move_right
88.0,85.0,1.46,3.25,4.71,2,punch,97.5,idle
82.0,94.0,0.94,3.55,4.48,0,move_left,97.6,kick
37.0,34.0,0.17,5.98,5.81,1,punch,92.5,block
94.0,79.0,1.72,6.54,8.26,2,move_right,94.8,idle
16.0,55.0,0.02,3.98,3.96,0,idle,89.4,move_left
52.0,34.0,1.7,8.12,9.82,0,block,92.8,jump
100.0,100.0,2.56,5.33,7.9,0,punch,96.2,jump
91.0,91.0,0.94,8.28,9.22,1,move_left,95.5,idle
79.0,79.0,1.1,6.75,7.85,3,move_left,94.9,idle
28.0,64.0,0.26,6.97,7.24,0,move_left,92.2,move_right
94.0,85.0,1.45,7.35,8.8,3,kick,97.0,idle
22.0,61.0,0.14,9.08,8.93,0,jump,91.6,move_left
91.0,88.0,1.38,3.94,5.32,2,kick,98.2,idle
88.0,94.0,2.05,3.47,5.52,6,move_right,96.4,idle
37.0,85.0,0.75,6.81,7.55,3,punch,93.8,block
100.0,100.0,3.89,5.78,9.67,0,move_right,98.0,move_right
52.0,34.0,2.0,7.82,9.82,0,kick,92.9,move_right
100.0,82.0,1.36,7.74,9.1,2,move_left,93.1,idle
16.0,73.0,0.12,6.84,6.96,0,move_right,92.7,move_right
64.0,94.0,1.28,3.67,4.95,0,idle,97.0,jump
28.0,37.0,0.9,6.34,7.24,0,idle,91.7,punch
94.0,91.0,2.09,3.69,5.78,0,punch,97.2,move_right
43.0,13.0,0.24,7.82,7.58,3,punch,88.4,block
37.0,61.0,1.52,8.34,9.86,0,kick,88.8,kick
76.0,85.0,1.47,7.18,8.65,2,move_right,95.3,idle
16.0,16.0,1.19,5.19,6.38,2,punch,92.4,block
4.0,82.0,0.38,8.82,8.45,0,move_left,90.8,move_left
100.0,100.0,1.39,5.22,6.61,0,jump,98.4,kick
49.0,46.0,1.92,5.7,7.62,0,punch,94.2,move_right
85.0,37.0,0.64,4.43,5.07,3,move_left,94.4,idle
13.0,40.0,0.05,5.87,5.82,1,punch,87.0,block
100.0,100.0,3.77,5.22,9.0,0,move_right,97.8,jump
16.0,82.0,0.08,8.58,8.65,0,idle,95.4,move_right
61.0,31.0,1.87,8.13,10.0,1,kick,91.5,idle
94.0,70.0,1.42,6.84,8.26,2,move_left,93.8,move_left
67.0,91.0,0.75,6.81,7.55,0,move_right,94.8,punch
28.0,79.0,0.28,8.08,7.8,0,idle,89.3,move_left
31.0,46.0,1.13,5.49,6.62,1,jump,92.3,idle
100.0,100.0,2.18,5.77,7.95,0,idle,96.8,jump
76.0,73.0,0.57,8.47,7.9,2,block,92.3,idle
91.0,64.0,1.22,5.99,7.2,1,block,93.7,idle
64.0,64.0,0.28,7.09,7.37,0,jump,94.3,kick
100.0,100.0,1.82,6.84,8.66,0,jump,93.9,move_right
76.0,94.0,1.17,6.39,7.57,0,kick,96.3,jump
100.0,100.0,4.58,2.99,7.57,0,kick,98.4,jump
37.0,55.0,1.02,4.98,6.0,0,move_left,92.9,block
40.0,58.0,0.87,8.47,7.6,0,punch,91.1,jump
37.0,94.0,1.28,7.08,8.35,2,kick,97.1,idle
100.0,100.0,6.82,1.62,8.45,0,move_right,98.6,move_right
100.0,100.0,4.3,3.59,7.89,4,idle,97.3,idle
37.0,73.0,1.29,4.11,5.4,6,punch,93.6,idle
100.0,100.0,1.55,4.53,6.08,3,jump,98.2,idle
55.0,64.0,1.3,6.92,8.21,0,move_right,93.9,punch
34.0,73.0,0.72,3.94,3.22,1,punch,95.7,block
10.0,67.0,0.27,6.35,6.08,5,punch,91.7,block
85.0,88.0,1.65,7.28,8.93,0,punch,95.5,move_right
10.0,25.0,0.05,8.45,8.5,0,move_left,91.8,punch
37.0,49.0,1.02,4.98,6.0,3,block,92.7,idle
73.0,49.0,1.29,7.11,8.4,3,move_left,95.2,idle
46.0,70.0,0.86,6.67,7.54,1,punch,93.1,idle
70.0,91.0,0.88,5.81,6.7,2,punch,95.5,block
100.0,100.0,3.98,3.97,7.95,0,move_left,97.5,move_right
31.0,52.0,0.37,7.03,6.66,2,move_left,90.5,idle
7.0,58.0,0.33,7.29,6.97,0,jump,90.3,move_left
100.0,82.0,0.76,7.61,8.37,4,idle,93.9,idle
100.0,85.0,1.58,6.75,8.33,2,kick,96.0,idle
37.0,55.0,1.21,6.85,8.06,1,punch,88.5,idle
85.0,58.0,0.69,6.6,7.29,1,move_left,95.6,idle
73.0,82.0,0.87,5.94,6.81,4,idle,95.8,idle
73.0,67.0,1.5,7.1,8.6,1,move_right,94.9,idle
34.0,34.0,0.39,6.7,7.09,3,move_right,89.9,idle
100.0,100.0,2.14,7.5,9.63,0,jump,95.9,move_right
55.0,88.0,0.64,6.44,7.08,0,block,92.6,kick
61.0,76.0,1.61,7.49,9.1,2,move_right,94.9,idle
100.0,100.0,1.62,5.69,7.32,2,move_left,96.9,idle
100.0,100.0,2.85,4.17,7.02,0,punch,97.7,move_right
43.0,73.0,1.59,4.11,5.7,3,kick,94.3,idle
22.0,55.0,0.3,4.34,4.64,0,idle,90.1,move_right
100.0,100.0,7.37,1.91,9.28,0,kick,98.7,move_right
43.0,64.0,0.38,5.71,6.09,0,kick,94.1,punch
61.0,76.0,1.46,6.07,7.54,0,move_right,95.2,special
100.0,94.0,1.53,5.15,6.68,1,block,97.5,idle
13.0,25.0,1.32,7.3,8.62,0,kick,88.7,block
79.0,46.0,0.52,5.12,4.6,2,idle,96.1,idle
22.0,43.0,1.02,6.7,7.72,1,idle,90.0,idle
28.0,64.0,0.23,7.07,7.3,0,idle,91.1,move_right
100.0,100.0,5.49,0.81,6.3,0,idle,98.5,jump
85.0,88.0,1.56,5.32,6.88,1,move_left,96.0,idle
100.0,100.0,6.31,1.87,8.18,0,move_right,98.9,move_right
34.0,76.0,1.53,8.47,10.0,0,move_right,90.2,block
100.0,100.0,2.68,6.4,9.08,0,idle,96.7,move_right
79.0,91.0,0.89,7.76,8.65,3,kick,95.1,block
37.0,73.0,0.98,5.18,6.16,1,idle,95.1,idle
100.0,100.0,2.03,6.43,8.46,0,kick,97.4,move_right
64.0,64.0,0.28,6.32,6.59,0,idle,94.5,punch
25.0,82.0,1.1,6.2,7.29,0,punch,95.9,idle
100.0,100.0,5.93,3.43,9.36,0,jump,98.5,move_right
88.0,73.0,1.03,4.5,5.53,0,punch,96.6,move_left
31.0,55.0,1.06,8.34,9.4,3,punch,90.7,jump
100.0,94.0,1.59,4.08,5.66,3,idle,98.5,idle
82.0,76.0,1.5,6.8,8.3,3,kick,95.5,idle
100.0,100.0,3.71,2.66,6.38,0,idle,97.6,move_right
31.0,58.0,1.26,6.82,8.08,0,jump,92.7,special
46.0,37.0,0.64,8.54,7.9,3,move_left,91.2,idle
100.0,100.0,4.57,5.43,10.0,0,idle,97.6,jump
73.0,85.0,1.22,7.01,8.23,1,move_left,95.0,idle
70.0,85.0,1.18,7.39,8.57,3,punch,94.3,block
13.0,19.0,1.13,7.66,8.79,3,move_right,90.1,punch
100.0,100.0,1.42,5.72,7.14,0,special,95.3,block
70.0,91.0,0.83,6.43,7.26,3,idle,95.7,idle
34.0,22.0,0.43,8.33,8.76,2,punch,89.7,block
34.0,40.0,0.96,5.91,6.87,1,idle,93.1,idle
25.0,43.0,0.52,6.62,7.14,1,idle,90.8,idle
52.0,37.0,1.03,5.77,6.79,1,idle,93.1,idle
100.0,100.0,4.6,3.1,7.7,0,kick,98.9,move_right
16.0,55.0,0.1,9.0,9.1,0,move_left,90.8,move_right
28.0,37.0,1.73,7.66,9.39,3,move_right,90.8,idle
58.0,73.0,0.06,5.81,5.86,3,move_left,94.2,idle
100.0,100.0,1.53,4.72,6.25,0,punch,98.8,punch
85.0,82.0,0.75,3.87,4.62,1,move_left,97.8,idle
10.0,52.0,0.3,6.92,7.22,0,kick,92.0,block
43.0,43.0,1.45,5.17,6.62,1,move_right,94.1,idle
64.0,49.0,1.48,8.52,10.0,0,move_right,90.7,kick
100.0,100.0,2.66,4.73,7.39,0,block,97.9,move_right
88.0,82.0,1.55,7.85,9.4,5,punch,96.1,idle
100.0,100.0,2.56,2.68,5.24,0,block,98.3,move_right
100.0,100.0,0.91,5.55,6.46,0,move_left,95.6,kick
79.0,37.0,0.64,4.43,5.07,2,idle,93.9,idle
100.0,91.0,1.14,7.01,8.14,2,punch,97.0,block
13.0,34.0,1.06,3.56,4.62,0,jump,92.6,kick
73.0,94.0,1.58,8.42,10.0,1,block,95.5,idle
94.0,91.0,1.46,3.25,4.71,0,punch,97.8,block
100.0,100.0,5.64,2.82,8.45,0,punch,97.8,move_right
19.0,73.0,0.12,5.62,5.74,0,special,94.3,block
25.0,82.0,0.22,8.52,8.75,0,move_right,91.7,move_right
37.0,70.0,1.2,4.34,5.54,1,punch,92.8,idle
82.0,100.0,1.62,6.4,8.02,2,punch,96.5,idle
100.0,88.0,0.99,4.95,5.94,0,idle,96.7,idle
67.0,73.0,1.22,4.67,5.89,1,punch,93.6,idle
100.0,100.0,0.83,7.03,7.86,1,idle,96.5,idle
52.0,55.0,1.26,5.8,7.06,3,kick,91.1,idle
4.0,82.0,0.29,8.78,9.07,0,punch,94.0,block
100.0,100.0,1.45,6.01,7.46,2,move_right,97.6,idle
4.0,25.0,1.32,7.9,9.22,0,punch,91.5,block
52.0,91.0,1.12,7.32,8.45,0,idle,93.8,move_right
31.0,61.0,0.06,6.9,6.84,2,move_right,91.6,idle
34.0,76.0,1.27,7.25,8.52,2,move_left,93.9,idle
100.0,82.0,1.58,7.71,9.29,5,move_left,96.5,idle
100.0,100.0,2.15,4.55,6.7,0,block,97.1,move_right
91.0,94.0,1.14,5.81,6.96,1,move_left,96.1,idle
100.0,100.0,2.82,5.09,7.91,0,move_right,97.6,move_right
91.0,82.0,1.15,6.01,7.16,5,kick,97.0,block
100.0,100.0,2.77,7.03,9.81,0,move_right,97.7,move_right
70.0,64.0,0.68,5.71,6.39,0,punch,95.4,block
67.0,82.0,0.01,4.77,4.76,3,jump,95.5,idle
16.0,61.0,1.06,8.94,10.0,0,special,87.8,block
100.0,100.0,1.64,8.36,10.0,0,kick,95.0,move_right
28.0,25.0,0.97,8.43,9.4,0,move_right,89.2,kick
40.0,67.0,1.46,3.85,5.31,0,kick,95.5,block
7.0,70.0,0.01,7.44,7.45,0,idle,91.6,move_right
100.0,100.0,4.2,2.41,6.6,0,punch,97.7,move_right
100.0,100.0,3.96,4.72,8.68,0,move_right,98.0,move_right
91.0,100.0,1.43,7.06,8.49,1,kick,96.6,idle
22.0,73.0,0.14,7.21,7.34,3,jump,91.2,idle
28.0,49.0,1.07,4.94,6.0,1,kick,94.1,block
73.0,85.0,0.39,6.7,7.09,2,jump,93.3,idle
58.0,70.0,2.3,6.31,8.61,0,move_right,91.7,move_right
100.0,100.0,3.44,6.26,9.7,4,jump,96.8,idle
37.0,43.0,0.95,8.45,9.4,2,punch,93.7,block
28.0,49.0,0.86,8.54,9.4,0,jump,93.4,jump
73.0,94.0,1.29,4.37,5.66,5,move_left,97.0,idle
76.0,70.0,1.32,6.8,8.12,0,idle,94.5,kick
37.0,61.0,1.82,8.04,9.86,4,kick,89.3,idle
100.0,88.0,1.26,5.46,6.72,0,idle,95.5,jump
25.0,73.0,1.34,8.56,9.9,0,punch,92.6,block
100.0,100.0,5.88,3.34,9.22,0,move_left,98.3,move_right
1.0,37.0,0.88,6.32,7.19,3,punch,91.8,block
58.0,7.0,0.68,8.72,9.4,6,move_left,91.2,idle
100.0,100.0,3.46,5.94,9.4,0,jump,95.5,move_right
70.0,76.0,1.36,7.58,8.93,0,punch,95.4,block
100.0,100.0,1.23,8.47,9.7,1,move_left,94.3,kick
94.0,85.0,1.34,5.23,6.57,0,jump,95.7,punch
19.0,40.0,0.05,5.87,5.82,3,move_left,87.2,idle
100.0,100.0,1.74,7.96,9.7,0,block,97.5,move_right
85.0,67.0,1.33,8.32,9.64,6,move_right,94.7,idle
91.0,94.0,1.42,6.32,7.74,0,kick,96.6,block
7.0,19.0,0.62,8.48,9.1,2,kick,88.9,block
100.0,100.0,6.65,0.95,7.6,0,kick,98.8,move_right
100.0,100.0,2.74,5.58,8.32,0,block,98.5,move_right
100.0,100.0,4.0,5.0,9.0,0,move_left,97.4,move_right
82.0,82.0,1.8,6.8,8.6,2,move_right,95.9,idle
43.0,79.0,1.17,6.3,7.47,3,move_left,96.2,idle
100.0,100.0,1.23,7.57,8.8,1,idle,95.4,idle
79.0,100.0,1.32,4.61,5.94,0,block,95.7,jump
34.0,67.0,1.18,8.18,7.0,2,kick,92.6,block
91.0,100.0,1.13,7.36,8.49,0,move_left,96.4,kick
16.0,82.0,0.01,8.78,8.77,0,kick,94.6,block
100.0,100.0,2.14,6.78,8.92,0,punch,97.8,jump
100.0,100.0,1.17,6.39,7.57,0,move_left,96.7,punch
100.0,100.0,2.52,5.24,7.76,1,move_left,97.8,idle
58.0,79.0,1.46,5.93,7.39,0,move_right,94.6,punch
61.0,94.0,0.62,7.78,8.4,0,kick,94.4,block
100.0,100.0,4.36,5.18,9.53,0,kick,98.1,move_right
88.0,85.0,1.1,5.71,6.81,0,idle,97.4,kick
28.0,70.0,1.62,7.49,9.11,0,move_right,93.9,move_right
4.0,28.0,1.28,7.41,8.69,3,move_left,90.5,idle
76.0,76.0,0.14,7.67,7.81,2,idle,95.6,idle
16.0,7.0,0.02,4.04,4.02,5,move_left,92.2,idle
82.0,100.0,0.63,4.72,5.35,2,special,97.9,block
79.0,88.0,1.16,8.24,9.4,0,kick,93.6,block
61.0,82.0,0.76,6.42,7.18,1,move_left,94.4,idle
100.0,100.0,1.87,3.12,4.99,0,move_left,98.1,move_right
85.0,91.0,1.32,5.78,7.1,2,punch,97.7,idle
10.0,64.0,0.13,7.54,7.41,0,idle,90.3,move_left
100.0,100.0,3.31,4.74,8.05,0,punch,97.6,move_right
100.0,91.0,0.56,4.27,4.83,0,move_left,96.1,punch
25.0,58.0,0.43,7.94,8.37,0,kick,93.2,block
58.0,79.0,1.57,7.83,9.4,0,punch,94.9,kick
43.0,61.0,0.33,8.47,8.8,0,kick,91.3,block
37.0,40.0,1.65,7.81,9.46,0,kick,91.2,move_right
73.0,52.0,1.12,4.91,6.04,3,move_left,96.6,idle
91.0,100.0,1.32,4.61,5.94,0,idle,96.1,kick
100.0,100.0,1.89,5.8,7.69,0,block,95.9,jump
25.0,37.0,0.96,7.0,7.96,0,block,86.9,kick
55.0,67.0,1.16,7.97,9.13,0,move_left,92.9,jump
100.0,100.0,2.22,5.39,7.62,6,punch,97.3,idle
73.0,67.0,0.76,3.86,4.62,3,punch,96.7,block
100.0,100.0,2.23,4.57,6.79,0,move_right,98.9,move_right
1.0,73.0,0.0,9.7,9.7,0,jump,91.8,move_right
100.0,100.0,2.83,5.3,8.13,0,move_left,97.6,move_right
79.0,76.0,1.55,8.45,10.0,2,idle,95.1,special
100.0,100.0,5.83,2.68,8.51,0,jump,98.8,move_right
100.0,100.0,2.27,6.43,8.7,0,jump,97.6,jump
79.0,82.0,1.9,6.7,8.6,1,punch,95.5,idle
52.0,52.0,1.28,4.4,5.68,0,move_right,96.1,punch
58.0,82.0,1.51,5.39,6.9,0,idle,94.1,kick
100.0,100.0,2.26,6.12,8.38,0,punch,97.3,kick
100.0,100.0,2.43,3.15,5.58,0,idle,97.8,jump
43.0,76.0,0.63,4.72,5.35,2,special,96.6,move_right
100.0,94.0,1.28,4.4,5.68,0,kick,98.1,block
31.0,67.0,0.68,5.48,6.16,3,punch,94.5,block
88.0,91.0,0.58,3.68,4.26,2,jump,96.9,idle
100.0,100.0,5.17,4.58,9.75,0,punch,98.3,block
28.0,40.0,1.07,4.94,6.0,0,jump,93.5,block
79.0,46.0,0.22,5.12,4.9,5,idle,96.4,idle
100.0,85.0,1.84,7.89,9.73,2,punch,95.0,idle
100.0,100.0,0.29,4.77,5.06,0,idle,99.0,block
4.0,70.0,0.8,6.59,5.79,0,move_left,89.4,move_left
7.0,13.0,0.35,4.83,5.18,1,idle,91.9,idle
76.0,85.0,0.42,8.19,8.61,0,idle,91.6,punch
100.0,94.0,1.6,5.72,7.32,0,idle,96.2,idle
67.0,85.0,1.22,8.18,9.4,3,idle,94.1,idle
73.0,43.0,1.12,4.91,6.04,0,move_right,95.8,punch
100.0,100.0,1.42,5.72,7.14,0,move_left,95.8,kick
37.0,52.0,0.0,6.92,6.92,3,jump,92.7,idle
88.0,82.0,0.36,5.81,6.16,2,jump,96.0,idle
55.0,58.0,0.28,6.32,6.59,1,punch,94.2,block
100.0,100.0,1.86,4.6,6.46,0,jump,96.7,move_right
100.0,100.0,1.92,6.5,8.42,0,kick,96.6,jump
10.0,70.0,1.62,8.09,9.71,2,move_right,93.5,idle
70.0,70.0,1.03,7.07,8.11,3,punch,94.4,block
43.0,91.0,0.64,8.28,8.92,0,block,94.6,punch
82.0,73.0,0.98,4.2,5.18,0,move_left,96.4,punch
79.0,58.0,0.91,7.52,8.43,2,idle,94.8,idle
85.0,100.0,0.84,8.56,9.4,1,jump,95.1,idle
100.0,100.0,1.9,4.54,6.43,0,kick,98.8,move_right
73.0,100.0,1.32,4.44,5.76,0,punch,97.5,block
16.0,52.0,0.43,8.24,8.67,2,jump,92.8,idle
79.0,79.0,1.29,6.41,7.7,0,idle,94.9,punch
67.0,70.0,0.17,5.31,5.48,0,move_right,95.6,punch
31.0,67.0,0.93,5.37,6.3,3,idle,93.7,idle
100.0,100.0,5.71,3.15,8.86,0,jump,98.1,move_right
7.0,4.0,1.04,3.28,2.24,3,idle,86.5,idle
40.0,61.0,1.26,7.88,6.62,3,move_left,91.9,idle
58.0,61.0,1.44,6.11,7.56,0,jump,92.1,block
52.0,55.0,0.54,7.01,7.54,2,kick,94.2,block
49.0,52.0,0.69,6.6,7.29,0,punch,94.2,block
46.0,79.0,1.47,5.57,7.04,1,idle,93.6,idle
73.0,67.0,1.42,4.61,6.04,0,idle,97.9,kick
79.0,70.0,1.13,5.2,6.34,0,move_left,96.1,punch
13.0,64.0,0.04,8.17,8.14,0,jump,91.2,move_left
76.0,73.0,0.31,6.79,7.1,1,kick,96.5,block
91.0,82.0,0.08,5.12,5.2,2,move_left,98.0,idle
100.0,100.0,2.68,4.61,7.3,0,idle,97.9,jump
22.0,61.0,0.96,7.88,6.92,0,move_right,91.3,move_left
37.0,43.0,1.81,7.09,8.9,1,punch,93.2,idle
31.0,34.0,0.78,7.34,8.12,0,punch,91.9,block
22.0,70.0,0.31,7.74,8.05,0,move_right,92.6,move_right
4.0,82.0,0.1,7.7,7.59,0,punch,93.4,block
31.0,85.0,0.04,8.28,8.32,2,punch,94.0,block
64.0,82.0,0.91,5.39,6.3,2,idle,94.7,idle
22.0,28.0,0.84,5.51,4.66,3,move_left,90.6,idle
100.0,94.0,1.38,3.94,5.32,3,idle,98.9,idle
85.0,61.0,0.43,5.98,6.41,3,block,94.6,idle
100.0,100.0,4.32,4.1,8.42,0,punch,98.2,move_right
4.0,25.0,0.66,5.91,6.57,5,punch,90.6,block
55.0,67.0,1.89,4.08,5.96,0,move_right,96.0,jump
28.0,70.0,1.21,8.79,10.0,0,move_right,89.8,move_right
76.0,100.0,2.44,5.24,7.68,0,punch,95.8,move_right
100.0,100.0,2.1,6.2,8.3,0,move_right,97.3,move_right
100.0,100.0,2.27,4.11,6.38,0,punch,97.9,move_right
100.0,100.0,1.62,5.19,6.81,0,jump,98.2,move_right
100.0,100.0,6.58,1.6,8.18,0,idle,98.6,move_right
64.0,82.0,0.42,4.91,5.34,0,kick,94.6,block
10.0,76.0,0.23,9.05,8.82,0,punch,91.4,block
82.0,100.0,1.23,4.63,5.86,2,punch,97.6,idle
100.0,100.0,1.18,6.79,7.97,0,jump,97.4,special
82.0,94.0,1.63,5.47,7.09,0,jump,97.6,move_right
100.0,100.0,4.14,3.6,7.74,0,move_left,98.9,move_right
94.0,100.0,1.55,7.55,9.1,0,kick,96.5,block
43.0,37.0,0.84,7.01,7.84,3,move_right,93.0,idle
1.0,64.0,0.6,10.0,9.4,0,kick,91.0,jump
100.0,100.0,8.0,1.78,9.78,0,move_right,97.8,move_right
82.0,100.0,1.33,5.47,6.79,1,idle,98.1,idle
16.0,25.0,0.28,4.04,4.32,2,punch,92.7,block
61.0,76.0,0.76,6.42,7.18,2,move_left,94.0,idle
13.0,82.0,0.72,6.77,7.49,0,special,94.7,jump
7.0,70.0,0.29,7.44,7.15,0,kick,91.2,block
100.0,82.0,1.78,4.04,5.82,0,block,96.9,jump
43.0,70.0,0.15,3.87,3.72,1,jump,96.2,idle
1.0,64.0,0.21,7.88,7.67,0,idle,92.2,move_left
4.0,7.0,1.49,5.19,6.68,2,move_right,91.2,idle
100.0,100.0,2.22,6.32,8.54,0,punch,97.6,move_right
100.0,94.0,1.01,7.49,8.5,3,move_left,96.2,idle
100.0,100.0,6.09,0.21,6.3,0,special,98.8,jump
52.0,7.0,1.25,8.45,9.7,2,idle,91.4,idle
82.0,73.0,1.61,5.96,7.58,0,punch,93.9,move_right
73.0,100.0,1.35,7.64,8.99,4,kick,95.5,idle
49.0,91.0,1.63,7.86,9.49,1,move_right,95.9,idle
100.0,100.0,6.92,2.08,9.0,0,kick,98.6,move_right
7.0,7.0,0.22,7.43,7.66,4,move_right,90.0,idle
85.0,76.0,1.51,6.55,8.06,6,punch,91.7,idle
100.0,100.0,6.76,1.43,8.2,0,kick,98.8,move_right
100.0,100.0,1.13,7.03,8.16,1,move_left,96.9,idle
94.0,91.0,1.49,4.29,5.78,0,punch,96.8,jump
52.0,49.0,1.89,4.95,6.84,4,move_right,92.7,idle
94.0,82.0,0.12,4.08,4.2,1,jump,97.5,idle
100.0,82.0,1.56,5.81,7.36,5,kick,97.0,idle
37.0,43.0,1.06,8.51,9.57,3,punch,87.3,block
52.0,67.0,0.86,5.93,6.79,3,move_left,94.1,idle
100.0,100.0,1.32,4.61,5.94,2,punch,96.3,idle
22.0,61.0,0.14,9.08,8.93,0,move_left,91.8,move_left
100.0,82.0,0.49,3.75,3.26,3,move_left,97.2,idle
94.0,49.0,0.68,8.42,9.1,3,idle,93.1,idle
55.0,70.0,0.92,7.73,8.65,1,idle,93.9,idle
64.0,76.0,0.74,8.66,9.4,3,punch,90.9,block
4.0,67.0,0.15,5.67,5.82,0,idle,88.9,move_right
100.0,100.0,2.66,1.86,4.52,0,move_left,98.3,move_right
13.0,55.0,0.37,7.67,7.3,0,kick,90.5,block
100.0,100.0,4.2,2.14,6.34,0,punch,98.3,move_right
10.0,82.0,0.08,8.82,8.75,0,kick,91.4,block
19.0,67.0,1.16,8.84,10.0,0,jump,90.4,move_right
1.0,73.0,0.12,4.72,4.84,0,kick,92.9,block
46.0,43.0,1.88,6.59,8.47,4,punch,91.9,idle
4.0,34.0,0.39,6.6,6.99,5,kick,93.7,block
52.0,73.0,1.12,6.32,7.44,2,punch,92.5,block
100.0,100.0,7.67,2.21,9.88,2,block,98.1,idle
22.0,19.0,0.41,4.05,4.46,0,move_left,89.6,punch
34.0,67.0,0.9,8.5,9.4,0,kick,91.5,block
64.0,40.0,1.18,8.5,9.67,1,kick,93.8,block
28.0,64.0,0.23,7.07,7.3,0,kick,91.2,jump
91.0,91.0,1.24,8.28,9.52,2,block,95.6,idle
85.0,85.0,0.61,5.55,6.16,1,move_right,94.5,idle
100.0,100.0,4.01,4.79,8.8,2,move_right,98.8,idle
34.0,49.0,0.86,8.54,9.4,0,special,93.8,block
100.0,100.0,4.88,3.27,8.14,0,move_right,98.4,move_right
19.0,25.0,1.32,7.6,8.92,3,idle,91.9,idle
40.0,40.0,1.48,8.52,10.0,1,move_right,89.7,idle
100.0,91.0,1.58,6.45,8.03,1,special,96.8,idle
49.0,49.0,1.59,4.98,6.56,3,punch,94.4,idle
100.0,100.0,6.1,3.2,9.3,0,punch,98.2,move_right
91.0,85.0,0.92,4.07,4.99,0,move_left,95.8,kick
67.0,82.0,1.58,6.97,8.55,6,jump,94.1,idle
100.0,100.0,2.13,3.15,5.28,0,kick,97.4,move_right
100.0,100.0,2.46,4.42,6.88,0,idle,97.6,move_right
58.0,91.0,0.38,5.18,5.56,1,move_right,96.9,idle
85.0,82.0,0.75,3.87,4.62,0,jump,97.7,block
100.0,100.0,4.62,3.77,8.39,0,move_left,98.4,move_right
100.0,100.0,1.72,6.02,7.74,0,kick,97.3,move_right
58.0,70.0,0.15,7.64,7.79,0,kick,93.0,block
100.0,91.0,1.16,4.27,5.43,1,kick,96.4,block
43.0,79.0,1.54,3.25,4.78,3,punch,95.6,idle
100.0,100.0,2.33,6.16,8.49,0,punch,98.1,jump
22.0,73.0,0.73,8.46,9.19,0,special,94.3,block
70.0,40.0,0.16,4.42,4.57,1,punch,94.8,block
100.0,100.0,8.0,1.78,9.78,4,special,98.2,idle
1.0,64.0,0.62,9.11,9.73,0,punch,91.2,block
100.0,100.0,3.29,6.68,9.97,0,kick,97.6,move_right
37.0,52.0,1.09,6.28,7.37,3,punch,94.7,block
85.0,37.0,0.64,4.43,5.07,0,jump,94.1,punch
67.0,76.0,1.56,7.12,8.68,2,kick,94.2,idle
100.0,82.0,1.66,7.74,9.4,0,move_right,92.9,jump
100.0,100.0,3.15,5.54,8.69,0,special,97.4,move_right
94.0,88.0,0.84,8.54,9.38,2,punch,96.4,block
31.0,43.0,0.74,8.66,9.4,2,move_right,89.5,idle
1.0,73.0,0.04,4.15,4.18,0,move_right,92.2,move_right
100.0,100.0,7.02,1.89,8.91,0,punch,97.7,move_right
100.0,100.0,1.93,5.27,7.21,1,move_right,97.8,idle
22.0,55.0,0.6,4.04,4.64,0,move_right,90.3,move_right
58.0,70.0,1.7,6.31,8.01,3,move_right,92.1,idle
100.0,100.0,4.03,5.32,9.34,0,move_right,97.8,kick
100.0,100.0,2.19,4.9,7.09,0,punch,96.8,move_right
64.0,67.0,1.55,8.15,9.7,0,idle,95.6,punch
100.0,100.0,4.8,4.6,9.4,0,punch,97.4,move_right
94.0,88.0,0.17,5.01,5.18,0,move_left,96.5,special
73.0,61.0,0.2,8.6,8.8,6,special,93.1,block
28.0,61.0,0.16,6.67,6.83,0,kick,92.1,block
52.0,55.0,1.26,5.8,7.06,0,block,90.5,punch
13.0,73.0,0.12,5.62,5.74,0,punch,94.2,block
25.0,37.0,0.82,6.62,7.44,0,move_right,90.2,block
79.0,67.0,0.85,7.35,8.2,4,move_left,95.6,idle
70.0,67.0,1.23,4.65,5.88,3,punch,95.5,idle
94.0,100.0,1.33,5.05,6.38,1,move_left,97.9,idle
31.0,52.0,1.32,6.4,7.72,0,idle,91.4,jump
34.0,73.0,1.21,5.39,6.6,0,idle,93.5,punch
100.0,100.0,3.46,4.62,8.08,0,kick,98.0,move_right
37.0,43.0,0.65,6.01,6.66,2,punch,94.1,block
19.0,13.0,1.04,4.78,3.74,0,idle,88.9,punch
79.0,76.0,1.3,7.6,8.9,3,move_left,94.8,idle
28.0,67.0,0.9,8.5,9.4,0,punch,91.3,jump
100.0,100.0,1.58,5.69,7.27,0,kick,97.3,kick
76.0,91.0,1.02,5.78,6.8,0,kick,97.4,jump
46.0,58.0,1.03,5.65,6.68,0,move_left,94.5,punch
22.0,64.0,1.07,6.04,7.11,0,punch,91.3,block
100.0,100.0,1.35,8.65,10.0,0,idle,95.7,punch
7.0,40.0,0.05,5.87,5.82,2,block,86.7,idle
64.0,82.0,1.02,7.18,8.2,0,block,93.3,punch
40.0,67.0,0.63,5.37,6.0,1,move_left,94.5,idle
37.0,64.0,0.52,5.16,5.68,3,move_left,95.0,idle
22.0,73.0,0.14,7.51,7.64,0,jump,90.2,move_right
76.0,67.0,0.76,8.34,9.1,2,idle,93.6,block
70.0,64.0,0.58,7.09,7.67,2,move_right,94.6,idle
100.0,100.0,2.38,4.91,7.3,0,punch,97.6,jump
40.0,91.0,1.09,5.82,6.91,0,kick,95.5,block
1.0,70.0,0.29,7.44,7.15,0,punch,91.1,jump
100.0,100.0,1.1,3.91,5.01,2,idle,97.0,idle
94.0,70.0,1.28,7.05,8.33,1,idle,94.9,special
100.0,100.0,7.03,1.7,8.73,0,jump,98.8,move_right
4.0,25.0,0.11,6.44,6.34,3,kick,90.1,block
25.0,94.0,1.15,5.53,6.68,0,punch,93.6,jump
100.0,100.0,1.96,6.41,8.37,3,idle,95.5,idle
70.0,70.0,0.44,7.13,6.7,0,move_left,92.3,kick
94.0,91.0,1.76,2.95,4.71,0,punch,98.0,move_right
100.0,100.0,1.57,7.93,9.51,0,move_left,97.4,kick
49.0,58.0,0.78,7.34,8.12,1,jump,93.4,idle
7.0,61.0,0.0,9.7,9.7,0,kick,89.5,jump
100.0,100.0,2.3,5.6,7.89,0,block,98.6,move_right
4.0,37.0,0.49,5.74,6.24,1,move_left,91.5,idle
100.0,100.0,5.84,3.56,9.4,0,move_right,96.5,block
100.0,100.0,5.09,4.15,9.23,0,move_left,97.7,jump
1.0,61.0,0.27,6.6,6.87,0,move_right,92.7,move_right
100.0,100.0,6.67,2.78,9.45,0,move_right,98.9,move_right
100.0,100.0,3.25,5.55,8.8,0,move_right,98.3,move_right
58.0,64.0,0.45,8.65,9.1,0,kick,92.3,block
43.0,76.0,0.15,3.87,4.02,0,move_right,96.5,punch
100.0,100.0,4.45,0.77,5.22,0,punch,98.9,move_right
85.0,85.0,0.39,6.7,7.09,3,punch,93.9,block
46.0,52.0,1.34,8.66,10.0,1,idle,89.4,idle
40.0,55.0,0.74,7.13,6.4,3,idle,90.0,idle
55.0,25.0,0.16,4.42,4.57,0,jump,93.0,kick
100.0,100.0,1.41,7.87,9.27,3,jump,95.3,idle
37.0,64.0,0.72,7.89,8.61,6,move_left,88.8,idle
19.0,67.0,0.33,4.33,4.66,0,idle,93.8,move_right
73.0,82.0,0.72,4.91,5.64,2,move_left,94.9,idle
22.0,85.0,0.03,6.05,6.08,0,move_right,92.3,move_right
100.0,100.0,8.37,0.86,9.23,0,idle,99.0,move_right
100.0,100.0,2.04,5.4,7.44,0,move_right,98.2,jump
91.0,100.0,0.84,8.56,9.4,1,move_left,96.2,idle
34.0,58.0,1.04,8.66,9.7,6,jump,89.6,idle
91.0,61.0,1.25,8.15,9.4,2,move_left,94.9,idle
94.0,82.0,0.92,7.73,8.65,2,jump,96.1,punch
10.0,25.0,0.74,8.51,7.77,0,move_left,85.8,punch
61.0,94.0,0.32,7.78,8.1,0,move_left,94.3,block
55.0,70.0,0.92,7.73,8.65,0,kick,93.8,block
85.0,88.0,0.63,6.27,6.9,2,move_left,93.3,idle
1.0,73.0,0.18,3.64,3.82,0,punch,94.2,block
100.0,94.0,2.08,7.29,9.37,0,punch,94.6,jump
79.0,94.0,0.72,7.48,8.2,2,move_left,94.3,idle
100.0,100.0,2.16,4.0,6.16,0,jump,97.9,special
10.0,52.0,0.17,8.84,8.67,2,idle,92.1,idle
88.0,88.0,0.72,6.3,7.02,0,move_left,96.6,block
79.0,79.0,0.54,7.01,7.54,2,jump,94.9,special
7.0,82.0,0.27,5.64,5.91,0,punch,92.9,block
100.0,100.0,2.46,3.7,6.16,2,kick,98.4,idle
22.0,70.0,0.91,9.09,10.0,0,idle,89.6,special
16.0,37.0,1.14,6.71,7.86,6,jump,87.4,idle
100.0,94.0,2.19,4.05,6.24,0,punch,97.6,move_right
82.0,76.0,0.25,6.01,6.26,3,punch,96.4,block
1.0,16.0,0.37,8.43,8.8,1,punch,87.1,block
46.0,82.0,1.99,4.54,6.54,2,move_right,96.6,idle
31.0,61.0,1.52,8.34,9.86,3,punch,88.7,punch
100.0,76.0,0.46,7.91,8.37,1,idle,92.7,idle
61.0,88.0,0.14,8.66,8.8,0,punch,92.7,block
34.0,22.0,1.37,7.62,9.0,0,kick,90.9,kick
100.0,100.0,3.86,3.37,7.24,0,jump,98.9,move_right
28.0,67.0,0.27,6.27,6.0,0,move_right,90.0,move_left
7.0,4.0,0.17,4.56,4.73,6,idle,90.8,idle
52.0,55.0,1.51,6.85,8.36,3,punch,89.1,idle
94.0,94.0,0.81,4.55,5.35,2,punch,96.5,block
19.0,73.0,0.18,5.61,5.43,0,idle,95.0,move_left
37.0,67.0,1.55,8.45,10.0,2,punch,94.9,idle
61.0,37.0,1.57,8.13,9.7,0,kick,91.8,punch
37.0,31.0,0.53,8.23,7.71,2,move_left,93.0,jump
76.0,94.0,1.22,7.78,9.0,0,punch,95.0,block
82.0,88.0,0.89,4.77,5.66,0,move_left,97.6,kick
100.0,100.0,1.02,6.14,7.16,0,move_left,97.4,kick
43.0,22.0,0.06,7.82,7.88,1,move_left,88.6,idle
61.0,70.0,1.83,6.0,7.82,2,move_right,94.5,idle
4.0,67.0,0.16,8.34,8.5,0,punch,90.9,block
82.0,85.0,1.48,7.9,9.38,2,kick,95.2,idle
10.0,67.0,0.26,4.56,4.82,0,idle,91.2,move_right
88.0,76.0,1.59,6.81,8.4,3,move_right,96.9,idle
100.0,100.0,1.33,7.94,9.27,0,move_left,96.7,punch
100.0,76.0,0.95,4.53,5.48,3,move_left,96.6,idle
100.0,100.0,4.85,3.65,8.5,0,punch,98.6,move_right
82.0,73.0,0.96,5.81,6.76,2,kick,95.4,block
100.0,100.0,2.22,6.0,8.22,0,punch,97.9,move_right
76.0,64.0,1.48,4.04,5.52,0,punch,95.5,block
31.0,67.0,1.38,7.24,8.62,3,kick,93.2,idle
82.0,73.0,1.31,6.26,7.58,0,kick,93.8,jump
19.0,76.0,0.03,9.37,9.4,0,block,88.3,move_right
100.0,100.0,3.69,5.27,8.97,0,kick,98.9,move_right
43.0,64.0,0.68,7.71,8.39,0,move_left,93.8,kick
100.0,100.0,1.1,3.91,5.01,0,idle,96.8,jump
43.0,58.0,1.81,7.93,9.73,6,move_right,94.1,idle
100.0,100.0,3.08,4.49,7.57,0,punch,97.8,move_right
79.0,85.0,0.26,8.54,8.8,1,punch,94.4,block
49.0,46.0,1.92,5.7,7.62,0,move_right,94.3,jump
100.0,91.0,0.82,7.32,8.15,2,punch,95.5,block
73.0,67.0,0.36,6.9,6.54,1,move_left,93.7,idle
34.0,94.0,1.45,5.23,6.68,0,punch,93.9,block
100.0,100.0,1.42,7.13,8.56,0,block,96.6,kick
100.0,100.0,2.76,3.82,6.58,0,punch,97.9,jump
100.0,76.0,0.95,4.53,5.48,2,kick,96.5,block
46.0,43.0,1.58,6.59,8.17,2,move_left,91.7,idle
100.0,100.0,3.0,3.14,6.14,0,block,98.3,move_right
1.0,25.0,1.5,6.34,7.84,1,move_right,90.1,move_right
40.0,70.0,0.01,8.36,8.35,2,jump,92.2,special
64.0,61.0,0.39,6.7,7.09,3,punch,91.8,block
52.0,37.0,1.03,5.47,6.49,1,kick,92.7,block
10.0,25.0,1.32,7.6,8.92,2,kick,91.8,idle
46.0,46.0,1.33,7.07,8.41,5,punch,92.3,idle
19.0,40.0,0.05,5.87,5.82,2,kick,87.1,block
100.0,100.0,3.26,3.83,7.09,1,jump,98.6,idle
67.0,79.0,1.12,7.22,8.34,2,special,93.5,block
70.0,58.0,0.43,4.56,4.13,0,move_left,93.9,kick
61.0,82.0,0.75,3.87,4.62,3,special,97.4,block
100.0,100.0,1.62,4.71,6.33,0,kick,98.5,move_right
91.0,85.0,1.21,6.54,7.75,3,kick,95.8,idle
100.0,100.0,1.93,5.27,7.21,0,special,97.7,move_right
43.0,73.0,0.92,4.67,5.59,1,idle,92.9,idle
34.0,49.0,1.04,7.13,6.1,3,jump,89.6,idle
25.0,73.0,1.2,8.8,10.0,0,block,93.1,move_right
82.0,82.0,0.96,5.81,6.76,0,move_right,95.6,kick
67.0,64.0,2.1,6.61,8.7,1,move_right,92.0,idle
94.0,70.0,0.76,7.91,8.67,1,jump,92.2,idle
100.0,100.0,3.25,2.23,5.48,0,move_left,98.7,move_right
25.0,52.0,0.3,8.2,8.5,0,block,91.6,move_right
100.0,82.0,0.91,6.79,7.7,6,move_left,97.6,special
49.0,67.0,1.21,8.19,9.4,2,move_right,92.7,idle
100.0,100.0,3.44,6.26,9.7,5,punch,96.9,idle
100.0,100.0,4.6,4.7,9.3,0,punch,97.5,move_right
100.0,100.0,2.78,3.91,6.69,0,idle,98.4,jump
82.0,94.0,1.59,4.07,5.66,0,kick,97.6,block
82.0,82.0,1.42,7.13,8.56,0,kick,94.4,block
40.0,61.0,1.4,7.95,9.35,0,jump,90.9,punch
37.0,73.0,1.12,5.16,6.28,0,punch,95.2,block
10.0,61.0,0.04,8.54,8.58,0,punch,88.4,block
100.0,100.0,5.57,3.97,9.54,0,idle,99.0,move_right
4.0,70.0,0.09,4.37,4.46,0,idle,93.8,move_right
79.0,31.0,0.94,4.43,5.37,0,special,93.1,jump
58.0,79.0,1.47,7.18,8.65,0,move_right,93.8,kick
100.0,100.0,3.26,5.57,8.83,0,idle,97.7,block
52.0,73.0,0.74,7.66,8.4,1,move_left,95.3,idle
100.0,100.0,2.59,4.94,7.54,0,move_right,98.4,move_right
52.0,52.0,0.98,4.4,5.38,0,move_left,96.2,block
100.0,100.0,7.04,2.66,9.7,0,move_left,97.2,move_right
91.0,91.0,1.52,4.07,5.59,0,punch,96.5,block
100.0,100.0,4.86,2.46,7.32,6,punch,98.3,idle
100.0,100.0,5.02,3.12,8.15,0,idle,98.1,move_right
40.0,16.0,0.1,8.6,8.5,0,jump,89.3,kick
100.0,100.0,2.48,4.21,6.69,0,jump,98.2,move_right
52.0,58.0,1.34,8.66,10.0,1,idle,89.9,idle
100.0,100.0,5.6,4.1,9.7,0,move_left,98.1,move_right
64.0,85.0,0.29,8.06,8.35,2,punch,93.9,block
10.0,19.0,1.28,7.79,9.07,0,punch,89.3,block
100.0,100.0,1.42,5.64,7.06,0,idle,96.9,block
61.0,94.0,1.07,4.54,5.61,3,punch,95.6,block
76.0,85.0,1.38,6.58,7.96,3,block,94.7,idle
88.0,82.0,0.66,5.81,6.46,0,block,95.8,block
79.0,100.0,0.72,7.48,8.2,0,idle,94.5,punch
49.0,58.0,0.77,4.94,5.7,0,punch,95.7,block
88.0,94.0,2.05,3.47,5.52,4,kick,96.2,idle
40.0,22.0,0.4,8.6,8.2,3,move_left,90.1,idle
100.0,100.0,4.49,5.35,9.83,0,special,97.1,move_right
16.0,94.0,0.25,6.13,6.38,0,jump,92.1,move_right
37.0,64.0,1.1,4.62,5.72,3,punch,94.4,block
100.0,100.0,1.9,5.69,7.59,0,move_right,95.8,move_right
52.0,49.0,1.59,5.55,7.14,0,idle,92.0,kick
10.0,67.0,0.04,4.86,4.82,0,idle,91.3,move_left
10.0,61.0,0.52,6.58,6.07,0,punch,92.3,block
88.0,79.0,1.0,8.7,9.7,0,punch,93.6,block
16.0,43.0,0.91,8.49,9.4,2,move_right,88.7,idle
52.0,67.0,0.86,5.93,6.79,0,jump,93.8,punch
67.0,55.0,1.46,8.54,10.0,2,move_right,94.4,idle
100.0,76.0,0.76,7.61,8.37,1,jump,93.2,idle
88.0,94.0,1.2,4.34,5.54,0,kick,97.1,block
52.0,82.0,1.69,4.24,5.94,0,jump,97.1,move_right
85.0,43.0,0.94,4.43,5.37,3,move_right,94.9,idle
85.0,85.0,1.08,7.24,8.32,3,jump,95.9,idle
49.0,76.0,1.27,7.25,8.52,0,idle,94.5,kick
100.0,100.0,4.01,2.36,6.38,1,idle,98.2,idle
55.0,31.0,1.57,8.43,10.0,3,idle,90.8,idle
49.0,52.0,1.99,6.14,8.14,1,move_right,93.6,idle
67.0,79.0,0.12,8.19,8.31,0,move_left,91.1,punch
1.0,73.0,0.3,10.0,9.7,0,kick,91.7,jump
82.0,91.0,1.39,5.52,6.91,3,punch,97.7,idle
100.0,76.0,0.76,7.61,8.37,0,idle,93.1,move_right
49.0,88.0,1.36,4.87,6.23,0,punch,96.3,move_right
100.0,100.0,2.62,5.82,8.45,0,punch,96.9,move_right
1.0,10.0,0.55,8.25,8.8,3,punch,87.4,block
70.0,76.0,1.81,6.55,8.36,3,kick,90.5,idle
100.0,91.0,2.48,5.99,8.47,0,special,96.4,move_right
46.0,52.0,1.28,6.59,7.87,2,kick,92.7,idle
43.0,73.0,1.24,3.85,5.08,3,punch,94.2,idle
82.0,91.0,1.12,5.16,6.28,0,move_right,96.8,punch
85.0,82.0,1.5,5.71,7.2,0,jump,94.7,punch
13.0,55.0,1.06,8.34,9.4,1,special,90.5,block
16.0,37.0,1.13,5.2,6.34,3,special,92.3,block
46.0,67.0,1.76,8.24,10.0,0,move_right,91.5,move_right
67.0,49.0,0.76,3.86,4.62,1,block,95.3,idle
79.0,85.0,1.15,7.35,8.5,0,jump,96.3,kick
22.0,19.0,1.13,7.66,8.79,6,punch,90.4,block
100.0,100.0,7.03,2.84,9.87,0,kick,98.9,move_right
91.0,76.0,1.81,5.95,7.76,2,punch,92.2,idle
31.0,58.0,1.64,5.49,7.12,0,idle,93.4,move_right
73.0,70.0,1.59,6.81,8.4,0,move_right,96.0,punch
64.0,82.0,1.28,6.28,7.57,3,idle,94.9,idle
76.0,76.0,1.23,4.72,5.95,4,move_left,97.2,idle
52.0,76.0,1.21,7.93,9.13,3,punch,94.5,idle
10.0,73.0,0.08,6.57,6.64,0,punch,92.0,block
1.0,64.0,0.12,9.09,9.21,0,special,87.5,block
43.0,85.0,1.47,6.3,7.77,0,move_right,96.3,punch
25.0,55.0,0.02,2.78,2.76,0,block,91.1,move_left
82.0,91.0,0.76,4.78,5.54,0,move_right,95.6,punch
100.0,100.0,4.7,3.45,8.15,0,punch,98.2,block
61.0,73.0,1.86,6.36,8.22,1,kick,92.9,idle
100.0,100.0,6.62,0.54,7.16,0,kick,98.9,jump
67.0,70.0,1.87,7.93,9.81,0,move_right,95.6,move_right
91.0,82.0,0.28,7.09,7.37,2,move_left,96.5,idle
100.0,100.0,2.04,5.21,7.26,0,idle,97.7,jump
82.0,100.0,1.58,6.97,8.55,1,punch,94.8,idle
34.0,49.0,0.38,4.2,4.58,0,kick,93.5,block
91.0,85.0,1.22,4.07,5.29,0,idle,95.3,punch
28.0,67.0,0.03,5.97,6.0,0,jump,89.8,move_right
100.0,100.0,5.33,1.93,7.26,0,punch,98.0,move_right
13.0,52.0,1.15,7.35,8.5,2,special,93.7,block
37.0,73.0,0.23,6.77,7.0,3,move_left,92.6,idle
100.0,100.0,4.8,3.5,8.3,0,block,98.4,move_right
100.0,100.0,5.18,3.15,8.33,0,move_left,98.7,move_right
16.0,73.0,0.18,6.84,6.66,0,move_left,93.0,move_left
100.0,100.0,1.57,7.17,8.74,0,move_left,97.3,kick
52.0,79.0,0.98,5.18,6.16,2,kick,95.8,block
19.0,43.0,0.61,8.81,8.2,3,block,91.2,idle
37.0,55.0,1.57,8.13,9.7,1,move_right,92.9,idle
28.0,55.0,0.57,6.88,7.45,0,punch,91.7,block
1.0,64.0,0.39,7.58,7.97,0,move_right,90.8,move_right
52.0,76.0,1.3,6.04,7.33,1,special,92.7,idle
70.0,76.0,1.66,7.58,9.23,0,move_right,94.7,move_right
91.0,82.0,1.52,5.99,7.5,0,punch,95.0,punch
85.0,73.0,1.83,5.82,7.65,1,kick,96.2,idle
70.0,79.0,1.45,5.57,7.02,3,idle,91.7,idle
16.0,82.0,0.01,8.78,8.77,0,kick,94.8,block
88.0,85.0,1.15,4.37,5.52,0,move_left,94.8,block
94.0,94.0,1.59,6.41,8.0,1,idle,96.1,idle
10.0,7.0,0.39,6.18,6.56,0,punch,87.2,block
19.0,85.0,0.12,6.08,6.2,0,punch,95.9,block
43.0,34.0,1.89,6.18,8.06,3,kick,92.0,idle
100.0,100.0,1.43,7.06,8.49,0,idle,96.9,punch
100.0,100.0,2.61,2.45,5.05,0,punch,98.3,move_right
43.0,58.0,0.38,5.71,6.09,2,move_left,93.3,idle
52.0,82.0,1.17,6.69,7.87,0,move_right,94.0,punch
100.0,100.0,4.25,2.75,7.0,0,punch,98.0,move_right
91.0,91.0,1.77,6.3,8.07,2,move_right,97.5,move_left
100.0,100.0,7.32,1.59,8.91,0,punch,98.4,kick
94.0,100.0,0.23,7.03,7.26,2,move_left,95.8,idle
49.0,94.0,1.52,7.14,8.66,5,idle,92.2,block
91.0,91.0,0.42,5.49,5.91,0,idle,96.3,punch
100.0,100.0,6.51,2.17,8.67,0,move_right,98.5,move_right
67.0,91.0,1.05,5.97,7.02,0,jump,92.9,punch
1.0,73.0,0.3,10.0,9.7,2,punch,92.0,kick
85.0,94.0,1.56,5.02,6.58,3,punch,96.7,idle
100.0,100.0,2.36,2.16,4.52,0,punch,98.1,move_right
100.0,100.0,2.86,5.21,8.07,0,idle,96.1,move_right
52.0,52.0,1.58,4.4,5.98,2,move_right,96.4,idle
100.0,100.0,1.51,6.43,7.93,0,kick,98.1,punch
49.0,49.0,1.21,8.49,9.7,2,jump,90.9,idle
100.0,100.0,2.79,4.9,7.69,0,jump,97.7,move_right
100.0,100.0,1.57,3.61,5.18,0,idle,98.6,jump
28.0,76.0,0.23,9.35,9.12,0,special,92.3,block
100.0,100.0,3.62,5.34,8.96,0,idle,95.1,move_right
4.0,22.0,0.82,5.42,4.6,1,move_left,94.1,idle
85.0,73.0,1.63,5.93,7.56,0,move_right,96.0,move_left
100.0,100.0,2.32,4.14,6.46,0,move_left,97.6,jump
88.0,100.0,1.4,6.2,7.6,1,idle,96.2,idle
100.0,100.0,5.63,3.73,9.36,0,block,98.4,move_right
100.0,100.0,5.28,2.84,8.12,0,move_right,98.3,move_right
49.0,61.0,1.4,7.61,9.01,0,punch,93.9,block
64.0,49.0,1.48,8.52,10.0,2,kick,90.9,idle
55.0,88.0,1.66,4.87,6.53,4,move_right,96.7,idle
94.0,100.0,1.04,7.51,8.54,2,punch,95.0,block
37.0,46.0,0.96,7.0,7.96,0,move_right,87.3,kick
49.0,70.0,0.82,6.58,5.77,0,punch,93.2,block
100.0,94.0,0.37,8.13,8.5,0,move_left,95.8,special
55.0,88.0,0.44,8.66,9.1,0,move_right,92.5,punch
79.0,67.0,0.49,7.71,8.2,2,move_left,93.4,idle
49.0,76.0,0.02,8.18,8.2,2,jump,93.3,idle
79.0,55.0,1.48,8.52,10.0,3,kick,92.2,idle
76.0,91.0,1.26,4.9,6.16,3,idle,94.7,idle
13.0,34.0,1.32,6.7,8.02,3,move_right,89.3,kick
52.0,73.0,1.45,5.87,7.32,0,idle,90.9,punch
100.0,100.0,2.7,5.8,8.5,0,move_left,96.9,jump
31.0,28.0,0.13,5.68,5.81,1,jump,92.0,idle
49.0,76.0,1.27,7.25,8.52,3,punch,94.4,idle
82.0,82.0,1.02,6.59,7.61,3,punch,96.3,block
16.0,58.0,1.26,7.42,8.68,0,move_right,91.8,move_right
31.0,52.0,0.88,6.32,7.19,2,move_right,93.3,idle
64.0,91.0,1.04,7.51,8.54,0,block,94.0,punch
46.0,85.0,1.23,5.15,6.38,2,idle,95.8,idle
55.0,49.0,2.19,4.08,6.26,1,move_right,95.2,idle
100.0,100.0,4.13,4.93,9.06,0,kick,98.0,move_right
100.0,100.0,1.72,6.72,8.45,2,move_right,96.3,idle
64.0,94.0,1.04,8.66,9.7,0,idle,91.6,punch
40.0,58.0,0.83,6.43,7.26,1,move_left,93.2,idle
100.0,100.0,6.89,3.03,9.92,0,jump,98.7,move_right
58.0,67.0,1.56,5.5,7.06,1,block,92.4,idle
85.0,100.0,1.32,5.69,7.02,0,punch,96.6,block
67.0,85.0,1.45,7.6,9.05,1,move_right,93.5,idle
52.0,82.0,0.44,8.36,8.8,2,punch,94.1,block
49.0,49.0,1.59,4.98,6.56,2,idle,94.3,idle
61.0,94.0,0.94,6.44,7.38,1,block,93.8,idle
19.0,25.0,1.32,7.6,8.92,4,jump,92.0,idle
43.0,85.0,1.22,7.44,8.66,0,move_right,91.1,kick
70.0,85.0,0.85,5.17,6.02,0,move_left,96.9,kick
49.0,49.0,0.48,8.32,8.8,0,move_right,92.4,punch
40.0,52.0,0.69,6.6,7.29,0,kick,94.1,block
100.0,100.0,3.45,3.27,6.72,0,punch,98.0,move_right
100.0,100.0,1.59,6.3,7.89,1,punch,97.8,idle
100.0,76.0,1.3,7.22,8.52,2,move_left,94.6,idle
91.0,82.0,0.28,7.09,7.37,1,idle,96.4,idle
79.0,85.0,2.0,7.7,9.7,0,move_right,94.4,jump
34.0,52.0,1.37,8.53,9.9,0,jump,91.8,punch
79.0,67.0,1.15,7.35,8.5,6,move_left,95.8,idle
100.0,100.0,6.61,2.64,9.25,0,jump,98.4,move_right
91.0,100.0,0.54,8.56,9.1,2,move_left,95.9,idle
100.0,100.0,1.81,7.22,9.03,0,move_left,97.4,jump
100.0,100.0,4.63,5.32,9.94,0,move_right,97.4,move_right
76.0,91.0,1.39,5.82,7.21,0,jump,97.0,jump
34.0,55.0,1.4,7.95,9.35,0,idle,90.3,kick
100.0,100.0,4.02,4.59,8.61,0,move_right,96.7,move_right
64.0,91.0,1.04,7.51,8.54,2,punch,94.3,jump
49.0,73.0,0.66,5.81,6.46,0,move_right,93.9,kick
100.0,100.0,3.36,5.02,8.38,0,move_left,97.9,move_right
52.0,76.0,0.13,7.94,8.07,0,move_left,94.1,kick
100.0,100.0,6.2,2.0,8.2,0,idle,99.0,move_right
100.0,100.0,3.44,6.26,9.7,2,punch,96.1,idle
100.0,100.0,3.95,4.55,8.5,0,special,98.3,move_right
100.0,100.0,3.98,3.59,7.57,0,kick,98.1,move_right
100.0,100.0,4.0,3.89,7.89,0,move_left,96.7,move_right
22.0,64.0,0.26,6.97,7.24,0,punch,91.8,block
88.0,76.0,1.29,6.81,8.1,0,move_right,96.4,punch
91.0,67.0,1.24,4.43,5.67,3,kick,96.1,idle
25.0,82.0,1.28,7.08,8.35,1,move_right,96.1,idle
100.0,100.0,4.89,1.37,6.26,0,idle,99.0,move_right
16.0,37.0,0.27,4.65,4.38,5,punch,92.0,block
88.0,100.0,1.23,4.63,5.86,0,jump,97.8,punch
82.0,85.0,0.13,6.07,6.19,0,special,96.3,jump
25.0,37.0,0.96,7.0,7.96,1,kick,87.0,block
100.0,100.0,2.82,5.72,8.54,0,block,97.9,move_right
58.0,58.0,1.34,8.66,10.0,3,punch,90.1,idle
100.0,100.0,2.43,4.92,7.35,0,punch,97.2,move_right
31.0,34.0,0.78,7.34,8.12,2,jump,92.1,idle
64.0,76.0,1.02,6.59,7.61,2,move_left,95.2,idle
28.0,67.0,0.33,4.63,4.96,0,kick,95.1,block
49.0,67.0,1.26,6.82,8.08,0,move_right,93.2,kick
82.0,94.0,1.62,7.89,9.51,1,punch,93.8,idle
76.0,88.0,1.06,6.42,7.48,2,punch,96.0,block
100.0,94.0,1.12,6.02,7.14,0,move_left,94.7,jump
4.0,58.0,0.03,6.27,6.3,2,idle,88.5,idle
100.0,100.0,2.03,5.23,7.26,0,punch,96.9,move_right
1.0,64.0,0.3,10.0,9.7,3,block,91.9,idle
85.0,85.0,1.43,4.6,6.04,2,kick,97.6,idle
73.0,100.0,1.83,4.63,6.46,0,move_right,97.3,jump
100.0,100.0,2.94,7.06,10.0,0,move_right,97.9,move_right
91.0,55.0,1.55,8.15,9.7,3,move_right,94.6,idle
94.0,100.0,1.32,7.48,8.8,0,jump,95.5,block
64.0,61.0,0.83,7.66,8.49,3,move_left,93.7,idle
58.0,67.0,1.56,5.5,7.06,2,idle,92.5,idle
76.0,100.0,1.88,5.97,7.84,0,punch,95.2,move_right
100.0,100.0,6.34,1.89,8.23,0,idle,98.6,move_right
88.0,73.0,1.57,5.11,6.68,3,jump,94.9,idle
43.0,61.0,1.06,6.42,7.48,3,move_right,92.8,idle
28.0,67.0,0.45,5.67,6.12,2,punch,90.0,block
43.0,34.0,1.89,6.18,8.06,1,idle,91.8,idle
49.0,64.0,1.03,4.2,5.23,0,punch,94.8,block
94.0,100.0,1.4,8.6,10.0,2,punch,95.1,idle
19.0,58.0,0.86,8.27,9.13,0,kick,91.6,jump
91.0,73.0,0.98,6.89,7.87,3,kick,95.5,block
25.0,64.0,1.22,7.31,8.53,0,idle,92.4,move_right
64.0,79.0,0.39,6.7,7.09,0,block,92.5,jump
100.0,100.0,3.51,6.07,9.57,2,move_left,96.3,idle
73.0,67.0,0.66,6.9,6.24,1,jump,93.2,idle
94.0,70.0,1.72,6.84,8.56,1,move_right,94.2,idle
100.0,94.0,1.34,5.23,6.57,3,jump,98.0,idle
70.0,61.0,1.32,7.22,8.54,1,punch,95.0,idle
61.0,73.0,0.72,8.15,8.87,5,kick,96.6,block
100.0,100.0,5.63,1.89,7.52,0,move_left,98.4,move_right
70.0,85.0,0.36,7.88,7.52,3,move_left,94.4,idle
4.0,28.0,1.18,7.69,8.87,0,kick,89.4,block
10.0,28.0,0.31,8.81,8.5,1,move_left,89.6,idle
76.0,91.0,1.39,5.82,7.21,0,jump,96.9,kick
52.0,82.0,1.39,4.54,5.94,0,punch,97.0,block
22.0,67.0,0.15,5.97,5.82,0,punch,89.6,block
4.0,37.0,0.23,5.49,5.72,0,move_left,90.4,punch
88.0,88.0,1.46,7.94,9.4,2,block,94.0,idle
64.0,76.0,0.98,6.28,7.27,3,idle,94.5,idle
94.0,82.0,1.33,4.5,5.83,6,punch,97.6,idle
85.0,85.0,0.26,8.54,8.8,3,idle,94.6,idle
16.0,16.0,0.69,6.7,7.39,5,special,89.4,block
67.0,61.0,0.97,8.23,9.21,4,move_left,95.1,idle
52.0,64.0,0.08,5.71,5.79,1,kick,94.5,block
85.0,100.0,0.24,8.56,8.8,0,move_left,95.4,punch
100.0,94.0,1.34,8.66,10.0,3,punch,94.0,idle
94.0,73.0,1.57,5.11,6.68,0,block,95.5,block
100.0,100.0,1.85,4.53,6.38,0,kick,97.9,jump
85.0,85.0,1.51,7.93,9.43,0,punch,96.2,block
100.0,100.0,3.67,1.92,5.59,0,move_left,98.5,move_right
28.0,76.0,0.53,9.65,9.12,0,move_left,92.4,move_left
37.0,61.0,1.2,4.34,5.54,0,block,92.3,kick
100.0,100.0,1.63,5.27,6.91,2,kick,97.9,idle
70.0,88.0,1.31,7.49,8.8,2,punch,95.7,idle
100.0,100.0,4.56,4.12,8.68,0,punch,98.6,kick
22.0,13.0,1.28,8.42,9.7,2,jump,89.7,idle
70.0,91.0,1.25,5.75,7.0,0,special,95.7,block
100.0,100.0,5.72,1.44,7.16,0,idle,98.4,move_right
76.0,82.0,1.44,3.4,4.84,3,move_right,96.6,idle
19.0,61.0,0.03,9.07,9.1,0,block,90.8,move_right
100.0,100.0,4.22,4.48,8.7,0,idle,97.6,jump
82.0,70.0,1.02,6.8,7.82,6,move_right,95.2,idle
61.0,67.0,1.46,8.24,9.7,3,punch,91.9,idle
100.0,100.0,2.19,5.4,7.59,0,idle,98.5,move_right
4.0,82.0,0.29,8.78,9.07,0,punch,93.7,jump
100.0,100.0,3.91,2.09,6.0,0,punch,98.6,move_left
79.0,82.0,1.57,7.17,8.74,4,punch,96.6,idle
67.0,76.0,1.69,4.32,6.01,0,kick,97.2,move_right
100.0,100.0,5.61,2.77,8.37,0,kick,98.2,move_right
79.0,88.0,0.73,7.94,8.67,0,idle,95.6,block
49.0,76.0,1.36,8.34,9.7,0,kick,91.8,block
37.0,88.0,1.28,5.01,6.29,5,move_left,94.8,idle
7.0,73.0,0.12,3.94,3.82,0,move_right,94.5,move_left
55.0,73.0,0.96,5.91,6.87,0,move_left,95.2,block
100.0,100.0,2.52,5.87,8.39,3,punch,97.3,idle
100.0,100.0,3.55,1.37,4.92,0,move_left,98.6,move_right
37.0,46.0,0.96,7.0,7.96,1,idle,87.5,idle
100.0,100.0,1.87,6.93,8.8,0,punch,97.1,move_right
100.0,100.0,1.4,7.01,8.41,3,jump,96.5,idle
91.0,91.0,1.46,4.26,5.72,0,kick,96.3,block
73.0,79.0,1.51,8.19,9.7,1,move_left,94.0,idle
100.0,100.0,8.33,0.09,8.42,0,idle,99.0,move_right
49.0,58.0,0.44,4.78,4.34,0,idle,91.4,jump
61.0,67.0,1.99,4.32,6.31,0,idle,95.5,move_right
19.0,61.0,0.33,8.77,9.1,0,idle,90.9,move_right
73.0,94.0,0.75,7.64,8.39,2,move_left,94.9,idle
73.0,58.0,0.39,4.95,5.34,3,punch,94.5,block
55.0,67.0,1.62,5.5,7.12,1,kick,94.0,idle
25.0,49.0,0.54,5.62,5.08,3,move_left,91.3,idle
10.0,64.0,0.99,6.38,7.37,0,jump,93.4,move_right
67.0,79.0,1.12,7.22,8.34,1,block,93.4,idle
94.0,100.0,1.59,6.41,8.0,0,punch,96.4,punch
100.0,100.0,6.07,3.73,9.81,0,idle,99.0,move_right
85.0,91.0,1.88,5.98,7.87,3,move_right,96.6,idle
46.0,49.0,1.29,7.11,8.4,3,kick,94.0,idle
1.0,73.0,0.37,3.72,4.09,0,move_left,92.3,move_right
100.0,100.0,2.41,5.53,7.93,0,idle,98.4,move_right
82.0,76.0,0.26,4.56,4.82,3,kick,95.6,block
82.0,100.0,1.35,5.67,7.02,3,kick,95.3,idle
1.0,85.0,0.04,7.68,7.72,0,punch,92.7,block
100.0,100.0,7.04,1.21,8.24,0,move_right,98.8,move_right
73.0,40.0,0.88,8.5,9.37,3,punch,94.0,block
28.0,64.0,0.23,7.07,7.3,0,move_right,91.6,move_right
37.0,64.0,1.1,4.62,5.72,2,idle,94.7,idle
100.0,100.0,4.79,4.58,9.37,0,kick,98.4,move_right
82.0,94.0,1.4,7.22,8.62,0,idle,96.8,special
37.0,67.0,0.33,4.63,4.96,2,punch,95.3,block
100.0,100.0,4.93,4.64,9.57,0,block,98.1,move_right
43.0,76.0,1.62,4.38,6.0,0,idle,95.6,move_right
37.0,70.0,0.61,7.44,8.05,2,punch,93.9,jump
100.0,100.0,2.72,5.94,8.66,0,kick,94.9,jump
43.0,85.0,1.04,5.19,6.22,1,kick,95.6,block
100.0,100.0,1.81,6.49,8.3,0,idle,97.8,move_right
4.0,61.0,0.04,3.85,3.81,0,move_left,94.1,move_left
46.0,73.0,1.34,7.66,9.0,6,move_right,94.5,idle
91.0,79.0,1.61,5.96,7.58,3,move_right,94.7,idle
100.0,100.0,1.4,3.91,5.31,0,punch,97.3,block
100.0,100.0,2.95,2.53,5.48,0,idle,98.6,jump
100.0,100.0,2.82,5.57,8.39,0,punch,97.5,move_right
61.0,70.0,1.01,7.79,8.8,1,idle,94.3,idle
64.0,67.0,1.85,8.15,10.0,3,jump,95.9,idle
100.0,100.0,3.21,6.07,9.27,0,move_left,96.1,move_right
100.0,100.0,5.54,3.56,9.1,0,move_left,96.6,jump
10.0,19.0,0.99,6.45,7.44,0,move_left,89.0,punch
100.0,100.0,1.13,7.03,8.16,3,jump,96.3,idle
37.0,49.0,1.32,4.98,6.3,1,punch,92.5,idle
28.0,61.0,1.5,8.5,10.0,2,block,90.4,idle
1.0,10.0,0.44,8.51,8.07,0,move_left,84.7,special
22.0,37.0,0.91,7.15,8.06,2,punch,86.8,block
16.0,37.0,1.44,6.41,7.86,3,idle,88.6,idle
100.0,100.0,4.46,5.54,10.0,0,move_right,97.0,move_right
40.0,55.0,0.62,3.68,3.06,3,kick,92.2,block
61.0,67.0,1.69,4.62,6.31,3,punch,96.1,idle
70.0,82.0,0.68,5.97,6.64,4,idle,93.9,idle
100.0,100.0,7.64,2.36,10.0,6,kick,97.9,idle
67.0,100.0,0.93,4.63,5.56,3,move_left,96.6,idle
100.0,100.0,2.39,7.61,10.0,0,kick,95.8,move_right
73.0,85.0,0.2,8.6,8.8,0,move_left,93.5,punch
22.0,61.0,0.34,8.54,8.88,0,move_right,89.4,move_right
100.0,100.0,0.83,7.03,7.86,3,move_left,96.7,idle
34.0,73.0,1.09,7.66,8.74,0,punch,94.4,block
100.0,94.0,1.37,4.94,6.3,1,punch,97.5,idle
100.0,100.0,8.89,1.11,10.0,0,idle,98.8,move_right
100.0,100.0,1.4,8.0,9.4,0,block,96.7,block
100.0,100.0,5.22,3.0,8.22,0,idle,99.0,move_right
61.0,82.0,1.17,6.69,7.87,2,block,94.6,idle
58.0,73.0,0.36,5.81,6.16,0,idle,94.3,punch
70.0,31.0,0.46,4.42,4.87,3,block,93.7,idle
4.0,40.0,0.15,8.11,7.96,2,move_left,89.9,idle
52.0,82.0,0.68,5.97,6.64,0,block,93.4,block
91.0,100.0,1.45,5.53,6.98,1,kick,96.4,idle
67.0,88.0,0.45,4.17,4.62,2,punch,96.6,block
100.0,100.0,1.36,7.13,8.5,0,punch,94.8,block
55.0,28.0,1.63,7.73,9.36,0,punch,91.7,jump
40.0,46.0,0.24,5.81,5.56,3,idle,92.0,idle
100.0,100.0,5.82,4.04,9.85,0,move_right,97.6,move_right
16.0,37.0,0.84,6.71,7.56,5,move_left,87.3,idle
100.0,94.0,1.28,4.4,5.68,2,move_left,98.4,idle
94.0,79.0,1.27,4.21,5.48,2,idle,97.3,idle
85.0,88.0,0.63,6.27,6.9,1,punch,93.2,block
67.0,61.0,1.96,7.91,9.87,1,kick,90.5,idle
100.0,100.0,4.59,1.71,6.3,0,jump,98.1,jump
100.0,100.0,3.28,5.79,9.07,0,move_right,96.3,jump
70.0,82.0,0.66,5.62,6.28,0,move_left,94.7,kick
100.0,82.0,1.48,4.04,5.52,2,move_left,97.1,idle
100.0,100.0,3.86,1.27,5.13,0,punch,98.6,move_right
64.0,82.0,0.95,5.75,6.7,3,punch,95.5,block
100.0,100.0,1.95,3.87,5.82,0,kick,98.7,move_right
4.0,52.0,0.29,7.16,7.45,0,punch,90.1,jump
58.0,55.0,0.28,7.09,7.37,0,jump,93.8,kick
58.0,16.0,1.21,7.52,8.73,2,kick,92.4,idle
100.0,100.0,2.13,4.47,6.6,0,idle,97.6,jump
100.0,100.0,6.23,1.59,7.82,0,move_left,98.5,move_right
73.0,58.0,0.99,4.95,5.94,0,move_right,93.4,kick
82.0,91.0,0.52,4.86,5.38,3,punch,97.1,block
91.0,79.0,1.61,5.66,7.28,3,move_right,95.4,idle
91.0,94.0,2.19,6.1,8.29,0,move_right,95.1,move_right
100.0,100.0,5.23,3.82,9.04,0,block,98.4,idle
100.0,100.0,2.49,4.9,7.39,4,move_left,97.3,idle
13.0,55.0,0.47,4.41,4.88,0,move_right,92.4,block
94.0,85.0,1.41,8.17,9.57,3,idle,94.2,idle
64.0,61.0,0.39,6.7,7.09,1,punch,91.6,block
100.0,82.0,1.66,7.74,9.4,0,idle,92.8,move_right
100.0,100.0,5.03,2.23,7.26,0,kick,97.9,move_right
7.0,67.0,0.27,6.99,7.27,0,move_right,91.0,move_right
4.0,61.0,0.64,3.55,2.91,4,move_left,93.7,idle
100.0,100.0,1.17,6.88,8.05,3,move_left,97.4,idle
76.0,91.0,0.44,8.36,8.8,3,kick,95.1,block
100.0,100.0,5.22,2.39,7.61,0,move_right,98.6,move_right
82.0,85.0,0.43,6.07,6.49,1,kick,96.8,block
4.0,28.0,1.28,7.41,8.69,1,idle,90.3,idle
46.0,76.0,0.96,7.88,6.92,2,punch,93.6,block
43.0,58.0,0.3,6.92,7.22,3,block,93.1,idle
100.0,100.0,1.27,7.53,8.8,0,move_left,96.7,punch
13.0,31.0,1.5,7.1,8.6,1,idle,91.8,idle
88.0,70.0,0.9,8.5,9.4,3,move_right,93.8,idle
58.0,16.0,1.21,7.52,8.73,3,kick,92.5,idle
100.0,100.0,1.66,4.75,6.41,0,punch,97.0,move_right
85.0,67.0,1.63,8.32,9.94,5,move_right,94.6,idle
34.0,70.0,1.51,8.49,10.0,1,punch,90.0,idle
79.0,73.0,1.02,8.2,9.22,3,kick,94.0,block
64.0,49.0,1.52,8.48,10.0,5,punch,92.0,idle
25.0,22.0,1.25,4.83,6.08,3,move_left,92.9,idle
43.0,61.0,0.42,4.98,5.4,1,jump,94.2,idle
4.0,22.0,0.38,5.48,5.86,3,kick,91.9,block
61.0,73.0,1.26,6.66,7.92,0,move_left,92.2,special
94.0,100.0,1.25,7.25,8.5,0,move_left,97.0,kick
100.0,100.0,1.66,3.56,5.22,0,kick,98.8,jump
100.0,100.0,6.93,0.9,7.82,0,move_left,98.9,jump
34.0,55.0,1.18,7.69,8.87,3,move_right,92.1,idle
100.0,100.0,6.09,3.24,9.33,0,kick,98.8,move_right
4.0,70.0,0.41,7.79,8.2,0,move_left,93.0,move_right
43.0,61.0,0.76,6.42,7.18,2,move_left,92.7,idle
100.0,100.0,1.66,7.0,8.66,0,special,96.0,move_right
100.0,100.0,2.59,4.02,6.61,0,idle,99.0,jump
37.0,37.0,0.53,7.66,8.19,2,kick,91.8,block
100.0,100.0,2.08,6.7,8.77,0,punch,98.0,move_right
94.0,85.0,1.81,7.14,8.95,1,jump,96.8,idle
100.0,100.0,6.23,3.13,9.36,0,kick,98.6,move_right
79.0,37.0,0.64,4.43,5.07,1,jump,93.8,idle
13.0,79.0,0.51,5.75,6.25,0,move_right,92.0,move_right
94.0,94.0,1.44,6.98,8.42,0,punch,97.5,block
16.0,37.0,1.44,6.71,8.16,0,punch,88.2,block
10.0,49.0,0.52,6.06,6.58,1,move_right,92.9,idle
22.0,58.0,1.28,6.01,7.29,0,punch,91.6,block
25.0,55.0,0.09,8.51,8.6,0,jump,91.3,move_right
16.0,64.0,0.24,9.46,9.7,0,special,90.6,jump
4.0,73.0,0.22,6.57,6.34,0,punch,91.7,block
64.0,49.0,0.92,8.48,9.4,3,jump,91.4,idle
91.0,64.0,1.22,5.99,7.2,2,move_left,93.8,idle
25.0,55.0,1.39,5.44,6.84,0,idle,93.8,move_right
34.0,37.0,1.13,5.2,6.34,3,move_right,93.0,idle
10.0,67.0,0.03,5.97,6.0,0,move_right,92.2,move_right
37.0,43.0,1.81,7.39,9.2,3,move_right,92.5,idle
79.0,67.0,0.69,4.95,5.64,1,move_left,94.7,idle
100.0,82.0,1.55,5.71,7.26,1,idle,96.7,idle
79.0,85.0,2.3,7.1,9.4,0,move_right,94.6,move_right
19.0,55.0,0.86,5.93,6.79,1,kick,93.1,block
100.0,100.0,6.04,3.3,9.33,0,kick,98.1,move_right
82.0,67.0,1.02,4.3,5.32,3,idle,96.4,kick
64.0,82.0,0.58,3.68,4.26,2,special,96.0,block
76.0,67.0,1.52,8.48,10.0,0,punch,92.7,block
19.0,76.0,0.57,9.67,9.1,0,move_left,88.2,move_left
61.0,85.0,0.75,6.81,7.55,2,kick,94.6,block
46.0,64.0,1.27,7.17,8.44,1,move_right,95.0,idle
85.0,73.0,0.7,6.8,7.5,1,move_right,95.6,idle
82.0,88.0,1.02,6.8,7.82,0,kick,95.4,idle
4.0,67.0,0.14,8.64,8.5,0,idle,91.3,move_left
100.0,100.0,2.68,5.29,7.97,0,idle,98.2,move_right
100.0,100.0,3.39,3.71,7.1,0,kick,97.9,move_right
34.0,49.0,0.87,8.47,7.6,2,block,90.6,idle
28.0,49.0,0.56,8.54,9.1,0,move_left,93.3,special
82.0,100.0,0.63,4.72,5.35,3,move_left,98.0,idle
100.0,100.0,2.08,3.08,5.16,0,idle,97.8,move_right
16.0,37.0,0.54,7.31,7.86,3,move_left,85.7,idle
100.0,100.0,3.14,4.81,7.94,0,move_left,96.6,move_right
70.0,76.0,0.8,7.22,8.02,1,jump,95.8,idle
79.0,85.0,1.29,6.41,7.7,0,move_left,95.5,punch
28.0,40.0,1.07,4.94,6.0,0,kick,93.6,block
100.0,100.0,2.3,5.11,7.41,0,move_left,98.6,move_right
100.0,91.0,1.58,6.75,8.33,0,move_left,96.2,punch
28.0,25.0,0.98,8.72,9.7,0,jump,91.6,punch
34.0,46.0,1.4,8.25,9.65,0,punch,89.7,jump
55.0,70.0,1.54,6.44,7.98,3,move_right,92.0,idle
100.0,100.0,7.04,0.91,7.94,0,punch,98.9,move_right
100.0,100.0,3.74,4.51,8.24,0,kick,96.7,move_right
31.0,46.0,0.53,5.49,6.02,2,block,91.4,kick
67.0,76.0,1.78,7.89,9.67,3,move_right,92.1,idle
94.0,67.0,2.2,7.22,9.42,1,move_right,94.1,idle
52.0,55.0,2.0,7.21,9.21,0,move_right,89.1,move_right
100.0,100.0,2.0,7.4,9.4,0,jump,97.0,move_right
100.0,100.0,4.66,2.81,7.47,0,move_right,97.1,move_right
100.0,100.0,1.62,5.48,7.1,0,punch,98.1,jump
85.0,100.0,1.1,4.62,5.72,1,kick,98.0,block
100.0,100.0,4.77,2.79,7.57,0,special,98.1,move_right
100.0,100.0,1.54,7.59,9.13,0,idle,95.7,kick
100.0,91.0,2.48,5.69,8.17,0,move_right,96.9,jump
91.0,100.0,1.54,3.55,5.08,2,punch,98.2,idle
73.0,76.0,1.76,3.25,5.01,3,move_right,97.0,idle
82.0,73.0,1.31,5.96,7.28,3,punch,94.2,idle
67.0,91.0,0.41,4.39,4.8,1,punch,98.3,block
100.0,100.0,5.82,3.88,9.7,0,move_left,97.0,move_right
16.0,64.0,0.58,8.63,8.05,0,move_left,91.3,move_left
46.0,28.0,1.12,5.21,6.34,1,punch,92.6,block
4.0,40.0,0.6,8.5,7.9,1,move_right,89.6,idle
70.0,76.0,1.51,6.55,8.06,1,jump,90.7,block
40.0,40.0,1.62,4.91,6.54,0,punch,91.4,move_right
100.0,100.0,2.71,2.95,5.66,0,special,97.3,move_right
70.0,76.0,1.1,5.71,6.81,0,move_right,96.8,block
28.0,61.0,0.6,9.1,9.7,0,idle,90.0,move_right
100.0,100.0,4.92,2.84,7.76,0,idle,99.0,move_right
85.0,100.0,1.36,5.32,6.67,0,jump,95.9,kick
100.0,76.0,2.2,6.32,8.52,3,punch,95.5,idle
100.0,100.0,3.81,6.07,9.87,0,move_right,96.5,kick
64.0,88.0,1.09,4.22,5.31,1,punch,96.3,block
100.0,100.0,4.21,4.09,8.3,0,punch,98.9,move_right
25.0,70.0,0.69,4.37,5.06,4,punch,94.8,block
100.0,100.0,2.65,6.1,8.75,0,move_right,96.0,move_right
13.0,55.0,0.27,6.88,7.15,1,punch,90.7,block
100.0,82.0,0.58,7.09,7.67,5,punch,97.2,block
25.0,82.0,0.31,9.08,8.77,0,move_left,94.9,move_left
100.0,100.0,4.6,3.59,8.19,0,block,96.8,move_right
100.0,100.0,2.82,3.4,6.22,0,punch,98.4,move_right
100.0,76.0,1.24,4.43,5.67,1,kick,96.4,idle
91.0,64.0,0.32,7.09,6.77,4,move_left,95.5,idle
1.0,73.0,0.12,5.02,5.14,0,kick,93.6,jump
85.0,85.0,0.54,5.81,6.36,3,punch,94.3,block
4.0,70.0,1.36,5.62,6.97,0,idle,94.0,move_right
91.0,94.0,1.21,6.54,7.75,1,move_left,96.1,idle
100.0,94.0,2.08,7.29,9.37,1,kick,94.7,idle
73.0,58.0,0.69,4.95,5.64,1,idle,94.3,idle
55.0,79.0,1.88,3.97,5.85,3,move_right,94.8,idle
34.0,61.0,1.17,6.88,8.05,0,move_left,92.3,jump
37.0,16.0,0.9,8.8,9.7,2,move_left,91.4,idle
67.0,79.0,0.53,7.07,7.6,3,idle,94.6,idle
79.0,85.0,0.51,4.85,5.35,0,idle,94.7,block
37.0,79.0,1.82,7.74,9.56,0,punch,89.7,move_right
100.0,91.0,1.51,4.75,6.26,1,special,96.0,idle
22.0,58.0,0.14,9.86,10.0,0,move_right,88.7,move_right
91.0,85.0,1.29,6.7,7.99,3,idle,94.8,idle
13.0,64.0,0.26,6.97,7.24,0,kick,91.7,block
61.0,88.0,1.77,6.39,8.17,1,punch,95.1,idle
100.0,100.0,7.81,1.35,9.16,0,move_left,98.8,move_right
100.0,100.0,1.79,3.09,4.88,0,idle,98.3,move_right
85.0,88.0,0.63,6.27,6.9,0,kick,92.9,block
79.0,61.0,1.18,8.52,9.7,0,move_right,92.7,punch
49.0,82.0,0.8,4.62,5.42,0,punch,95.8,jump
100.0,100.0,3.68,5.91,9.59,0,idle,97.9,move_right
79.0,91.0,1.66,5.32,6.97,1,move_right,95.6,idle
67.0,82.0,0.78,3.94,4.72,1,kick,97.6,block
85.0,82.0,1.39,4.32,5.71,0,move_left,97.7,punch
76.0,82.0,1.49,4.29,5.78,0,move_right,96.2,kick
100.0,85.0,1.16,8.54,9.7,2,punch,95.4,block
100.0,100.0,3.08,6.92,10.0,0,kick,96.8,move_right
100.0,100.0,2.17,6.35,8.52,0,idle,97.5,move_right
52.0,40.0,0.99,5.55,6.54,1,punch,91.7,block
100.0,100.0,2.32,6.23,8.56,0,move_right,97.1,jump
100.0,100.0,2.51,5.99,8.5,0,kick,97.1,jump
100.0,100.0,2.36,7.04,9.4,0,move_left,96.2,jump
70.0,61.0,1.02,8.42,9.44,0,kick,93.4,jump
7.0,58.0,0.14,7.29,7.42,0,punch,92.1,block
22.0,64.0,0.54,9.16,9.7,0,move_right,90.8,move_right
100.0,100.0,5.78,2.85,8.63,0,punch,98.8,move_right
100.0,100.0,2.97,5.08,8.05,0,kick,98.8,move_right
70.0,85.0,1.03,6.77,7.81,0,punch,95.2,block
100.0,100.0,3.8,5.21,9.01,0,jump,97.7,move_right
61.0,85.0,1.05,6.81,7.85,0,move_right,94.4,kick
94.0,46.0,1.87,8.13,10.0,3,punch,92.9,idle
100.0,100.0,3.45,4.94,8.39,0,block,98.3,move_right
34.0,70.0,1.66,5.47,7.13,0,punch,94.4,move_right
64.0,85.0,1.55,8.15,9.7,0,special,96.3,special
100.0,100.0,4.5,3.4,7.9,0,kick,98.1,move_right
55.0,64.0,1.26,5.91,7.17,3,jump,95.0,idle
10.0,16.0,0.6,6.91,7.5,2,punch,88.0,block
76.0,76.0,1.56,7.12,8.68,3,jump,94.3,idle
28.0,19.0,0.71,4.05,4.76,3,move_left,89.9,idle
34.0,58.0,1.91,8.06,9.98,2,move_right,90.2,idle
94.0,82.0,0.61,6.79,7.4,2,move_left,97.1,idle
7.0,52.0,0.53,7.03,7.56,0,move_right,88.1,move_right
55.0,49.0,1.89,4.08,5.96,3,special,95.4,idle
52.0,82.0,0.44,8.36,8.8,3,move_right,93.7,idle
28.0,13.0,1.37,7.62,9.0,0,move_right,90.0,punch
46.0,94.0,1.32,5.04,6.36,3,punch,96.1,idle
100.0,100.0,4.51,3.97,8.48,0,move_right,98.1,move_right
49.0,43.0,1.61,3.75,5.36,0,idle,92.2,move_right
82.0,94.0,0.63,5.37,6.0,0,kick,96.6,block
49.0,34.0,0.88,8.5,9.37,0,kick,92.8,jump
94.0,70.0,0.46,7.91,8.37,3,kick,92.0,block
70.0,76.0,1.81,6.55,8.36,1,idle,90.3,idle
100.0,100.0,5.54,2.11,7.64,0,move_left,98.4,move_right
34.0,13.0,1.37,7.62,9.0,2,kick,90.3,idle
25.0,16.0,1.59,6.18,7.76,3,idle,88.7,punch
28.0,73.0,0.19,8.26,8.44,0,punch,93.4,jump
100.0,100.0,1.72,4.56,6.28,0,special,98.1,move_right
100.0,100.0,4.44,4.02,8.45,0,punch,97.4,move_right
100.0,100.0,2.54,7.46,10.0,0,idle,95.4,move_right
94.0,91.0,1.39,7.66,9.04,0,move_left,96.0,kick
43.0,85.0,1.34,5.19,6.52,0,move_right,95.5,punch
43.0,79.0,0.98,5.18,6.16,0,jump,95.5,block
37.0,46.0,1.56,7.0,8.56,1,idle,88.2,idle
64.0,61.0,0.8,6.75,7.55,0,jump,93.8,special
85.0,91.0,1.48,5.81,7.3,2,idle,96.3,idle
100.0,100.0,2.03,6.77,8.8,0,idle,96.4,move_right
100.0,94.0,1.83,3.75,5.58,0,idle,96.7,move_right
7.0,31.0,0.73,7.07,7.81,1,kick,89.8,block
91.0,76.0,1.02,4.6,5.62,3,idle,96.8,idle
79.0,49.0,0.88,8.5,9.37,0,move_right,94.8,kick
34.0,55.0,1.3,8.7,10.0,0,punch,91.8,block
85.0,100.0,0.54,8.56,9.1,1,punch,95.8,block
49.0,88.0,1.54,3.25,4.78,3,jump,96.0,idle
100.0,100.0,3.15,5.24,8.39,6,punch,98.1,idle
91.0,85.0,0.92,4.07,4.99,3,punch,95.7,block
100.0,100.0,4.83,1.77,6.6,0,move_left,98.7,move_right
43.0,46.0,1.58,4.4,5.98,2,punch,95.5,idle
58.0,70.0,1.47,7.18,8.65,2,move_right,93.6,idle
88.0,79.0,1.5,4.04,5.54,3,special,95.3,idle
100.0,100.0,3.15,5.84,8.99,0,move_right,97.2,move_right
31.0,64.0,0.82,5.16,5.98,1,move_right,94.8,idle
70.0,61.0,1.4,6.31,7.71,0,punch,95.6,block
40.0,40.0,1.74,4.0,5.74,0,idle,93.1,move_right
43.0,79.0,1.84,3.85,5.68,2,move_right,94.7,idle
64.0,76.0,0.68,6.28,6.97,0,jump,94.1,move_right
16.0,73.0,0.38,6.27,6.64,0,punch,92.2,block
79.0,49.0,0.58,8.5,9.07,1,kick,95.0,block
7.0,58.0,0.46,7.59,7.12,0,move_left,91.7,move_left
73.0,43.0,0.96,7.82,8.78,5,move_left,91.6,idle
34.0,76.0,1.23,8.47,9.7,0,punch,90.6,block
100.0,100.0,1.54,3.55,5.08,4,kick,98.4,idle
67.0,64.0,0.45,8.65,9.1,2,punch,92.6,block
10.0,82.0,0.22,8.82,9.05,0,move_right,91.3,move_right
13.0,25.0,0.11,6.44,6.34,4,jump,90.2,idle
100.0,100.0,2.62,4.14,6.76,0,jump,97.7,jump
34.0,52.0,1.07,8.53,9.6,3,idle,91.3,idle
94.0,61.0,0.73,5.98,6.71,3,move_left,95.5,idle
94.0,88.0,0.84,8.54,9.38,1,punch,96.3,block
100.0,100.0,1.74,6.41,8.14,0,idle,98.0,move_right
25.0,19.0,1.12,6.62,7.74,6,move_right,90.0,idle
88.0,100.0,1.4,6.2,7.6,2,punch,96.3,idle
94.0,49.0,0.98,8.42,9.4,5,move_left,93.3,idle
28.0,31.0,1.29,5.55,6.84,0,idle,90.5,punch
34.0,52.0,0.3,7.3,7.6,2,idle,92.6,idle
100.0,100.0,5.29,3.46,8.74,0,idle,98.7,move_right
64.0,82.0,1.25,5.75,7.0,1,move_right,95.3,idle
70.0,91.0,1.04,7.51,8.54,3,punch,94.4,block
43.0,64.0,1.61,6.86,8.48,2,move_right,92.1,idle
73.0,82.0,1.25,6.01,7.26,0,kick,96.2,block
82.0,82.0,1.47,5.94,7.41,6,special,96.8,idle
100.0,100.0,4.73,2.53,7.26,0,kick,97.8,move_right
46.0,79.0,1.47,5.57,7.04,3,kick,93.3,idle
67.0,73.0,1.33,6.5,7.83,2,idle,95.9,idle
28.0,28.0,1.4,8.25,9.65,6,punch,89.3,idle
46.0,58.0,0.57,8.47,7.9,3,jump,91.4,idle
100.0,100.0,4.06,3.42,7.48,0,jump,98.6,move_right
76.0,73.0,0.61,6.79,7.4,2,move_right,96.2,idle
100.0,100.0,8.82,0.44,9.25,0,jump,98.9,jump
94.0,100.0,1.63,5.05,6.68,6,move_right,98.4,idle
100.0,100.0,4.97,3.43,8.4,0,idle,99.0,move_right
19.0,40.0,0.25,5.87,6.12,3,idle,87.9,idle
49.0,82.0,0.42,5.61,6.03,0,block,96.2,jump
100.0,100.0,7.62,1.64,9.25,0,idle,98.4,move_right
58.0,94.0,1.58,4.71,6.29,0,block,95.8,punch
49.0,34.0,1.06,3.56,4.62,3,idle,93.9,idle
94.0,82.0,1.22,7.73,8.95,2,move_right,96.5,idle
67.0,82.0,0.01,4.77,4.76,1,idle,95.7,block
10.0,64.0,1.02,8.39,9.41,1,idle,92.9,idle
58.0,79.0,1.82,7.01,8.83,1,kick,94.4,idle
55.0,88.0,0.64,6.44,7.08,1,punch,92.7,block
100.0,100.0,2.41,5.94,8.35,0,idle,98.2,move_right
31.0,67.0,0.93,5.37,6.3,2,kick,94.0,block
64.0,85.0,1.21,7.44,8.65,1,special,95.3,idle
91.0,91.0,2.07,6.0,8.07,1,punch,97.4,idle
100.0,100.0,4.41,4.27,8.67,0,move_left,97.2,jump
100.0,100.0,7.9,1.4,9.3,0,idle,99.0,jump
1.0,64.0,0.0,9.7,9.7,0,idle,90.4,move_right
100.0,100.0,1.69,5.87,7.57,0,kick,98.2,jump
49.0,7.0,0.38,8.42,8.8,0,kick,90.5,block
100.0,100.0,2.44,7.08,9.52,0,move_right,97.6,move_right
4.0,73.0,0.02,6.11,6.1,0,punch,93.1,move_right
100.0,100.0,5.67,4.14,9.81,0,move_right,96.9,special
25.0,55.0,0.99,7.31,8.3,0,kick,91.8,jump
19.0,67.0,0.14,9.1,8.96,0,jump,92.7,move_left
34.0,79.0,1.0,5.99,6.99,2,move_right,92.1,idle
100.0,100.0,1.67,7.03,8.7,0,kick,97.3,move_right
100.0,100.0,4.14,4.01,8.14,0,jump,98.9,move_right
100.0,100.0,1.48,7.29,8.77,3,kick,95.4,idle
64.0,64.0,0.28,7.09,7.37,0,punch,94.4,block
76.0,79.0,1.29,3.81,5.1,3,move_right,95.4,move_left
58.0,64.0,1.13,5.49,6.62,2,idle,93.8,idle
100.0,100.0,3.67,6.33,10.0,0,move_right,98.5,jump
82.0,82.0,0.16,7.67,7.51,2,idle,96.2,idle
70.0,76.0,1.36,7.58,8.93,1,kick,95.5,idle
100.0,82.0,0.76,7.61,8.37,1,move_right,93.6,idle
100.0,100.0,7.9,1.4,9.3,0,punch,98.9,move_right
55.0,73.0,0.89,4.29,5.18,2,punch,95.3,block
76.0,79.0,1.17,7.18,8.35,6,idle,94.5,idle
82.0,70.0,0.13,5.31,5.18,2,move_left,96.0,idle
100.0,100.0,4.81,3.37,8.18,0,kick,98.4,move_right
40.0,85.0,1.23,5.15,6.38,0,jump,94.9,block
100.0,100.0,3.46,4.43,7.9,0,move_right,97.1,jump
82.0,94.0,1.02,8.19,9.21,3,move_left,93.5,idle
1.0,58.0,0.3,9.7,9.4,0,punch,87.3,jump
4.0,67.0,0.15,5.97,5.82,0,idle,89.0,move_left
46.0,76.0,1.69,5.14,6.84,1,jump,95.8,idle
16.0,76.0,1.62,7.48,9.1,0,move_right,91.3,move_right
31.0,46.0,1.39,6.28,7.67,2,jump,94.2,move_right
52.0,46.0,1.2,6.34,7.54,1,punch,92.2,block
61.0,88.0,1.3,6.92,8.21,1,punch,95.9,idle
7.0,85.0,0.26,7.98,7.72,0,move_left,92.8,move_left
100.0,100.0,2.34,5.82,8.15,0,block,96.5,move_right
16.0,73.0,0.79,5.82,6.61,0,move_left,94.1,move_right
55.0,73.0,0.89,4.29,5.18,0,idle,95.1,kick
43.0,31.0,1.55,4.53,6.08,0,idle,93.2,move_right
58.0,61.0,0.85,5.17,6.02,1,idle,94.9,idle
94.0,73.0,1.87,4.81,6.68,0,move_right,96.1,move_right
43.0,73.0,0.61,6.54,7.15,2,idle,94.2,idle
49.0,58.0,0.78,7.34,8.12,2,idle,93.5,idle
100.0,100.0,4.26,3.32,7.58,0,punch,98.3,move_right
76.0,91.0,1.18,5.81,7.0,3,kick,96.0,block
34.0,55.0,1.0,8.7,9.7,3,punch,91.5,block
100.0,100.0,2.52,3.82,6.34,0,move_right,98.2,move_right
100.0,85.0,1.44,7.01,8.44,2,move_left,96.6,move_left
100.0,100.0,2.34,5.21,7.56,4,kick,97.3,idle
34.0,49.0,0.49,5.82,6.31,3,special,92.8,block
100.0,100.0,3.62,2.69,6.3,0,idle,97.9,move_right
49.0,46.0,1.32,6.9,8.22,0,kick,93.6,jump
43.0,73.0,0.61,6.54,7.15,3,move_left,94.3,idle
58.0,34.0,1.55,8.45,10.0,2,punch,92.6,idle
100.0,100.0,3.25,1.67,4.92,0,jump,98.5,move_right
100.0,100.0,3.85,1.07,4.92,0,move_left,98.8,move_right
100.0,100.0,3.73,6.22,9.94,0,punch,96.4,move_right
55.0,70.0,0.17,5.31,5.48,1,punch,95.3,block
37.0,46.0,1.86,6.7,8.56,2,move_right,89.2,idle
55.0,94.0,1.32,4.74,6.06,0,kick,96.5,block
7.0,82.0,0.03,5.94,5.91,0,punch,93.2,jump
34.0,37.0,0.3,6.91,7.2,0,punch,90.2,block
25.0,19.0,0.82,6.62,7.44,3,idle,89.7,special
100.0,91.0,1.84,7.59,9.43,2,move_right,95.5,idle
100.0,100.0,1.02,6.89,7.91,0,move_left,96.7,special
10.0,28.0,0.79,6.58,7.37,3,punch,93.6,block
91.0,82.0,1.8,4.84,6.64,4,move_right,96.7,idle
49.0,85.0,0.62,8.18,8.8,0,kick,93.6,block
79.0,55.0,1.18,8.52,9.7,0,move_left,91.9,punch
82.0,91.0,1.64,7.06,8.7,2,move_right,97.2,idle
64.0,40.0,1.48,8.52,10.0,2,move_right,90.5,idle
67.0,91.0,0.45,5.97,6.42,0,move_left,93.8,punch
49.0,61.0,1.09,6.28,7.37,2,move_left,95.4,idle
37.0,55.0,0.55,5.87,6.42,3,move_left,89.3,idle
52.0,46.0,0.98,7.05,8.03,0,idle,92.9,kick
34.0,64.0,0.55,6.01,6.56,0,kick,94.6,jump
31.0,52.0,0.37,7.03,6.66,3,move_left,91.0,idle
25.0,49.0,0.06,5.62,5.68,2,idle,92.1,idle
1.0,73.0,0.0,10.0,10.0,0,idle,92.3,move_right
94.0,100.0,0.38,4.97,5.35,2,punch,97.6,block
100.0,100.0,4.31,2.06,6.38,0,block,98.7,jump
100.0,100.0,1.5,7.3,8.8,0,punch,96.1,block
10.0,19.0,1.38,7.34,8.72,1,move_left,90.1,idle
88.0,85.0,1.59,6.41,8.0,3,idle,95.8,idle
91.0,91.0,1.56,7.52,9.08,0,jump,94.6,kick
100.0,100.0,3.85,4.6,8.45,0,idle,96.5,move_right
85.0,100.0,1.4,4.21,5.61,0,special,95.7,block
82.0,100.0,1.05,5.97,7.02,0,move_left,94.7,kick
49.0,91.0,1.39,5.82,7.21,0,special,96.2,block
43.0,67.0,0.72,4.68,5.4,1,kick,94.6,block
55.0,64.0,0.89,4.29,5.18,1,idle,94.7,idle
55.0,67.0,1.62,4.3,5.92,0,move_right,95.1,jump
100.0,73.0,1.02,7.22,8.24,6,move_right,96.8,idle
100.0,100.0,4.6,2.72,7.32,0,block,98.1,jump
100.0,100.0,5.74,3.6,9.33,0,move_left,97.9,move_right
37.0,37.0,0.84,7.01,7.84,0,punch,92.7,jump
100.0,76.0,1.54,4.43,5.97,0,move_left,96.8,block
85.0,100.0,1.7,3.91,5.61,0,special,96.1,move_left
7.0,25.0,0.08,7.43,7.36,1,special,90.9,block
49.0,55.0,0.4,8.6,8.2,0,move_left,91.7,special
70.0,70.0,0.16,7.13,7.3,1,idle,92.8,idle
22.0,70.0,0.61,7.44,8.05,1,punch,93.1,block
34.0,64.0,0.97,7.17,8.14,0,punch,94.4,jump
37.0,40.0,0.99,5.55,6.54,2,kick,91.2,block
91.0,100.0,0.75,8.65,9.4,3,kick,95.2,block
7.0,58.0,0.03,7.29,7.27,3,kick,90.7,block
25.0,10.0,0.43,8.33,8.76,2,punch,88.7,block
100.0,100.0,1.85,6.95,8.8,0,move_left,97.5,jump
100.0,100.0,2.76,5.92,8.68,0,block,97.6,jump
61.0,76.0,1.16,6.07,7.24,2,punch,95.6,block
37.0,43.0,0.83,7.66,8.49,0,punch,92.6,jump
25.0,76.0,1.69,6.77,8.47,0,move_right,95.5,move_right
34.0,52.0,1.07,8.53,9.6,3,move_left,91.7,idle
16.0,55.0,1.29,8.27,9.57,0,move_right,93.8,move_right
46.0,73.0,0.15,4.17,4.02,3,punch,95.5,block
43.0,61.0,1.06,8.51,9.57,3,move_left,88.8,idle
76.0,100.0,1.37,4.54,5.91,0,block,96.5,block
49.0,64.0,0.59,4.77,5.36,4,kick,94.9,block
58.0,76.0,0.28,3.68,3.96,0,kick,94.9,jump
70.0,70.0,0.14,7.13,7.0,1,idle,92.0,idle
82.0,100.0,1.33,5.47,6.79,0,idle,98.0,punch
25.0,52.0,0.3,7.3,7.6,0,jump,92.4,move_right
100.0,100.0,5.18,1.41,6.59,0,punch,98.8,move_right
70.0,58.0,0.17,4.26,4.43,3,move_left,94.2,idle
91.0,100.0,1.58,5.97,7.54,3,kick,96.6,idle
52.0,85.0,1.04,7.51,8.54,0,move_left,92.8,punch
61.0,58.0,0.3,7.3,7.6,0,kick,93.2,block
52.0,70.0,0.45,7.64,7.19,2,block,92.1,idle
76.0,85.0,0.42,5.79,6.21,0,punch,95.5,block
13.0,19.0,1.36,4.16,5.52,3,move_right,91.7,idle
13.0,61.0,0.06,6.9,6.84,6,kick,91.4,block
100.0,100.0,7.67,2.21,9.88,1,punch,98.0,idle
100.0,100.0,2.27,3.06,5.33,0,kick,97.0,move_right
100.0,100.0,3.48,5.08,8.56,0,special,96.9,move_right
61.0,76.0,1.62,4.08,5.7,0,punch,96.3,move_right
64.0,91.0,0.53,6.43,6.96,1,punch,95.5,block
100.0,94.0,2.19,4.05,6.24,1,move_right,97.7,idle
49.0,37.0,0.49,6.44,6.94,3,idle,92.3,idle
67.0,1.0,0.59,5.55,4.96,2,move_left,89.8,idle
49.0,58.0,0.44,4.78,4.34,3,jump,91.8,idle
73.0,91.0,0.64,8.28,8.92,5,idle,95.1,idle
82.0,85.0,0.43,6.07,6.49,2,move_left,96.9,idle
1.0,52.0,0.13,8.84,8.97,0,kick,91.7,block
82.0,94.0,0.94,3.55,4.48,3,kick,97.9,block
52.0,61.0,1.26,5.8,7.06,0,idle,91.2,punch
85.0,91.0,1.47,6.3,7.77,3,punch,97.0,idle
10.0,19.0,0.77,5.68,4.91,0,move_left,91.2,punch
100.0,100.0,1.32,6.4,7.72,2,punch,97.5,idle
28.0,61.0,0.14,6.67,6.53,0,move_left,92.0,move_left
85.0,82.0,1.33,5.63,6.96,3,punch,96.9,idle
10.0,16.0,1.21,7.99,9.2,0,move_right,90.8,punch
40.0,79.0,0.76,5.47,6.23,0,move_right,95.2,jump
10.0,64.0,0.72,8.39,9.11,0,move_left,92.8,move_right
46.0,25.0,0.67,8.43,9.1,0,punch,89.5,jump
22.0,55.0,0.29,4.77,5.06,0,jump,93.2,move_right
67.0,76.0,1.4,5.41,6.81,3,idle,93.5,idle
94.0,100.0,1.49,7.76,9.25,0,idle,96.1,block
73.0,79.0,1.2,4.04,5.24,0,idle,94.8,kick
49.0,64.0,0.6,8.5,9.1,2,idle,92.2,idle
70.0,82.0,1.58,6.28,7.87,3,idle,95.3,idle
94.0,82.0,0.82,7.13,7.96,2,punch,95.3,block
43.0,70.0,1.01,7.79,8.8,0,special,94.2,block
64.0,85.0,0.74,7.51,8.24,5,move_left,93.7,idle
10.0,43.0,0.16,7.62,7.78,1,kick,90.9,block
91.0,82.0,2.12,4.79,6.9,0,move_right,95.7,move_right
19.0,55.0,0.17,4.11,4.28,0,jump,93.2,move_right
10.0,4.0,1.38,7.34,8.72,0,move_left,89.2,special
34.0,49.0,0.48,8.32,8.8,0,kick,92.0,block
55.0,46.0,1.13,5.2,6.34,1,move_left,95.0,idle
100.0,100.0,4.51,3.67,8.18,0,block,98.3,jump
100.0,100.0,1.86,4.72,6.58,0,jump,97.3,jump
91.0,100.0,1.05,5.67,6.72,2,idle,96.2,idle
100.0,100.0,1.4,3.91,5.31,0,special,97.4,block
61.0,67.0,1.36,6.42,7.78,3,move_right,93.7,idle
16.0,34.0,1.44,4.3,5.74,2,idle,91.6,idle
100.0,100.0,5.42,3.58,9.0,0,kick,97.9,move_right
100.0,100.0,2.26,6.23,8.5,0,move_right,95.2,move_right
61.0,55.0,1.46,8.54,10.0,1,punch,94.3,idle
91.0,94.0,1.48,7.6,9.08,0,idle,95.6,jump
28.0,67.0,0.57,5.53,4.96,0,move_left,94.4,move_left
28.0,25.0,1.29,5.55,6.84,0,move_left,90.1,punch
100.0,100.0,2.52,6.95,9.47,0,punch,98.2,move_right
100.0,91.0,1.36,7.44,8.8,2,move_right,94.6,jump
82.0,91.0,1.43,7.36,8.79,1,move_right,96.1,idle
40.0,52.0,0.66,5.81,6.46,0,move_right,92.6,punch
100.0,100.0,3.88,1.64,5.52,0,idle,99.0,move_right
82.0,100.0,1.32,4.44,5.76,0,punch,97.8,block
94.0,70.0,0.97,8.13,9.1,2,move_right,93.6,idle
4.0,67.0,0.27,5.23,4.96,0,kick,92.9,block
100.0,100.0,2.49,3.45,5.94,0,move_right,98.3,move_right
100.0,100.0,3.12,2.88,6.0,0,jump,98.7,move_right
100.0,100.0,1.96,6.4,8.36,0,kick,96.2,move_right
49.0,34.0,1.06,3.56,4.62,2,punch,93.8,block
79.0,91.0,0.59,7.76,8.35,1,jump,94.9,idle
100.0,100.0,3.78,5.44,9.22,0,kick,97.5,move_right
85.0,100.0,1.45,7.3,8.75,0,move_right,94.4,block
100.0,100.0,1.01,4.09,5.1,0,idle,99.0,punch
76.0,82.0,1.09,6.77,7.87,1,block,96.4,idle
10.0,28.0,1.08,7.34,8.42,1,idle,90.5,idle
1.0,73.0,0.18,8.04,7.86,0,idle,90.9,move_left
10.0,88.0,0.08,5.31,5.39,0,punch,93.9,block
73.0,100.0,1.53,4.63,6.16,0,move_right,97.4,jump
100.0,100.0,2.29,5.87,8.17,0,jump,97.8,move_right
100.0,100.0,2.52,3.24,5.76,0,idle,99.0,jump
91.0,94.0,1.32,7.89,9.21,0,idle,94.5,kick
67.0,58.0,1.2,7.4,8.6,2,move_left,94.1,idle
100.0,100.0,2.11,7.27,9.38,0,kick,95.5,jump
37.0,85.0,1.52,7.44,8.96,1,punch,90.4,move_left
100.0,76.0,0.67,8.13,8.8,2,idle,95.3,idle
100.0,76.0,0.67,8.13,8.8,0,punch,94.6,block
79.0,49.0,1.18,8.52,9.7,0,idle,91.5,idle
100.0,100.0,5.15,3.35,8.5,0,move_right,98.7,move_right
100.0,100.0,4.26,3.62,7.88,3,move_right,98.1,idle
37.0,55.0,0.68,7.41,8.09,1,idle,92.3,idle
31.0,52.0,1.62,6.1,7.72,0,block,91.5,move_right
22.0,73.0,0.92,4.67,5.59,1,move_right,91.6,idle
100.0,100.0,5.56,2.63,8.2,0,move_right,98.3,kick
67.0,61.0,1.12,7.22,8.34,3,move_right,92.4,idle
1.0,4.0,0.38,8.42,8.8,0,move_left,87.6,special
4.0,67.0,0.16,8.34,8.5,0,idle,91.4,move_right
4.0,67.0,0.03,5.23,5.26,0,move_right,92.8,move_right
100.0,100.0,2.66,2.17,4.83,0,move_left,98.1,move_right
100.0,100.0,6.83,3.17,10.0,0,kick,98.1,jump
58.0,7.0,0.68,8.72,9.4,3,punch,90.9,block
46.0,85.0,1.05,6.81,7.85,2,punch,94.2,block
28.0,19.0,0.68,8.72,9.4,0,idle,90.8,move_left
52.0,61.0,1.26,5.8,7.06,0,punch,91.3,block
31.0,46.0,1.13,5.49,6.62,2,kick,92.4,block
1.0,64.0,0.3,10.0,9.7,1,punch,91.7,block
37.0,64.0,0.72,7.89,8.61,0,kick,89.0,block
100.0,100.0,6.08,3.62,9.7,0,idle,98.3,move_right
70.0,85.0,0.72,5.78,6.5,1,idle,96.9,idle
64.0,46.0,1.43,5.2,6.64,6,punch,95.5,idle
88.0,82.0,1.55,8.45,10.0,0,idle,95.4,block
100.0,100.0,4.28,5.72,10.0,0,move_right,97.3,move_right
58.0,82.0,0.42,3.94,3.52,0,move_left,96.4,kick
100.0,100.0,1.49,8.51,10.0,0,move_right,95.4,punch
34.0,31.0,0.3,6.91,7.2,0,punch,89.5,block
58.0,73.0,1.09,7.66,8.74,0,move_left,95.0,punch
73.0,82.0,1.25,6.01,7.26,0,special,96.4,block
100.0,100.0,7.11,0.97,8.07,0,kick,98.9,move_right
67.0,76.0,0.14,7.67,7.81,0,jump,95.4,special
100.0,100.0,5.14,3.09,8.23,0,move_right,97.8,move_right
67.0,52.0,1.2,7.4,8.6,3,idle,93.6,idle
52.0,61.0,1.02,6.8,7.82,1,punch,94.2,block
40.0,79.0,0.46,5.47,5.93,1,move_left,95.3,idle
100.0,100.0,2.78,5.17,7.95,0,punch,97.0,move_right
100.0,100.0,2.92,4.52,7.44,0,kick,96.7,jump
79.0,22.0,0.91,7.52,8.43,3,move_right,93.4,idle
49.0,64.0,1.57,5.41,6.98,0,punch,93.8,punch
61.0,64.0,2.04,3.4,5.44,2,move_right,95.7,idle
16.0,55.0,0.3,5.24,4.94,0,punch,89.4,block
34.0,52.0,0.61,8.36,7.75,1,kick,91.6,block
28.0,49.0,0.77,4.94,5.7,3,idle,94.3,idle
100.0,100.0,4.5,5.2,9.7,0,idle,97.1,move_right
34.0,49.0,0.72,8.15,8.87,2,block,94.7,idle
52.0,82.0,1.29,6.38,7.67,3,special,94.6,idle
49.0,76.0,1.27,7.25,8.52,3,move_right,94.8,idle
94.0,88.0,0.84,6.9,7.74,5,punch,95.4,block
16.0,61.0,0.33,7.5,7.17,0,move_left,93.6,move_left
100.0,91.0,1.3,6.8,8.1,1,idle,96.5,idle
22.0,13.0,1.28,8.42,9.7,0,jump,89.9,kick
67.0,73.0,0.42,6.14,6.56,3,move_left,96.1,idle
94.0,94.0,1.45,7.35,8.8,0,idle,97.1,kick
22.0,55.0,0.29,4.77,5.06,0,block,93.0,move_right
91.0,76.0,2.11,5.95,8.06,0,move_right,93.3,move_left
13.0,79.0,0.51,5.45,5.95,0,move_left,92.4,move_right
82.0,100.0,1.39,5.22,6.61,3,special,98.3,idle
85.0,100.0,1.48,6.19,7.67,3,punch,97.0,idle
85.0,91.0,1.86,7.12,8.98,1,jump,95.4,idle
100.0,100.0,2.85,4.71,7.55,0,idle,97.8,jump
46.0,49.0,1.29,7.11,8.4,0,move_right,94.1,punch
25.0,94.0,0.05,6.43,6.38,0,move_left,92.3,move_left
100.0,73.0,2.52,6.7,9.22,2,move_right,95.9,idle
100.0,100.0,2.71,5.59,8.3,0,idle,98.4,move_right
43.0,76.0,1.32,4.68,6.0,0,idle,95.5,punch
100.0,100.0,3.04,6.09,9.13,0,kick,96.2,move_right
7.0,82.0,0.22,4.67,4.45,0,kick,95.4,block
100.0,82.0,1.66,8.34,10.0,0,punch,94.8,move_right
100.0,100.0,4.6,3.59,8.19,1,block,97.0,idle
46.0,46.0,1.86,6.1,7.96,0,move_right,89.7,move_right
82.0,88.0,1.02,6.8,7.82,1,kick,95.5,block
100.0,100.0,1.62,5.31,6.93,0,idle,98.0,move_right
85.0,85.0,1.35,8.65,10.0,3,move_right,94.2,idle
46.0,28.0,1.33,8.03,9.36,1,punch,91.0,idle
19.0,73.0,1.14,8.86,10.0,0,special,92.3,block
100.0,100.0,2.95,2.27,5.22,0,move_right,98.3,move_right
100.0,100.0,1.5,6.5,8.0,0,jump,97.1,kick
100.0,100.0,2.84,3.73,6.57,0,kick,98.7,move_right
10.0,43.0,1.25,8.45,9.7,0,idle,92.5,special
88.0,79.0,0.86,5.93,6.79,2,punch,95.8,block
100.0,82.0,1.12,7.13,8.26,3,jump,96.1,idle
100.0,100.0,1.64,8.06,9.7,6,kick,96.8,idle
100.0,100.0,1.81,4.79,6.6,3,move_left,96.7,idle
37.0,61.0,1.2,4.34,5.54,1,block,92.4,idle
7.0,40.0,0.05,5.87,5.82,3,punch,86.8,block
1.0,73.0,0.21,5.91,5.7,0,idle,90.6,move_left
70.0,76.0,0.8,5.71,6.51,0,move_left,96.9,jump
91.0,82.0,2.1,4.84,6.94,1,block,96.4,idle
91.0,100.0,1.05,5.67,6.72,6,jump,96.6,idle
100.0,100.0,3.78,5.08,8.86,1,idle,97.7,idle
73.0,67.0,0.76,3.86,4.62,1,idle,96.1,idle
22.0,67.0,0.15,5.97,5.82,0,jump,89.4,move_left
22.0,25.0,0.28,4.04,4.32,3,block,92.8,idle
58.0,58.0,0.14,7.67,7.81,3,kick,94.1,block
79.0,79.0,1.48,8.52,10.0,0,kick,93.5,block
28.0,73.0,0.41,8.86,8.44,0,move_left,92.9,move_left
100.0,100.0,2.38,2.78,5.16,0,punch,98.0,jump
100.0,100.0,1.66,6.12,7.78,1,move_left,97.0,idle
100.0,100.0,1.91,7.19,9.1,0,special,96.6,jump
31.0,34.0,1.08,7.34,8.42,0,punch,91.7,block
52.0,49.0,1.69,5.52,7.21,0,jump,94.1,move_right
28.0,49.0,0.77,4.94,5.7,0,kick,94.5,block
58.0,58.0,1.39,6.14,7.54,0,block,94.4,block
64.0,52.0,0.98,7.05,8.03,0,kick,93.9,block
64.0,73.0,1.5,5.44,6.94,2,kick,94.9,idle
58.0,94.0,0.76,5.05,5.81,3,move_left,95.4,idle
100.0,100.0,5.78,4.22,10.0,0,punch,98.0,move_right
100.0,85.0,1.25,4.53,5.78,0,kick,96.9,jump
91.0,88.0,1.08,3.94,5.02,1,move_left,98.1,idle
100.0,94.0,1.24,3.83,5.07,2,punch,98.8,idle
79.0,46.0,0.22,5.12,4.9,1,move_right,96.0,idle
100.0,100.0,1.89,6.08,7.97,0,move_left,96.4,jump
52.0,73.0,1.22,4.67,5.89,0,punch,93.4,block
58.0,76.0,0.28,3.68,3.96,0,jump,94.8,block
100.0,100.0,1.75,7.05,8.8,0,move_left,97.8,move_right
34.0,46.0,1.4,8.25,9.65,0,kick,89.5,block
100.0,100.0,2.87,3.44,6.3,0,idle,98.9,idle
28.0,40.0,0.66,5.91,6.57,1,punch,92.6,block
79.0,82.0,0.38,4.97,5.35,4,punch,97.0,block
43.0,79.0,1.34,5.19,6.52,2,idle,95.3,idle
100.0,100.0,2.34,6.72,9.05,0,move_right,96.0,jump
100.0,100.0,1.47,6.88,8.35,0,block,97.5,punch
61.0,73.0,0.83,7.07,7.9,2,move_right,93.6,idle
25.0,64.0,0.85,6.31,7.16,0,move_right,94.3,move_right
100.0,100.0,1.4,5.71,7.11,0,move_left,98.4,punch
73.0,73.0,0.72,6.14,6.86,5,jump,96.8,idle
10.0,34.0,1.44,4.3,5.74,1,punch,91.5,idle
52.0,46.0,0.32,7.09,6.77,0,move_left,92.8,kick
4.0,55.0,0.13,5.31,5.18,0,punch,91.8,block
100.0,100.0,1.47,5.64,7.11,0,jump,97.4,kick
100.0,100.0,7.64,2.36,10.0,1,jump,97.4,idle
55.0,88.0,1.67,5.14,6.81,0,move_right,93.8,move_right
37.0,67.0,0.33,5.02,5.35,2,idle,96.2,idle
100.0,100.0,5.87,3.42,9.3,0,special,98.7,move_right
100.0,100.0,2.57,4.04,6.6,0,move_right,98.4,move_right
10.0,16.0,1.51,7.99,9.5,1,idle,90.5,idle
91.0,76.0,1.21,5.05,6.26,1,idle,94.7,idle
7.0,67.0,0.16,9.1,9.26,0,jump,91.2,move_right
82.0,100.0,1.64,6.77,8.41,1,punch,97.4,idle
52.0,82.0,0.14,8.36,8.5,0,move_left,93.9,jump
13.0,13.0,1.34,3.28,1.94,2,idle,86.8,idle
40.0,46.0,0.54,5.81,5.26,0,block,91.7,jump
7.0,25.0,1.02,6.9,7.92,2,kick,91.1,block
28.0,28.0,2.05,7.95,10.0,1,kick,88.8,idle
85.0,73.0,1.33,5.63,6.96,3,idle,96.5,idle
40.0,73.0,1.51,5.39,6.9,3,special,94.0,idle
13.0,28.0,1.18,7.69,8.87,2,move_right,89.6,idle
100.0,100.0,5.24,3.31,8.54,0,punch,97.2,jump
25.0,34.0,0.02,8.48,8.5,0,move_left,89.6,kick
100.0,100.0,7.17,0.99,8.17,0,idle,98.8,move_right
79.0,61.0,1.33,6.83,8.16,1,move_right,94.2,idle
100.0,85.0,1.25,4.53,5.78,2,punch,97.1,idle
28.0,76.0,0.07,9.35,9.42,0,jump,92.5,move_right
1.0,88.0,0.38,5.31,5.69,0,move_right,93.5,move_right
67.0,67.0,1.2,7.4,8.6,0,block,94.3,kick
37.0,67.0,0.33,4.63,4.96,1,kick,95.2,block
7.0,58.0,0.3,9.7,9.4,0,punch,87.7,jump
25.0,58.0,1.81,7.93,9.73,0,kick,93.5,move_right
100.0,100.0,2.08,6.7,8.77,0,jump,98.1,jump
28.0,49.0,1.29,7.11,8.4,0,jump,93.6,jump
79.0,73.0,1.23,5.82,7.05,1,jump,95.8,idle
58.0,67.0,0.85,5.17,6.02,1,punch,95.3,block
19.0,58.0,0.15,8.95,9.1,0,move_right,89.8,move_right
79.0,85.0,2.16,5.31,7.47,0,idle,96.5,move_right
64.0,85.0,1.21,7.44,8.65,4,idle,94.9,idle
64.0,73.0,0.12,4.91,5.04,3,jump,94.0,idle
49.0,46.0,1.13,5.49,6.62,2,jump,93.0,idle
10.0,61.0,0.52,6.58,6.07,0,block,92.2,move_left
58.0,46.0,0.44,7.67,8.11,0,move_right,93.0,block
43.0,46.0,0.45,3.87,3.42,2,jump,95.0,special
100.0,100.0,6.09,0.21,6.3,0,idle,99.0,jump
19.0,67.0,0.14,8.8,8.66,0,move_left,92.6,move_left
94.0,67.0,1.29,6.3,7.59,5,idle,96.4,idle
100.0,94.0,0.92,7.78,8.7,4,move_left,95.4,idle
100.0,100.0,4.79,5.05,9.83,0,move_right,97.3,move_right
1.0,64.0,0.3,10.0,9.7,0,move_left,91.2,block
85.0,88.0,1.65,7.28,8.93,2,block,95.7,idle
85.0,100.0,0.54,8.56,9.1,0,punch,95.7,block
67.0,61.0,1.96,7.91,9.87,0,kick,90.4,jump
64.0,70.0,1.0,7.6,8.6,3,kick,93.3,block
22.0,67.0,0.04,4.86,4.82,0,jump,92.8,move_left
100.0,100.0,4.59,4.74,9.33,0,jump,98.2,move_right
100.0,100.0,3.68,4.47,8.14,0,punch,97.2,move_right
76.0,76.0,1.23,5.37,6.6,2,move_right,95.6,idle
100.0,100.0,6.16,3.1,9.26,0,move_right,98.1,move_right
55.0,70.0,1.6,6.92,8.51,1,jump,95.1,move_right
100.0,94.0,1.3,8.7,10.0,0,move_right,94.7,punch
67.0,58.0,0.14,7.67,7.81,0,kick,94.7,block
58.0,67.0,0.85,5.17,6.02,3,move_left,95.5,idle
43.0,79.0,1.2,8.5,9.7,2,move_right,91.1,idle
55.0,31.0,1.57,8.43,10.0,2,idle,90.7,idle
82.0,100.0,0.63,4.72,5.35,0,jump,97.7,punch
76.0,82.0,0.78,3.94,4.72,2,punch,97.7,block
91.0,94.0,1.28,3.67,4.95,5,kick,97.6,idle
82.0,91.0,1.89,7.37,9.27,0,kick,96.8,move_right
100.0,100.0,1.76,3.97,5.73,1,kick,97.0,idle
100.0,100.0,2.49,5.2,7.69,5,idle,97.4,move_left
13.0,52.0,0.22,6.67,6.45,0,jump,92.0,move_left
43.0,79.0,1.37,6.04,7.41,0,punch,92.6,jump
58.0,46.0,0.02,7.09,7.07,1,move_left,93.5,idle
100.0,100.0,1.1,8.6,9.7,1,move_left,95.5,idle
94.0,91.0,1.13,7.03,8.16,1,punch,94.6,block
22.0,40.0,1.03,7.07,8.11,3,jump,91.1,idle
82.0,82.0,1.12,7.43,8.56,0,kick,93.9,jump
100.0,100.0,4.12,2.63,6.76,0,jump,98.7,move_right
100.0,100.0,3.72,4.5,8.22,0,jump,98.4,move_right
40.0,76.0,1.57,7.25,8.82,0,kick,94.1,kick
100.0,100.0,3.67,3.95,7.62,0,idle,98.5,move_right
73.0,85.0,1.46,3.25,4.71,0,kick,97.2,block
79.0,94.0,1.1,6.5,7.6,2,move_left,95.6,idle
88.0,91.0,0.82,4.86,5.68,0,kick,97.3,block
76.0,64.0,0.28,7.09,7.37,0,punch,95.0,block
28.0,55.0,0.57,6.88,7.45,0,punch,91.6,block
67.0,37.0,0.52,4.91,5.44,0,punch,95.0,block
22.0,55.0,0.01,5.07,5.06,0,block,93.1,move_left
40.0,67.0,0.93,5.37,6.3,0,punch,94.3,jump
28.0,67.0,0.27,6.27,6.0,0,punch,89.7,jump
100.0,88.0,1.03,5.63,6.66,3,punch,97.6,block
76.0,76.0,1.35,8.65,10.0,3,kick,93.7,idle
100.0,100.0,5.54,2.71,8.24,0,punch,97.5,jump
100.0,100.0,5.08,3.32,8.39,0,idle,99.0,move_right
25.0,55.0,1.1,4.62,5.72,2,punch,93.5,block
58.0,73.0,0.36,5.81,6.16,0,punch,94.6,block
100.0,100.0,3.6,3.31,6.9,0,move_right,97.4,jump
19.0,58.0,0.04,8.87,8.83,0,punch,90.5,block
91.0,79.0,1.61,5.66,7.28,2,kick,95.3,idle
49.0,76.0,0.56,4.56,5.12,1,kick,94.6,block
85.0,85.0,1.43,4.6,6.04,1,block,97.5,idle
7.0,58.0,0.27,6.99,7.27,0,special,89.8,block
100.0,100.0,6.2,3.8,10.0,0,special,98.3,move_right
61.0,73.0,1.26,5.91,7.17,2,punch,95.7,idle
10.0,61.0,0.08,6.28,6.37,0,move_right,92.1,move_right
43.0,76.0,1.32,4.38,5.7,0,special,95.9,jump
10.0,64.0,0.03,7.67,7.64,0,jump,89.6,move_left
7.0,73.0,0.02,6.77,6.79,0,kick,90.0,block
100.0,100.0,5.59,3.16,8.74,0,move_left,98.9,jump
82.0,91.0,1.89,7.67,9.57,0,move_right,96.7,move_right
37.0,40.0,0.99,5.55,6.54,3,punch,91.3,block
100.0,100.0,3.6,6.1,9.7,0,punch,96.8,move_right
91.0,100.0,1.05,5.67,6.72,0,move_left,96.7,special
100.0,100.0,4.05,4.34,8.39,0,jump,98.5,move_right
61.0,64.0,0.68,5.71,6.39,0,idle,95.1,punch
7.0,25.0,0.32,8.48,8.8,0,move_right,89.2,block
13.0,55.0,0.17,5.01,5.18,0,move_left,92.1,move_right
100.0,94.0,1.04,5.23,6.27,0,move_left,97.4,punch
100.0,100.0,3.31,5.17,8.48,5,move_right,97.0,idle
73.0,79.0,1.28,8.42,9.7,3,move_right,94.9,idle
19.0,55.0,0.04,6.83,6.79,0,punch,92.3,block
100.0,94.0,1.45,7.35,8.8,2,punch,97.5,idle
100.0,100.0,6.0,2.0,8.0,0,idle,99.0,move_right
52.0,70.0,1.32,7.3,8.62,4,punch,93.3,kick
79.0,82.0,1.6,6.7,8.3,1,kick,95.9,idle
61.0,58.0,1.24,8.54,7.3,1,move_left,92.3,idle
52.0,43.0,1.42,7.74,9.16,1,idle,90.9,idle
100.0,76.0,0.46,7.91,8.37,2,punch,92.8,block
85.0,85.0,1.05,8.65,9.7,0,jump,93.9,block
85.0,85.0,1.08,7.24,8.32,2,punch,95.8,block
100.0,100.0,4.05,4.88,8.93,0,kick,97.9,jump
16.0,73.0,0.61,6.84,7.45,0,punch,93.1,block
19.0,55.0,0.13,4.41,4.28,0,idle,93.3,move_left
61.0,76.0,1.23,4.72,5.95,1,punch,96.9,idle
85.0,52.0,1.55,4.53,6.08,4,kick,95.4,idle
40.0,46.0,0.66,5.81,6.46,3,idle,92.5,idle
64.0,73.0,1.43,7.36,8.79,0,jump,94.5,block
61.0,79.0,0.51,4.85,5.35,0,kick,94.1,punch
70.0,73.0,1.29,8.27,9.57,3,punch,95.9,idle
58.0,61.0,0.09,6.7,6.79,2,move_left,91.3,idle
100.0,100.0,1.76,3.67,5.43,0,move_right,97.5,move_right
46.0,58.0,1.34,8.66,10.0,0,punch,89.8,block
61.0,76.0,1.02,4.08,5.1,3,move_right,96.6,idle
55.0,28.0,1.83,6.9,8.72,3,kick,91.5,idle
100.0,100.0,4.35,2.07,6.42,0,move_left,98.7,jump
28.0,22.0,0.34,4.43,4.77,0,move_left,92.1,kick
88.0,67.0,1.78,7.9,9.67,0,move_right,96.4,move_right
43.0,52.0,1.25,8.45,9.7,0,kick,94.0,block
100.0,76.0,1.06,4.42,5.47,6,block,97.7,idle
61.0,31.0,1.87,8.13,10.0,2,move_right,91.6,idle
61.0,82.0,0.57,5.94,6.51,3,idle,95.2,idle
88.0,76.0,0.99,6.81,7.8,0,punch,96.6,block
100.0,100.0,1.86,6.22,8.08,2,jump,96.8,idle
61.0,31.0,1.57,8.13,9.7,3,block,91.3,idle
34.0,55.0,1.32,8.15,9.47,1,jump,95.5,idle
16.0,46.0,0.88,6.32,7.19,3,move_left,92.2,idle
100.0,88.0,1.54,4.13,5.67,0,jump,97.9,punch
100.0,82.0,1.36,8.64,10.0,0,idle,94.7,punch
4.0,67.0,0.46,8.04,8.5,0,move_right,90.3,move_right
34.0,58.0,0.43,7.94,8.37,2,jump,93.4,idle
64.0,85.0,1.21,7.44,8.65,2,move_left,95.4,idle
58.0,25.0,1.55,8.45,10.0,3,move_right,91.9,special
31.0,40.0,0.75,8.11,8.86,0,move_left,90.8,punch
100.0,100.0,2.27,4.34,6.6,0,punch,98.3,move_right
100.0,76.0,2.2,6.62,8.82,0,move_right,95.0,move_right
40.0,64.0,0.74,7.13,6.4,0,jump,90.1,kick
10.0,73.0,0.11,8.26,8.14,0,move_left,91.5,block
100.0,100.0,1.87,7.53,9.4,0,punch,96.5,move_right
4.0,67.0,0.57,6.57,6.0,0,move_left,89.3,move_left
43.0,85.0,1.22,7.44,8.66,2,punch,91.4,idle
37.0,61.0,1.4,8.6,10.0,3,punch,92.3,idle
100.0,100.0,1.83,4.33,6.16,0,move_right,98.4,move_right
34.0,49.0,1.35,2.97,1.62,3,block,93.0,idle
100.0,100.0,6.14,3.26,9.4,0,block,96.7,move_right
94.0,100.0,0.81,4.55,5.35,0,move_left,96.7,punch
37.0,7.0,1.36,4.42,5.77,0,special,92.2,jump
100.0,100.0,1.09,4.24,5.34,3,move_left,98.9,idle
13.0,58.0,0.04,7.87,7.84,0,block,90.0,move_left
100.0,100.0,5.69,4.01,9.7,0,move_left,97.3,jump
4.0,73.0,0.02,6.41,6.4,0,move_right,93.0,move_left
85.0,94.0,1.53,6.27,7.8,0,punch,93.6,block
22.0,73.0,0.02,6.11,6.1,0,move_left,93.6,move_left
64.0,85.0,1.28,3.67,4.95,0,idle,96.5,kick
100.0,94.0,0.98,3.67,4.65,1,block,97.9,idle
100.0,100.0,3.61,4.35,7.96,5,jump,97.4,idle
31.0,70.0,1.22,7.31,8.53,1,idle,93.0,idle
88.0,67.0,0.01,8.81,8.8,3,punch,93.5,block
100.0,94.0,1.51,6.43,7.93,3,jump,98.0,idle
43.0,73.0,1.12,5.16,6.28,1,punch,95.3,block
91.0,94.0,0.93,5.37,6.3,1,kick,96.8,block
100.0,100.0,2.31,2.75,5.05,0,kick,98.2,jump
13.0,79.0,0.15,7.71,7.55,0,move_left,92.4,block
25.0,49.0,0.38,5.48,5.86,0,move_right,93.2,kick
82.0,100.0,1.35,7.64,8.99,0,kick,96.1,block
31.0,55.0,1.39,5.14,6.54,3,move_right,94.2,block
100.0,100.0,3.61,4.35,7.96,4,idle,97.3,idle
43.0,79.0,1.54,3.55,5.08,0,kick,95.1,block
100.0,100.0,1.35,7.64,8.99,3,block,96.4,idle
64.0,85.0,0.53,7.03,7.56,0,special,93.8,jump
13.0,64.0,0.26,7.87,8.14,0,idle,90.9,move_right
4.0,25.0,0.11,6.44,6.34,1,block,89.9,idle
22.0,58.0,0.3,10.0,9.7,0,move_left,88.6,move_left
100.0,100.0,2.6,5.3,7.89,0,move_left,98.9,move_right
100.0,100.0,1.53,8.47,10.0,3,jump,94.5,idle
49.0,94.0,1.82,7.14,8.96,0,move_right,91.7,move_right
88.0,88.0,1.46,7.94,9.4,0,kick,93.8,block
43.0,73.0,0.88,7.69,8.57,0,kick,92.7,block
100.0,100.0,1.67,3.96,5.63,0,jump,96.3,move_right
100.0,100.0,1.92,3.11,5.04,3,punch,97.7,idle
52.0,76.0,1.76,6.07,7.84,0,idle,94.5,move_right
34.0,43.0,0.21,6.7,6.49,0,move_left,90.4,punch
43.0,61.0,1.36,6.42,7.78,0,move_right,92.5,jump
52.0,55.0,1.51,6.85,8.36,2,idle,89.0,idle
61.0,64.0,0.38,5.71,6.09,2,punch,94.9,block
4.0,61.0,0.12,8.14,8.02,0,block,90.9,move_left
52.0,55.0,1.1,7.81,8.91,0,move_left,88.8,special
100.0,100.0,7.67,2.21,9.88,3,block,98.2,idle
73.0,61.0,1.72,4.61,6.34,0,idle,96.9,move_right
52.0,46.0,0.88,4.04,4.92,2,special,94.3,block
52.0,49.0,1.89,5.25,7.14,0,move_left,92.1,move_right
100.0,100.0,1.62,5.19,6.81,0,punch,98.3,jump
76.0,79.0,1.51,6.54,8.05,1,kick,95.2,punch
67.0,85.0,1.4,5.41,6.81,1,move_right,93.7,idle
100.0,100.0,1.66,3.55,5.21,2,idle,97.8,idle
64.0,67.0,0.31,8.81,8.5,0,punch,93.2,block
43.0,70.0,0.15,3.87,3.72,0,idle,96.1,special
100.0,100.0,2.86,4.73,7.6,0,move_left,96.9,jump
19.0,22.0,0.08,5.48,5.56,6,kick,92.6,block
37.0,25.0,1.59,6.48,8.06,3,move_right,90.4,idle
64.0,70.0,0.91,6.85,7.76,1,move_left,89.8,idle
4.0,82.0,0.1,7.7,7.59,0,idle,93.6,move_left
100.0,100.0,3.89,5.18,9.07,0,move_left,98.2,move_right
34.0,49.0,0.68,4.2,4.88,1,move_right,93.1,idle
37.0,40.0,1.95,7.81,9.76,2,kick,91.5,block
7.0,61.0,0.26,4.57,4.83,0,punch,93.6,jump
16.0,4.0,1.58,8.42,10.0,5,punch,88.7,idle
100.0,100.0,3.98,2.61,6.59,0,idle,98.1,jump
49.0,61.0,0.84,6.11,6.96,0,punch,91.2,block
52.0,76.0,0.15,3.87,4.02,3,kick,97.0,block
100.0,100.0,2.06,7.94,10.0,0,idle,96.2,move_right
34.0,67.0,0.9,8.5,9.4,0,punch,91.4,jump
100.0,100.0,3.97,3.65,7.62,0,punch,98.6,move_right
100.0,100.0,7.6,0.32,7.92,0,idle,99.0,move_right
100.0,100.0,3.69,2.57,6.26,0,move_left,98.6,move_right
100.0,100.0,2.8,5.12,7.91,0,block,98.7,move_right
94.0,82.0,1.6,6.04,7.63,3,move_right,94.5,idle
10.0,19.0,1.59,6.15,7.74,0,move_right,89.1,move_right
37.0,46.0,1.56,7.0,8.56,3,move_right,88.8,idle
100.0,100.0,5.18,0.9,6.08,0,move_left,98.8,move_right
100.0,100.0,2.16,6.02,8.18,0,move_right,96.9,jump
16.0,58.0,1.03,6.55,7.58,0,move_right,93.2,move_right
4.0,22.0,1.12,5.42,4.3,0,move_left,94.0,punch
100.0,91.0,1.46,3.36,4.82,3,kick,97.4,idle
94.0,82.0,1.3,6.04,7.33,0,move_right,94.6,punch
100.0,91.0,1.29,8.34,9.63,0,move_right,95.2,kick
73.0,70.0,1.0,7.6,8.6,0,idle,93.4,kick
10.0,16.0,0.86,8.84,9.7,3,jump,91.3,idle
79.0,67.0,0.99,4.95,5.94,3,kick,94.9,block
100.0,100.0,5.18,4.82,10.0,0,jump,97.8,move_right
100.0,82.0,1.84,4.13,5.97,1,idle,97.6,idle
49.0,55.0,0.33,4.65,4.98,2,punch,93.7,block
61.0,88.0,0.94,6.44,7.38,1,kick,93.4,block
40.0,85.0,1.32,5.04,6.36,3,punch,95.7,idle
100.0,100.0,3.12,5.42,8.54,0,kick,98.0,move_right
13.0,79.0,0.21,6.35,6.55,0,idle,91.2,move_right
7.0,73.0,0.12,3.94,3.82,0,jump,94.3,move_left
100.0,94.0,1.06,4.42,5.47,0,idle,97.8,special
100.0,100.0,3.12,5.27,8.39,0,punch,97.7,move_right
25.0,13.0,1.34,4.78,3.44,3,kick,89.2,idle
13.0,40.0,0.98,7.41,8.39,1,special,91.1,block
88.0,85.0,1.8,4.04,5.84,2,kick,95.6,idle
1.0,58.0,0.48,9.28,8.8,6,kick,90.4,block
100.0,94.0,2.04,6.0,8.04,1,jump,97.5,idle
85.0,94.0,1.33,5.05,6.38,0,move_right,97.3,kick
94.0,76.0,1.37,4.94,6.3,6,punch,97.3,idle
70.0,67.0,1.36,7.88,9.23,3,idle,94.3,idle
85.0,88.0,0.73,7.94,8.67,0,kick,96.0,block
16.0,58.0,0.06,8.62,8.68,0,punch,91.4,block
64.0,46.0,1.13,5.2,6.34,4,special,95.3,block
58.0,55.0,0.67,8.23,8.91,2,kick,94.5,block
1.0,73.0,0.21,5.61,5.4,0,kick,90.8,block
76.0,100.0,1.04,5.19,6.22,2,kick,96.6,block
100.0,100.0,2.15,6.65,8.8,0,move_right,97.5,jump
49.0,64.0,0.3,8.5,8.8,0,move_left,92.0,block
19.0,37.0,0.64,8.54,7.9,1,special,90.1,block
43.0,46.0,0.77,7.32,8.1,2,kick,92.3,block
28.0,64.0,1.47,5.87,7.34,2,punch,91.4,idle
76.0,94.0,1.83,7.27,9.1,1,move_right,94.4,idle
67.0,82.0,1.19,4.77,5.96,1,idle,96.9,idle
55.0,55.0,0.2,8.6,8.8,1,kick,92.2,block
100.0,100.0,4.78,4.0,8.78,0,punch,97.5,move_right
64.0,61.0,0.8,6.75,7.55,0,punch,93.9,block
100.0,94.0,1.9,4.84,6.73,0,punch,98.2,move_right
88.0,82.0,1.85,8.15,10.0,0,move_right,95.5,move_right
55.0,76.0,0.23,7.03,7.26,0,idle,93.3,special
31.0,43.0,1.33,6.8,8.13,3,move_right,93.5,idle
58.0,58.0,1.34,8.66,10.0,5,punch,90.3,idle
13.0,67.0,0.03,7.59,7.57,0,punch,92.6,jump
28.0,31.0,0.96,5.91,6.87,3,punch,92.0,block
4.0,70.0,0.21,4.37,4.16,0,move_left,94.0,move_left
43.0,79.0,1.0,5.69,6.69,1,punch,92.6,block
100.0,100.0,7.05,1.41,8.45,0,idle,99.0,move_right
85.0,73.0,1.05,8.18,9.23,1,idle,94.3,idle
7.0,61.0,0.26,4.27,4.53,0,special,94.0,jump
100.0,91.0,0.95,4.53,5.48,0,move_left,97.3,punch
37.0,52.0,1.21,7.09,8.3,0,jump,93.7,jump
58.0,64.0,1.57,5.11,6.68,3,idle,94.2,idle
82.0,100.0,1.08,6.58,7.66,1,move_left,96.0,idle
55.0,82.0,0.8,4.62,5.42,1,jump,96.0,idle
94.0,85.0,0.84,7.88,8.72,3,kick,95.1,block
100.0,94.0,1.6,5.44,7.03,0,kick,97.2,jump
22.0,52.0,0.73,4.2,4.93,0,special,93.0,block
100.0,100.0,3.75,5.18,8.93,0,kick,97.7,move_right
43.0,73.0,0.38,5.97,6.34,3,move_left,92.7,idle
67.0,43.0,0.96,7.82,8.78,1,move_left,91.2,idle
82.0,91.0,1.14,3.7,4.84,1,jump,97.3,move_left
100.0,100.0,2.15,7.55,9.7,0,move_right,97.3,move_right
64.0,73.0,1.02,8.2,9.22,3,idle,93.0,idle
100.0,100.0,6.83,1.29,8.12,0,idle,98.6,move_right
7.0,40.0,0.88,8.52,9.4,1,idle,88.2,idle
10.0,25.0,0.97,8.43,9.4,1,move_left,87.9,idle
100.0,100.0,7.43,2.57,10.0,0,move_right,98.3,move_right
49.0,94.0,1.52,7.14,8.66,1,move_left,91.8,idle
88.0,76.0,0.99,6.81,7.8,1,move_left,96.7,idle
100.0,100.0,1.4,8.6,10.0,3,move_right,95.7,block
34.0,46.0,1.4,8.25,9.65,0,block,89.4,special
52.0,73.0,1.57,8.13,9.7,3,punch,94.3,idle
55.0,28.0,1.83,6.9,8.72,1,punch,91.3,idle
94.0,82.0,0.68,7.71,8.39,0,move_left,95.6,jump
100.0,100.0,3.03,3.6,6.62,0,punch,97.4,move_right
25.0,25.0,1.64,6.23,4.6,1,kick,87.6,idle
10.0,10.0,1.42,5.21,6.64,3,idle,89.9,idle
79.0,37.0,0.64,4.43,5.07,0,idle,93.6,punch
79.0,100.0,1.7,4.51,6.21,0,move_right,95.1,jump
43.0,25.0,1.04,5.53,6.57,2,block,93.5,idle
22.0,58.0,0.83,6.43,7.26,0,jump,92.9,move_right
52.0,64.0,1.03,7.07,8.11,3,jump,93.6,idle
73.0,67.0,0.66,6.9,6.24,3,move_left,93.4,idle
100.0,100.0,2.85,4.47,7.32,0,punch,97.4,move_right
100.0,91.0,1.08,7.04,8.12,3,jump,95.8,block
100.0,100.0,1.83,4.47,6.3,0,punch,97.4,move_right
31.0,46.0,0.38,7.05,7.43,5,punch,92.3,block
100.0,100.0,4.18,3.99,8.17,0,kick,98.0,move_right
31.0,67.0,1.38,7.24,8.62,0,jump,93.3,punch
100.0,100.0,3.12,5.1,8.22,0,kick,98.2,move_right
61.0,70.0,0.17,5.31,5.48,2,jump,95.4,idle
88.0,73.0,1.57,5.11,6.68,0,kick,95.0,kick
100.0,100.0,1.86,6.62,8.48,0,idle,96.3,kick
31.0,46.0,0.91,7.15,8.06,0,move_left,87.8,kick
55.0,73.0,0.53,7.07,7.6,0,jump,93.1,punch
100.0,100.0,7.05,2.36,9.41,0,idle,98.5,jump
73.0,46.0,0.95,8.45,9.4,3,block,93.8,idle
58.0,76.0,1.15,5.17,6.32,2,punch,96.0,block
19.0,40.0,0.25,5.87,6.12,2,jump,87.3,kick
76.0,100.0,1.28,5.18,6.46,3,move_left,97.9,idle
13.0,67.0,0.86,9.14,10.0,0,block,90.2,move_right
52.0,67.0,1.5,5.74,7.24,3,jump,93.9,idle
100.0,100.0,3.62,5.38,9.0,0,special,97.2,move_right
1.0,10.0,0.01,8.81,8.8,5,kick,89.3,block
100.0,100.0,4.43,4.97,9.4,0,jump,97.2,move_right
100.0,91.0,1.85,5.15,7.0,2,move_right,96.7,idle
100.0,100.0,3.26,4.27,7.54,0,kick,98.5,move_right
100.0,100.0,3.73,5.92,9.64,4,idle,96.9,idle
100.0,94.0,1.37,4.94,6.3,2,move_right,97.6,idle
43.0,79.0,0.88,8.08,7.2,2,move_right,91.0,idle
100.0,100.0,3.07,5.97,9.04,0,jump,97.9,move_right
85.0,85.0,1.17,5.27,6.44,0,block,95.7,special
28.0,49.0,0.86,8.54,9.4,3,punch,92.9,block
100.0,100.0,1.92,3.11,5.04,5,kick,97.9,jump
49.0,73.0,1.33,8.16,9.49,2,jump,95.0,idle
100.0,100.0,6.78,2.74,9.52,0,punch,98.6,move_right
100.0,100.0,3.99,4.0,7.99,0,kick,98.1,move_right
79.0,91.0,1.17,6.3,7.47,1,punch,96.8,block
70.0,85.0,0.24,7.88,8.12,0,punch,94.6,block
28.0,58.0,1.28,5.71,6.99,2,punch,92.0,idle
28.0,61.0,1.5,8.5,10.0,1,idle,90.3,idle
52.0,55.0,1.57,8.43,10.0,5,jump,93.7,idle
85.0,100.0,1.23,5.97,7.2,0,move_left,94.8,kick
25.0,43.0,1.21,8.49,9.7,2,move_left,90.1,idle
100.0,100.0,2.41,5.94,8.35,0,block,98.3,jump
100.0,100.0,2.77,6.27,9.04,0,punch,97.8,move_right
13.0,61.0,0.54,5.78,6.32,0,move_right,89.6,move_right
16.0,73.0,0.38,9.32,9.7,0,move_left,93.2,move_right
52.0,49.0,1.39,5.82,7.21,0,punch,94.0,jump
67.0,82.0,0.97,4.02,4.99,1,idle,94.4,idle
55.0,73.0,0.42,4.91,5.34,0,move_right,93.3,jump
1.0,73.0,0.12,4.72,4.84,0,kick,92.6,jump
25.0,37.0,0.96,7.0,7.96,2,punch,87.1,block
79.0,73.0,1.02,8.2,9.22,0,kick,94.2,block
34.0,94.0,1.45,5.23,6.68,2,special,94.1,idle
100.0,91.0,1.52,6.71,8.23,3,jump,96.6,idle
100.0,100.0,8.07,1.76,9.83,0,idle,98.3,move_right
100.0,100.0,2.42,3.89,6.3,0,move_right,97.3,jump
58.0,61.0,1.51,6.85,8.36,0,punch,89.2,punch
94.0,82.0,0.42,4.08,4.5,3,move_left,97.7,idle
91.0,91.0,1.52,4.07,5.59,3,kick,96.8,idle
100.0,100.0,2.99,7.01,10.0,0,block,96.0,move_right
100.0,100.0,6.73,2.0,8.73,0,jump,98.9,move_left
94.0,52.0,1.28,7.05,8.33,5,move_right,94.7,idle
22.0,16.0,0.1,6.91,6.81,0,kick,91.8,jump
10.0,73.0,0.0,9.4,9.4,0,kick,92.1,block
22.0,40.0,0.22,5.12,4.9,0,kick,94.9,jump
28.0,61.0,1.5,8.5,10.0,3,kick,90.5,idle
100.0,100.0,6.74,1.51,8.24,0,idle,98.7,move_right
13.0,67.0,0.86,9.14,10.0,0,punch,90.3,block
34.0,70.0,1.3,5.99,7.29,2,block,91.0,idle
88.0,85.0,1.8,4.04,5.84,3,move_right,95.7,idle
85.0,73.0,1.53,5.82,7.35,4,kick,96.5,idle
94.0,91.0,0.52,4.86,5.38,1,move_left,97.6,idle
100.0,100.0,3.52,2.94,6.46,0,special,98.6,move_right
31.0,61.0,0.36,6.9,6.54,3,punch,91.7,block
100.0,100.0,5.56,2.03,7.6,0,move_left,98.5,move_right
1.0,73.0,0.18,6.84,6.66,0,punch,92.0,jump
100.0,100.0,2.45,3.95,6.4,0,kick,97.6,move_right
82.0,64.0,1.18,4.04,5.22,3,jump,95.9,idle
85.0,73.0,0.22,5.12,4.9,3,idle,97.4,punch
100.0,100.0,3.77,1.86,5.63,1,kick,97.9,idle
52.0,94.0,0.76,5.05,5.81,0,block,95.1,punch
100.0,100.0,5.72,0.47,6.19,0,jump,98.5,move_right
76.0,82.0,1.5,5.71,7.2,1,kick,94.4,block
100.0,100.0,2.86,5.5,8.36,0,move_right,96.6,move_right
61.0,94.0,0.32,7.78,8.1,0,jump,94.2,kick
100.0,100.0,7.73,2.27,10.0,0,idle,98.6,jump
58.0,82.0,1.0,6.04,7.03,3,punch,93.5,block
19.0,49.0,0.61,8.81,8.2,0,idle,91.3,punch
28.0,70.0,1.32,7.49,8.81,3,special,94.3,idle
64.0,73.0,1.02,8.2,9.22,1,idle,92.8,idle
19.0,16.0,0.69,6.18,6.86,2,move_left,88.1,idle
67.0,73.0,1.21,8.19,9.4,0,punch,93.1,jump
76.0,91.0,1.29,8.27,9.57,0,idle,96.1,kick
55.0,61.0,0.33,4.65,4.98,1,move_right,94.1,idle
100.0,100.0,6.16,1.73,7.9,0,special,98.6,move_right
100.0,100.0,8.46,1.0,9.45,0,idle,99.0,move_right
64.0,76.0,1.62,6.89,8.51,0,move_right,94.8,move_right
100.0,100.0,1.48,7.6,9.07,0,jump,97.6,special
25.0,49.0,0.24,5.62,5.38,0,punch,91.5,block
100.0,82.0,0.38,5.12,5.5,2,idle,98.5,idle
46.0,73.0,1.64,8.26,9.9,0,idle,93.7,move_right
16.0,73.0,0.11,7.96,7.84,0,idle,92.4,punch
43.0,34.0,1.89,5.88,7.76,6,punch,92.3,idle
100.0,100.0,4.59,2.81,7.4,0,kick,98.2,move_right
25.0,55.0,1.89,6.41,8.3,1,move_right,92.3,idle
61.0,67.0,1.06,6.42,7.48,1,move_left,93.5,idle
1.0,67.0,0.27,6.27,6.0,0,kick,92.1,block
94.0,100.0,1.1,3.91,5.01,0,punch,96.7,jump
31.0,49.0,0.48,7.34,7.82,0,block,92.6,block
91.0,82.0,1.56,7.52,9.08,3,block,94.5,idle
100.0,100.0,1.88,5.38,7.27,3,move_right,97.8,idle
82.0,85.0,1.54,8.19,9.73,2,kick,94.5,idle
31.0,49.0,0.48,7.34,7.82,0,idle,92.7,block
34.0,55.0,1.65,3.27,1.62,0,move_left,93.4,move_left
52.0,73.0,1.04,7.66,8.7,2,idle,95.4,idle
40.0,7.0,1.22,6.29,7.5,0,move_left,88.3,special
100.0,100.0,4.32,3.99,8.31,0,block,97.0,move_right
73.0,49.0,1.48,8.52,10.0,3,move_right,91.0,idle
25.0,70.0,1.09,7.97,9.07,2,move_right,94.9,idle
70.0,73.0,0.98,6.59,7.57,2,special,94.7,block
85.0,64.0,0.92,5.99,6.9,3,idle,92.6,idle
100.0,67.0,0.11,3.75,3.86,3,move_right,96.1,move_left
100.0,94.0,1.82,7.18,9.0,1,kick,96.1,idle
94.0,76.0,0.46,7.91,8.37,0,punch,92.6,block
49.0,61.0,1.14,6.11,7.26,0,move_right,91.0,jump
67.0,73.0,1.5,6.61,8.1,1,idle,92.3,kick
13.0,61.0,0.06,6.08,6.02,0,idle,89.8,move_left
100.0,100.0,1.5,4.84,6.34,0,kick,97.0,special
100.0,82.0,1.66,8.34,10.0,1,move_right,94.9,idle
4.0,4.0,1.02,8.2,9.22,1,idle,86.9,idle
43.0,34.0,1.29,6.48,7.76,1,idle,91.0,idle
31.0,73.0,0.68,5.48,6.16,0,jump,94.6,punch
55.0,52.0,0.73,7.13,7.86,2,punch,93.2,block
43.0,76.0,0.0,6.92,6.92,0,kick,93.9,jump
82.0,79.0,1.15,4.97,6.12,0,punch,93.2,jump
100.0,100.0,6.39,2.2,8.59,0,punch,98.7,move_right
49.0,46.0,1.92,6.3,8.22,0,move_right,94.0,move_right
88.0,52.0,0.98,7.05,8.03,2,punch,94.4,block
70.0,73.0,1.43,7.36,8.79,0,kick,95.0,block
19.0,25.0,1.59,5.55,7.14,2,move_right,89.9,idle
100.0,100.0,1.58,5.97,7.54,0,move_left,96.7,punch
73.0,82.0,0.6,7.3,7.9,0,punch,94.7,block
40.0,55.0,1.35,4.17,2.82,1,idle,94.6,idle
85.0,100.0,1.45,5.53,6.98,0,idle,95.7,punch
19.0,52.0,0.3,9.1,8.8,0,move_left,90.8,move_left
76.0,85.0,1.17,7.18,8.35,3,kick,95.4,block
37.0,58.0,0.28,6.32,6.59,0,kick,93.8,block
100.0,100.0,1.5,8.5,10.0,3,move_right,95.6,idle
55.0,64.0,0.89,4.29,5.18,3,punch,95.0,punch
28.0,40.0,0.22,5.12,4.9,0,special,95.2,block
76.0,70.0,0.98,7.71,8.69,2,punch,94.6,block
49.0,70.0,0.82,6.58,5.77,0,kick,93.1,block
58.0,94.0,1.58,4.71,6.29,3,punch,96.1,idle
25.0,52.0,1.28,4.87,6.15,0,idle,92.9,move_right
94.0,91.0,1.36,7.58,8.93,3,punch,96.7,idle
76.0,82.0,1.36,6.42,7.78,3,kick,95.3,idle
100.0,100.0,1.04,8.36,9.4,0,move_left,95.9,kick
34.0,76.0,1.23,8.47,9.7,0,special,90.5,jump
100.0,100.0,1.51,4.75,6.26,0,block,96.3,kick
40.0,61.0,0.66,7.88,7.22,1,punch,92.2,block
100.0,94.0,0.12,5.02,5.14,2,move_left,96.9,idle
100.0,100.0,4.84,3.69,8.53,1,move_left,97.2,idle
37.0,25.0,1.18,8.5,9.67,0,punch,92.2,idle
37.0,52.0,1.21,7.09,8.3,0,kick,93.6,jump
100.0,100.0,1.88,5.08,6.97,0,kick,98.0,move_right
100.0,100.0,2.11,7.87,9.98,1,idle,94.9,idle
40.0,67.0,0.93,5.37,6.3,0,idle,94.2,kick
43.0,52.0,1.09,6.28,7.37,3,idle,95.0,idle
25.0,91.0,0.82,7.92,8.75,0,punch,93.2,block
13.0,22.0,0.54,7.31,7.84,3,block,91.7,idle
100.0,100.0,4.12,2.63,6.76,0,punch,98.8,jump
67.0,70.0,0.15,7.64,7.79,2,jump,93.2,idle
58.0,79.0,1.89,3.51,5.4,0,move_right,95.1,move_right
100.0,100.0,6.14,3.86,10.0,0,move_right,96.1,move_right
13.0,31.0,0.19,5.82,6.01,1,kick,90.8,block
100.0,100.0,4.52,3.54,8.06,6,move_right,97.2,idle
73.0,82.0,1.12,6.32,7.44,0,kick,93.0,jump
34.0,70.0,1.47,5.87,7.34,3,move_right,92.0,idle
1.0,73.0,0.3,10.0,9.7,0,punch,91.6,jump
55.0,43.0,0.83,7.66,8.49,6,kick,93.5,block
100.0,100.0,5.45,2.75,8.2,0,kick,98.9,move_right
1.0,4.0,1.28,8.42,9.7,6,punch,88.4,idle
73.0,79.0,1.52,4.37,5.89,0,move_right,94.6,special
100.0,100.0,1.67,4.41,6.08,0,move_left,97.8,move_right
16.0,37.0,1.43,5.2,6.64,1,move_right,92.1,idle
67.0,79.0,1.42,7.22,8.64,0,move_right,93.3,punch
25.0,82.0,0.2,7.1,7.29,0,idle,95.2,move_right
67.0,67.0,1.46,3.55,5.01,2,punch,96.4,idle
100.0,85.0,0.26,4.27,4.53,3,move_left,96.0,idle
100.0,76.0,1.84,4.43,6.27,1,punch,97.1,idle
64.0,94.0,1.28,3.67,4.95,0,idle,96.9,kick
67.0,91.0,1.03,7.86,8.89,0,move_left,96.5,special
10.0,25.0,0.66,5.91,6.57,6,punch,90.7,block
70.0,64.0,1.13,5.2,6.34,3,kick,96.0,block
37.0,49.0,1.57,8.13,9.7,3,jump,92.7,idle
4.0,61.0,0.2,9.1,8.9,0,special,90.5,move_right
28.0,37.0,1.13,7.66,8.79,2,move_left,91.1,idle
100.0,100.0,5.1,2.8,7.9,0,punch,98.5,jump
100.0,100.0,1.68,6.44,8.12,0,idle,96.2,move_right
1.0,37.0,0.38,4.2,4.58,0,kick,92.1,block
100.0,100.0,2.99,6.55,9.53,0,idle,96.6,jump
52.0,55.0,0.17,7.32,7.5,2,jump,92.8,idle
70.0,79.0,0.26,4.27,4.53,0,jump,94.7,special
91.0,91.0,1.86,6.92,8.78,2,move_right,95.2,idle
100.0,100.0,1.46,7.07,8.53,0,idle,96.5,punch
25.0,55.0,1.59,6.71,8.3,0,kick,92.1,move_right
100.0,100.0,1.76,5.63,7.39,0,punch,97.4,move_right
67.0,91.0,1.05,5.97,7.02,1,move_right,93.1,block
100.0,100.0,2.4,6.4,8.8,0,punch,96.4,move_right
25.0,55.0,1.09,5.74,6.84,0,block,93.7,move_right
100.0,100.0,5.22,3.29,8.52,0,jump,98.2,move_right
85.0,82.0,1.69,4.32,6.01,3,move_right,98.0,idle
13.0,31.0,0.73,7.07,7.81,3,kick,90.7,block
100.0,85.0,1.84,7.89,9.73,3,move_right,95.1,idle
31.0,64.0,0.52,5.16,5.68,2,punch,94.9,block
100.0,100.0,1.91,3.15,5.06,0,idle,98.2,move_right
25.0,94.0,0.85,5.53,6.38,0,move_left,93.5,move_right
22.0,37.0,0.91,7.15,8.06,1,kick,86.7,block
34.0,82.0,0.41,4.39,4.8,3,punch,97.5,block
16.0,1.0,1.12,6.62,7.74,1,punch,89.1,block
100.0,76.0,0.95,8.15,9.1,0,move_left,95.5,kick
43.0,34.0,1.59,6.48,8.06,0,punch,91.6,special
82.0,82.0,1.72,7.13,8.86,0,move_right,94.1,move_right
100.0,100.0,2.76,3.81,6.57,0,punch,98.3,move_right
46.0,46.0,1.86,6.4,8.26,0,move_right,89.6,move_right
19.0,58.0,0.52,5.46,5.98,0,move_right,93.7,move_right
70.0,55.0,0.24,7.01,7.24,3,kick,94.7,block
40.0,55.0,1.4,7.95,9.35,2,jump,90.7,idle
61.0,52.0,1.1,7.22,8.32,0,kick,94.5,block
67.0,58.0,1.2,7.4,8.6,1,kick,94.0,idle
67.0,79.0,0.82,7.22,8.04,1,move_left,93.8,idle
85.0,79.0,0.89,5.55,4.66,0,move_left,93.4,special
100.0,100.0,3.97,6.03,10.0,0,move_right,98.6,move_right
82.0,82.0,0.58,3.68,4.26,3,move_right,96.1,idle
100.0,94.0,1.9,4.84,6.73,3,move_right,98.5,idle
100.0,91.0,1.84,7.59,9.43,1,idle,95.4,idle
82.0,91.0,0.42,5.49,5.91,2,idle,96.1,idle
25.0,82.0,0.29,9.38,9.67,0,move_right,95.3,move_right
28.0,73.0,1.29,4.11,5.4,5,kick,93.5,idle
100.0,100.0,4.35,4.58,8.93,0,special,98.0,move_right
25.0,22.0,0.6,6.91,7.5,2,idle,88.5,idle
100.0,100.0,2.6,6.11,8.71,0,move_left,97.4,move_right
100.0,100.0,4.52,4.18,8.7,0,punch,97.7,move_right
88.0,85.0,0.53,7.03,7.56,0,move_left,94.1,block
22.0,4.0,0.34,4.43,4.77,1,jump,90.9,idle
19.0,43.0,0.65,6.01,6.66,1,special,94.0,block
43.0,73.0,0.68,5.97,6.64,2,idle,93.0,idle
100.0,100.0,2.89,6.16,9.04,0,kick,97.7,jump
16.0,73.0,0.61,6.84,7.45,0,punch,93.2,jump
100.0,100.0,1.86,4.86,6.72,0,punch,96.6,move_right
91.0,82.0,0.38,5.12,5.5,3,kick,98.1,block
100.0,100.0,3.61,4.87,8.48,0,idle,97.8,move_right
100.0,94.0,2.08,7.29,9.37,2,idle,94.8,idle
100.0,100.0,3.38,3.68,7.06,0,idle,98.9,move_right
100.0,100.0,3.42,2.58,6.0,0,idle,99.0,jump
100.0,100.0,1.76,5.77,7.54,0,move_left,97.8,jump
31.0,73.0,0.68,5.48,6.16,1,move_right,94.7,idle
73.0,79.0,1.54,8.19,9.73,3,kick,94.2,idle
40.0,19.0,1.58,6.59,8.17,2,punch,90.8,idle
100.0,100.0,2.59,6.46,9.04,0,kick,97.4,jump
34.0,16.0,1.19,5.19,6.38,6,move_left,92.8,idle
79.0,82.0,1.27,7.17,8.44,3,move_left,96.5,idle
55.0,7.0,1.36,4.42,5.77,1,move_right,92.3,idle
76.0,73.0,1.76,7.67,9.43,0,jump,94.1,move_right
22.0,46.0,1.03,7.07,8.11,0,jump,91.2,punch
13.0,67.0,0.14,9.1,8.96,0,jump,91.9,move_left
100.0,100.0,1.59,7.07,8.67,0,idle,98.1,kick
100.0,100.0,6.46,1.31,7.77,0,punch,98.6,move_right
4.0,61.0,0.5,9.5,10.0,1,punch,91.1,block
7.0,28.0,1.34,7.67,9.01,0,kick,90.3,block
94.0,79.0,0.57,8.47,7.9,1,move_left,92.7,idle
100.0,100.0,4.19,5.65,9.83,0,punch,97.0,move_right
22.0,67.0,0.76,8.04,8.8,0,idle,92.8,move_right
82.0,67.0,1.09,6.14,7.24,1,move_right,95.8,idle
73.0,85.0,1.46,3.25,4.71,0,idle,97.1,kick
100.0,100.0,1.09,4.22,5.31,1,move_right,98.7,idle
88.0,94.0,2.05,3.47,5.52,5,punch,96.3,idle
31.0,52.0,1.88,4.27,6.15,0,move_right,93.2,move_right
82.0,70.0,1.02,6.8,7.82,5,idle,95.1,idle
100.0,100.0,4.36,4.3,8.66,0,kick,97.6,move_right
100.0,100.0,3.68,4.38,8.05,0,idle,99.0,move_right
64.0,79.0,1.57,7.83,9.4,1,special,95.0,idle
37.0,43.0,0.16,8.51,8.67,0,move_left,87.0,kick
34.0,70.0,1.47,5.87,7.34,1,move_right,91.8,idle
100.0,100.0,3.76,4.02,7.78,0,move_right,98.3,block
100.0,100.0,2.12,6.58,8.7,0,move_left,96.7,move_right
31.0,70.0,0.61,7.44,8.05,0,jump,93.4,kick
82.0,79.0,1.23,6.0,7.22,0,move_left,95.1,kick
94.0,76.0,0.68,7.71,8.39,0,kick,94.9,idle
46.0,25.0,0.67,8.43,9.1,3,kick,90.0,block
100.0,100.0,3.82,2.46,6.28,0,punch,98.8,move_right
52.0,61.0,0.93,8.47,9.4,0,move_left,92.1,punch
31.0,46.0,1.21,7.15,8.36,1,idle,87.9,idle
85.0,100.0,1.06,4.87,5.93,1,kick,98.7,block
100.0,94.0,1.82,7.18,9.0,0,special,96.0,move_right
100.0,100.0,2.53,5.6,8.13,0,block,97.5,jump
34.0,73.0,1.28,8.42,9.7,0,special,94.0,jump
55.0,70.0,1.54,6.74,8.28,0,idle,91.6,kick
70.0,91.0,1.51,5.39,6.9,2,punch,95.6,idle
31.0,58.0,1.94,5.19,7.12,0,kick,93.6,move_right
76.0,76.0,1.56,5.2,6.76,3,special,93.5,idle
58.0,100.0,1.09,4.24,5.34,1,punch,97.9,block
91.0,49.0,0.64,4.43,5.07,3,punch,95.4,block
70.0,85.0,1.48,8.5,9.98,0,punch,94.2,block
82.0,61.0,1.37,7.02,8.4,3,move_right,94.6,idle
46.0,76.0,1.17,6.69,7.87,0,jump,93.6,kick
79.0,73.0,1.29,6.41,7.7,0,move_left,94.5,punch
100.0,100.0,1.58,8.42,10.0,0,idle,96.2,punch
40.0,40.0,1.02,4.91,5.94,6,move_left,92.0,idle
94.0,100.0,1.47,7.18,8.65,0,idle,95.9,punch
82.0,76.0,0.13,6.07,6.19,3,idle,96.1,idle
49.0,73.0,1.89,3.81,5.7,2,move_right,94.8,jump
100.0,100.0,3.93,2.97,6.9,0,move_right,98.4,move_right
88.0,73.0,1.28,4.2,5.48,2,move_left,96.7,idle
58.0,55.0,0.68,4.2,4.88,0,punch,94.8,block
100.0,100.0,5.09,4.76,9.86,0,move_right,98.6,move_right
25.0,43.0,1.21,8.49,9.7,0,idle,89.8,punch
85.0,100.0,1.75,7.3,9.05,0,move_right,94.3,move_right
7.0,55.0,0.14,6.91,7.04,2,jump,89.3,idle
88.0,94.0,1.45,4.07,5.52,0,kick,95.5,block
100.0,100.0,5.56,2.21,7.77,1,special,97.7,idle
100.0,100.0,2.25,7.75,10.0,0,move_right,96.0,move_right
40.0,46.0,1.34,8.66,10.0,3,punch,89.2,idle
100.0,100.0,2.5,4.79,7.29,0,move_left,96.1,move_right
76.0,73.0,0.66,5.81,6.46,3,punch,95.1,block
88.0,91.0,0.89,7.76,8.65,3,move_left,95.5,idle
88.0,94.0,1.15,5.17,6.32,0,idle,97.4,kick
40.0,61.0,0.66,7.88,7.22,3,move_left,92.4,idle
100.0,100.0,3.09,4.61,7.7,0,idle,97.4,move_right
37.0,67.0,1.06,7.6,8.66,2,kick,93.7,block
37.0,61.0,1.4,8.6,10.0,0,block,92.7,kick
100.0,100.0,2.48,5.47,7.95,0,punch,96.9,move_right
49.0,67.0,0.78,7.34,8.12,0,punch,94.2,block
7.0,49.0,0.72,8.15,8.87,5,kick,94.3,block
49.0,58.0,1.09,6.14,7.24,2,idle,94.1,idle
67.0,67.0,0.6,7.3,7.9,3,move_right,94.0,idle
100.0,100.0,4.38,4.84,9.22,0,move_left,97.7,move_right
73.0,70.0,1.0,7.6,8.6,3,punch,94.6,block
73.0,100.0,1.05,6.81,7.85,1,move_right,95.5,idle
55.0,76.0,0.23,7.03,7.26,6,idle,93.2,idle
100.0,100.0,3.65,3.31,6.96,0,move_left,98.5,jump
55.0,61.0,1.02,8.42,9.44,0,jump,92.3,block
52.0,55.0,0.17,7.32,7.5,0,move_left,93.0,kick
55.0,82.0,0.72,7.18,7.9,1,kick,93.0,block
19.0,7.0,1.67,7.62,9.3,0,move_right,89.6,move_right
100.0,100.0,1.32,6.4,7.72,3,idle,97.6,idle
73.0,67.0,1.08,7.04,8.12,6,block,94.8,idle
100.0,94.0,2.04,6.3,8.34,0,jump,97.0,jump
34.0,46.0,1.7,7.95,9.65,1,move_right,90.0,idle
40.0,37.0,0.1,8.6,8.5,3,idle,90.9,idle
100.0,100.0,1.32,3.84,5.16,0,punch,98.6,jump
100.0,100.0,3.96,4.42,8.38,0,idle,98.1,move_right
100.0,100.0,2.57,3.04,5.61,0,punch,97.7,move_right
100.0,100.0,3.58,5.2,8.78,0,idle,97.1,move_right
76.0,91.0,1.45,7.6,9.05,1,idle,93.9,idle
100.0,100.0,2.71,6.92,9.63,0,kick,97.6,jump
100.0,100.0,7.98,1.84,9.82,0,idle,98.9,move_right
70.0,61.0,1.62,7.82,9.44,0,move_right,94.1,jump
25.0,58.0,1.56,6.82,8.38,3,punch,92.3,idle
88.0,94.0,1.75,3.47,5.22,2,kick,96.5,special
91.0,91.0,1.25,8.15,9.4,0,kick,96.7,punch
49.0,73.0,0.97,3.72,4.69,0,punch,93.5,jump
34.0,64.0,1.16,6.67,7.84,2,special,92.7,block
82.0,52.0,0.98,7.05,8.03,1,punch,94.3,block
85.0,82.0,1.88,5.98,7.87,3,move_right,96.2,move_right
49.0,70.0,0.47,5.31,5.78,0,move_right,94.8,punch
100.0,91.0,1.29,8.34,9.63,3,idle,95.5,idle
43.0,64.0,0.47,5.31,5.78,1,punch,94.5,block
100.0,100.0,1.31,7.49,8.8,0,move_left,96.3,punch
100.0,100.0,3.67,6.33,10.0,2,punch,98.2,idle
25.0,55.0,0.28,2.48,2.76,0,jump,90.8,move_right
16.0,46.0,0.88,6.32,7.19,2,idle,92.1,idle
16.0,61.0,0.16,8.48,8.63,0,jump,90.8,block
91.0,100.0,1.74,3.7,5.44,1,punch,97.7,idle
4.0,19.0,0.64,8.54,7.9,3,kick,89.6,block
100.0,100.0,3.33,3.65,6.98,0,move_left,98.6,move_right
37.0,67.0,1.46,7.97,9.43,2,move_left,92.4,idle
37.0,58.0,0.15,8.65,8.8,0,idle,90.9,block
58.0,67.0,0.82,7.43,8.26,3,block,92.9,idle
34.0,55.0,0.88,7.69,8.57,2,move_left,92.0,idle
82.0,85.0,0.72,8.19,8.91,0,move_left,92.5,punch
16.0,61.0,1.1,8.21,9.31,0,move_right,92.7,move_right
70.0,55.0,1.08,8.32,9.4,2,kick,93.3,block
58.0,73.0,0.12,6.14,6.26,3,block,95.7,idle
16.0,64.0,0.2,8.44,8.23,0,punch,89.5,block
76.0,76.0,1.36,7.6,8.96,6,move_right,94.6,idle
85.0,76.0,1.51,6.55,8.06,1,special,91.2,idle
100.0,100.0,4.22,2.09,6.3,0,idle,99.0,jump
100.0,100.0,7.12,0.92,8.04,0,kick,98.8,move_right
100.0,100.0,1.59,3.78,5.36,0,idle,98.8,block
43.0,76.0,1.32,4.68,6.0,2,punch,95.3,idle
100.0,100.0,5.19,3.84,9.03,0,move_left,98.6,move_right
43.0,91.0,0.75,5.67,6.42,3,punch,91.2,block
100.0,100.0,1.4,5.9,7.3,0,move_left,97.1,kick
13.0,25.0,1.92,6.7,8.62,1,move_right,89.0,idle
70.0,67.0,1.7,5.71,7.41,3,move_right,96.6,idle
85.0,43.0,0.38,8.42,8.8,0,kick,92.4,block
25.0,55.0,0.02,3.08,3.06,0,kick,90.4,block
52.0,43.0,0.64,8.54,7.9,1,kick,91.5,block
16.0,64.0,0.02,8.63,8.65,0,move_right,91.6,move_right
52.0,52.0,1.8,6.04,7.84,2,punch,92.8,idle
73.0,94.0,1.52,7.14,8.66,0,idle,92.8,punch
46.0,73.0,1.34,8.56,9.9,2,kick,93.4,idle
55.0,37.0,1.23,6.9,8.12,0,idle,92.2,jump
85.0,73.0,1.23,5.82,7.05,3,move_left,96.0,idle
100.0,94.0,1.9,5.14,7.03,2,move_right,97.5,idle
100.0,100.0,5.85,3.08,8.93,0,jump,98.6,move_right
67.0,37.0,1.56,7.82,9.38,1,kick,90.8,idle
100.0,100.0,2.23,5.68,7.91,0,jump,97.7,move_right
16.0,37.0,1.44,6.71,8.16,0,idle,88.1,kick
100.0,100.0,2.6,4.82,7.42,0,punch,98.6,move_right
76.0,82.0,1.14,3.4,4.54,3,punch,97.0,block
100.0,100.0,4.98,3.14,8.12,1,punch,97.6,idle
40.0,61.0,1.29,6.41,7.7,1,idle,92.8,idle
49.0,49.0,1.51,8.19,9.7,3,idle,91.6,idle
46.0,85.0,0.44,7.51,7.94,1,punch,92.5,block
100.0,91.0,1.09,6.14,7.24,3,jump,97.0,idle
10.0,67.0,0.27,6.35,6.08,3,punch,91.5,block
25.0,82.0,0.98,7.08,8.05,2,kick,96.2,block
76.0,88.0,1.56,5.32,6.88,2,move_left,95.7,idle
70.0,94.0,0.62,7.78,8.4,1,kick,94.5,block
76.0,88.0,1.83,8.17,10.0,0,move_right,93.4,move_right
100.0,88.0,0.99,4.95,5.94,1,jump,96.8,jump
40.0,67.0,1.46,3.55,5.01,2,kick,95.8,idle
100.0,100.0,7.24,2.4,9.63,0,block,98.5,move_right
73.0,85.0,0.92,8.18,9.1,3,move_right,94.6,idle
100.0,100.0,1.46,3.97,5.43,0,punch,97.4,jump
100.0,100.0,3.38,3.88,7.27,0,punch,98.8,move_right
100.0,100.0,2.49,3.15,5.64,0,jump,98.6,move_right
58.0,70.0,1.47,7.18,8.65,1,block,93.5,idle
85.0,70.0,1.36,7.61,8.97,6,jump,91.5,idle
10.0,37.0,0.68,4.2,4.88,3,special,92.5,block
10.0,73.0,0.67,3.72,4.39,0,block,92.6,move_right
1.0,4.0,0.68,8.42,9.1,0,punch,87.7,block
100.0,100.0,4.28,3.87,8.14,0,move_left,98.1,special
100.0,100.0,1.32,4.72,6.04,0,punch,97.7,jump
100.0,100.0,1.34,7.51,8.84,0,punch,95.3,block
82.0,85.0,0.72,8.19,8.91,3,jump,92.4,idle
34.0,25.0,0.74,5.53,6.27,0,move_left,93.3,special
100.0,100.0,6.89,2.66,9.55,0,kick,98.8,move_right
10.0,76.0,0.48,9.28,8.8,0,punch,90.6,block
22.0,58.0,1.28,6.01,7.29,0,jump,91.5,move_right
100.0,100.0,4.05,5.06,9.11,0,kick,97.5,move_right
16.0,34.0,1.34,8.66,10.0,1,block,88.2,move_right
37.0,16.0,0.9,8.8,9.7,0,kick,91.2,block
85.0,100.0,0.8,4.62,5.42,0,move_left,97.9,kick
91.0,94.0,1.14,5.81,6.96,0,idle,95.9,punch
52.0,37.0,1.12,5.21,6.34,0,block,92.9,kick
52.0,52.0,1.5,6.34,7.84,0,jump,92.5,punch
100.0,100.0,2.93,4.33,7.26,0,move_right,97.2,move_right
64.0,49.0,1.59,4.95,6.54,1,kick,93.1,idle
19.0,79.0,1.11,4.85,5.95,0,jump,92.7,move_right
100.0,100.0,3.58,3.41,7.0,0,move_right,98.3,move_right
100.0,91.0,1.52,6.71,8.23,2,punch,96.5,idle
64.0,61.0,0.5,6.75,7.25,4,punch,94.3,block
67.0,58.0,0.14,7.67,7.81,3,jump,95.0,idle
10.0,10.0,1.72,5.21,6.94,0,move_right,89.6,move_right
52.0,34.0,2.3,7.52,9.82,0,move_right,93.1,move_right
25.0,55.0,0.99,7.31,8.3,0,kick,91.9,jump
94.0,94.0,1.11,4.55,5.65,0,kick,96.3,jump
28.0,34.0,0.77,4.94,5.7,3,punch,93.3,block
46.0,61.0,1.1,6.75,7.85,1,move_right,92.8,idle
13.0,37.0,0.54,7.31,7.84,0,move_left,92.2,kick
40.0,88.0,1.06,5.47,6.53,0,punch,95.7,block
58.0,34.0,0.88,8.5,9.37,0,punch,92.9,block
100.0,100.0,2.13,4.8,6.92,0,move_right,96.9,jump
76.0,73.0,0.36,5.81,6.16,1,move_left,94.9,idle
31.0,49.0,1.74,6.11,7.86,2,punch,89.5,idle
88.0,82.0,1.02,6.59,7.61,4,move_left,96.4,idle
91.0,82.0,0.28,7.09,7.37,0,jump,95.9,block
34.0,73.0,1.09,7.66,8.74,0,punch,94.3,block
82.0,82.0,1.5,6.8,8.3,0,move_left,95.6,punch
61.0,82.0,1.27,7.17,8.44,0,jump,96.1,kick
67.0,76.0,1.39,4.62,6.01,0,special,97.1,block
40.0,85.0,1.23,5.15,6.38,0,jump,95.1,block
70.0,79.0,1.1,6.75,7.85,2,kick,94.8,block
67.0,58.0,0.14,7.67,7.81,0,punch,94.5,block
37.0,34.0,0.41,4.05,4.46,0,kick,91.0,jump
34.0,31.0,1.28,4.4,5.68,3,punch,94.7,idle
94.0,85.0,0.84,7.88,8.72,0,move_left,95.2,punch
100.0,100.0,2.59,4.48,7.07,0,idle,99.0,move_right
100.0,100.0,5.8,3.95,9.74,0,jump,98.9,move_right
79.0,40.0,0.61,7.52,8.13,1,jump,93.9,idle
91.0,91.0,1.48,5.81,7.3,3,kick,96.8,idle
49.0,40.0,1.32,6.9,8.22,2,move_right,93.3,idle
52.0,49.0,0.63,6.12,6.75,0,kick,93.1,block
82.0,100.0,1.04,7.37,8.41,0,move_left,96.8,move_right
34.0,55.0,0.38,4.2,4.58,0,jump,93.9,punch
100.0,82.0,0.46,7.61,8.07,3,move_left,93.8,idle
34.0,49.0,1.65,2.97,1.32,0,punch,92.7,move_left
100.0,100.0,3.88,5.2,9.07,0,idle,98.7,move_right
37.0,16.0,1.2,8.8,10.0,3,kick,91.5,idle
100.0,100.0,2.46,5.42,7.88,0,jump,97.1,move_right
70.0,88.0,1.9,6.32,8.21,0,kick,96.7,jump
40.0,13.0,1.52,5.99,7.5,1,kick,88.9,idle
31.0,25.0,1.03,6.8,7.83,6,move_left,92.8,idle
100.0,100.0,3.73,5.92,9.64,5,kick,97.0,idle
28.0,58.0,1.28,5.71,6.99,1,idle,91.9,idle
61.0,52.0,1.23,6.9,8.12,6,move_left,93.7,idle
58.0,76.0,1.15,5.17,6.32,0,punch,95.8,block
100.0,100.0,3.54,4.62,8.15,0,punch,97.1,move_right
100.0,100.0,5.72,0.47,6.19,0,kick,98.7,move_right
1.0,7.0,1.2,7.21,8.4,0,move_right,87.2,special
100.0,100.0,4.16,3.07,7.24,0,idle,99.0,move_right
100.0,100.0,1.06,5.05,6.11,2,jump,96.3,idle
76.0,43.0,1.01,3.45,4.46,3,block,94.0,idle
100.0,100.0,2.46,3.7,6.16,0,idle,98.2,move_right
82.0,100.0,2.22,6.4,8.62,0,idle,95.9,move_right
100.0,100.0,6.02,1.91,7.93,0,idle,99.0,move_right
49.0,73.0,0.67,3.72,4.39,0,idle,93.3,special
61.0,76.0,1.32,4.38,5.7,0,jump,96.0,block
40.0,22.0,0.1,8.6,8.5,0,kick,89.8,block
58.0,91.0,0.74,8.36,9.1,0,jump,94.8,kick
64.0,34.0,1.55,8.45,10.0,3,move_right,92.7,idle
100.0,100.0,1.4,8.0,9.4,3,kick,96.3,idle
52.0,25.0,1.28,8.72,10.0,0,punch,92.1,block
10.0,64.0,0.17,7.84,8.01,0,punch,90.0,block
40.0,61.0,0.36,7.88,7.52,0,jump,92.5,punch
43.0,79.0,1.18,8.08,6.9,3,jump,91.1,idle
55.0,73.0,0.72,4.91,5.64,0,move_right,93.2,kick
100.0,100.0,6.48,3.04,9.52,0,block,98.5,jump
13.0,34.0,1.28,7.41,8.69,2,idle,90.8,idle
100.0,100.0,3.47,2.16,5.63,0,idle,97.7,move_right
82.0,94.0,0.93,4.72,5.65,3,move_right,97.6,idle
37.0,67.0,0.61,8.51,7.9,0,move_left,92.3,jump
94.0,94.0,1.4,6.75,8.15,2,block,96.1,idle
100.0,100.0,4.78,3.62,8.39,0,idle,98.9,move_right
49.0,61.0,1.1,7.31,8.41,2,kick,94.2,block
100.0,94.0,1.74,6.98,8.72,2,idle,97.7,idle
70.0,73.0,0.68,6.89,7.57,0,punch,95.0,move_left
94.0,100.0,1.4,5.9,7.3,3,punch,97.0,idle
55.0,88.0,1.37,4.84,6.21,3,kick,94.5,punch
46.0,70.0,0.44,7.13,6.7,0,move_left,91.0,punch
46.0,73.0,0.42,5.32,5.74,2,kick,95.2,block
100.0,100.0,1.62,5.2,6.82,0,punch,98.0,jump
40.0,40.0,1.62,4.91,6.54,1,move_right,91.5,idle
43.0,64.0,1.4,4.62,6.02,2,punch,95.1,idle
82.0,94.0,1.7,6.92,8.62,0,move_right,96.9,move_right
94.0,79.0,1.0,8.7,9.7,0,special,93.7,block
16.0,37.0,1.44,6.41,7.86,1,block,88.4,idle
25.0,70.0,1.09,7.97,9.07,0,jump,94.6,move_right
100.0,100.0,5.54,2.71,8.24,6,move_right,98.1,idle
13.0,55.0,0.53,7.37,7.9,0,move_right,90.3,move_right
85.0,82.0,1.09,4.32,5.41,0,punch,98.2,block
100.0,100.0,3.44,6.26,9.7,6,move_left,97.0,idle
82.0,73.0,1.18,4.04,5.22,1,move_left,96.5,idle
22.0,4.0,1.28,8.42,9.7,2,idle,89.3,idle
100.0,100.0,5.06,4.64,9.7,0,block,97.1,move_right
67.0,37.0,0.96,7.82,8.78,3,move_left,90.6,punch
52.0,22.0,0.17,4.56,4.73,2,move_left,92.1,idle
100.0,100.0,2.77,6.73,9.51,0,kick,97.8,move_right
37.0,52.0,1.95,7.51,9.46,5,move_right,93.1,idle
100.0,100.0,2.09,2.79,4.88,0,punch,98.6,move_right
13.0,28.0,0.43,5.47,5.89,1,idle,91.5,idle
100.0,100.0,2.88,4.94,7.82,0,idle,96.9,move_right
94.0,100.0,1.27,6.95,8.22,4,jump,96.9,idle
43.0,58.0,0.3,7.3,7.6,0,special,93.1,block
25.0,31.0,1.69,8.31,10.0,6,move_right,91.0,move_left
100.0,100.0,7.07,2.72,9.79,0,punch,98.9,move_right
16.0,70.0,0.39,4.37,4.76,1,kick,94.5,block
91.0,100.0,1.52,7.14,8.66,3,kick,93.7,move_left
100.0,94.0,1.44,7.92,9.35,0,idle,94.7,jump
73.0,64.0,0.95,6.01,6.96,2,idle,95.6,idle
100.0,82.0,1.66,7.74,9.4,4,punch,93.3,idle
100.0,100.0,1.92,5.48,7.4,0,move_right,98.0,move_right
10.0,19.0,1.04,8.51,7.47,2,jump,85.6,kick
22.0,10.0,0.41,4.05,4.46,2,special,89.0,block
100.0,100.0,1.5,4.34,5.84,0,idle,97.6,jump
100.0,100.0,3.74,4.67,8.41,0,move_left,98.4,move_right
49.0,76.0,0.02,3.68,3.66,0,punch,93.6,block
100.0,91.0,1.66,4.48,6.14,2,kick,96.5,idle
100.0,100.0,2.67,5.19,7.87,0,punch,97.2,move_right
100.0,100.0,1.39,5.54,6.94,0,move_left,98.2,punch
64.0,91.0,1.21,5.39,6.6,0,jump,95.3,kick
70.0,61.0,1.42,6.84,8.26,0,jump,92.9,punch
10.0,19.0,1.59,5.85,7.44,0,jump,89.2,move_right
100.0,100.0,3.58,2.24,5.82,0,block,98.8,move_right
94.0,79.0,1.42,6.54,7.96,3,jump,94.9,idle
49.0,61.0,1.1,7.61,8.71,0,move_left,93.8,move_left
4.0,64.0,0.1,8.74,8.83,0,idle,88.3,move_right
76.0,85.0,0.44,7.13,6.7,0,idle,93.5,punch
22.0,46.0,1.03,7.07,8.11,0,kick,91.3,block
91.0,91.0,0.72,6.14,6.86,0,move_left,97.0,special
55.0,67.0,1.32,5.8,7.12,0,idle,93.8,punch
55.0,70.0,1.3,7.22,8.51,0,block,94.5,punch
94.0,94.0,1.74,7.28,9.02,0,move_right,97.1,move_right
61.0,88.0,1.6,6.92,8.51,3,idle,96.1,idle
100.0,100.0,3.25,4.51,7.76,0,move_left,98.6,move_right
70.0,55.0,1.1,6.61,7.71,2,jump,95.1,idle
43.0,79.0,1.67,5.74,7.41,2,move_right,92.9,idle
40.0,61.0,1.4,6.75,8.15,3,punch,92.6,idle
46.0,82.0,0.08,4.97,5.05,5,idle,96.3,idle
100.0,100.0,3.44,6.56,10.0,0,idle,94.8,move_right
100.0,100.0,1.89,5.8,7.69,0,special,95.8,jump
67.0,85.0,0.92,8.18,9.1,2,move_left,94.0,idle
70.0,55.0,1.42,6.84,8.26,3,block,92.8,idle
25.0,49.0,0.68,5.48,6.16,5,idle,94.1,idle
16.0,61.0,0.33,7.5,7.17,0,move_left,94.0,move_left
88.0,100.0,1.4,6.2,7.6,3,punch,96.4,idle
10.0,64.0,0.18,9.89,9.71,0,punch,91.9,block
46.0,94.0,1.28,7.08,8.35,3,special,97.2,idle
1.0,67.0,0.18,7.48,7.66,0,punch,91.5,jump
25.0,73.0,0.18,5.61,5.43,0,kick,95.4,block
13.0,25.0,1.66,3.56,5.22,0,move_right,92.2,move_right
25.0,76.0,0.79,7.37,8.17,0,idle,95.3,move_right
58.0,70.0,1.32,7.3,8.62,6,jump,93.5,idle
52.0,58.0,1.55,8.45,10.0,0,kick,94.4,punch
94.0,73.0,1.03,4.5,5.53,1,move_left,96.7,idle
16.0,61.0,0.03,7.2,7.17,0,punch,94.2,jump
85.0,94.0,1.18,6.19,7.37,1,idle,96.4,idle
100.0,100.0,1.63,5.33,6.96,0,kick,98.3,jump
22.0,13.0,1.28,8.42,9.7,1,punch,89.6,idle
73.0,73.0,1.2,5.44,6.64,0,move_right,95.5,kick
25.0,52.0,0.23,7.03,7.26,0,idle,89.1,move_right
4.0,82.0,0.08,9.12,9.05,0,punch,91.2,block
100.0,100.0,1.59,3.81,5.4,0,move_left,96.8,punch
7.0,4.0,0.17,4.56,4.73,1,move_right,91.0,idle
64.0,61.0,0.2,8.6,8.8,3,jump,92.8,idle
46.0,82.0,1.69,4.54,6.24,3,move_right,96.7,idle
52.0,88.0,0.88,7.78,6.9,3,move_left,92.7,idle
4.0,40.0,0.61,9.39,10.0,2,punch,88.6,block
91.0,85.0,1.22,4.07,5.29,0,idle,95.4,block
94.0,82.0,1.26,5.81,7.06,0,punch,96.5,block
52.0,73.0,1.5,5.74,7.24,0,idle,94.1,block
100.0,100.0,3.83,3.13,6.96,0,kick,97.6,move_right
37.0,52.0,0.3,6.92,7.22,1,move_right,92.5,idle
100.0,100.0,1.32,6.4,7.72,0,kick,96.9,block
46.0,94.0,0.42,5.69,6.12,0,punch,94.5,block
79.0,73.0,1.59,6.41,8.0,1,move_right,94.6,idle
58.0,7.0,1.55,8.45,10.0,6,kick,91.8,idle
100.0,100.0,3.93,2.67,6.6,0,kick,98.5,move_right
10.0,16.0,1.19,5.19,6.38,1,punch,92.3,block
55.0,76.0,1.51,8.49,10.0,0,move_right,90.7,punch
16.0,73.0,1.03,8.46,9.49,0,move_right,94.1,move_right
85.0,100.0,1.02,5.69,6.72,0,move_left,96.5,kick
22.0,37.0,1.04,7.67,8.71,0,move_left,90.8,kick
100.0,100.0,5.69,3.86,9.55,0,punch,98.2,jump
58.0,79.0,1.44,8.56,10.0,1,move_right,93.3,idle
58.0,43.0,1.31,3.75,5.06,0,punch,93.2,block
46.0,55.0,1.56,5.8,7.36,1,move_right,90.2,kick
91.0,82.0,0.55,6.01,6.56,2,jump,96.7,idle
31.0,49.0,1.74,6.11,7.86,0,jump,89.3,jump
10.0,10.0,1.42,5.21,6.64,6,kick,90.2,idle
46.0,67.0,1.46,8.54,10.0,0,kick,91.4,block
64.0,58.0,1.09,6.14,7.24,3,special,94.9,block
55.0,49.0,0.99,7.11,8.1,0,block,94.6,block
7.0,25.0,0.62,8.48,9.1,0,move_right,89.1,punch
76.0,79.0,1.46,7.37,8.83,0,move_left,95.0,punch
7.0,82.0,0.12,7.37,7.49,0,punch,94.2,block
19.0,43.0,0.61,8.81,8.2,2,jump,91.1,idle
37.0,70.0,1.24,6.74,7.98,0,jump,91.2,special
100.0,100.0,5.09,4.46,9.56,0,idle,98.7,move_right
22.0,61.0,0.0,9.7,9.7,0,kick,89.7,block
100.0,100.0,6.17,2.82,9.0,0,move_left,98.9,move_right
82.0,73.0,0.93,8.47,9.4,6,special,94.0,block
37.0,79.0,0.88,8.08,7.2,0,punch,90.8,jump
91.0,100.0,1.88,5.38,7.27,0,move_right,97.4,move_right
1.0,7.0,0.9,6.91,7.8,1,idle,87.4,idle
67.0,91.0,0.45,5.97,6.42,2,jump,93.6,idle
100.0,91.0,1.26,4.9,6.16,3,move_left,96.5,idle
100.0,100.0,5.7,2.2,7.9,0,move_right,98.7,move_right
79.0,55.0,0.59,5.55,4.96,2,move_left,92.7,idle
94.0,88.0,0.54,6.9,7.44,0,punch,94.9,jump
100.0,100.0,1.59,8.34,9.93,3,special,96.4,idle
100.0,100.0,5.46,2.12,7.58,0,punch,98.7,move_right
85.0,100.0,1.23,5.97,7.2,2,idle,94.6,idle
31.0,88.0,0.98,7.08,8.05,2,punch,96.7,block
58.0,70.0,1.4,6.91,8.31,0,move_left,91.5,special
7.0,25.0,0.08,7.43,7.36,0,move_right,90.3,special
91.0,76.0,1.28,4.4,5.68,5,idle,97.8,punch
79.0,67.0,1.23,5.82,7.05,2,punch,95.5,idle
10.0,64.0,0.02,7.43,7.45,0,punch,90.7,block
85.0,85.0,0.31,5.55,5.86,3,block,94.3,idle
100.0,94.0,1.46,7.07,8.53,3,kick,96.4,idle
100.0,100.0,1.34,6.77,8.11,0,move_left,97.7,punch
4.0,61.0,0.64,3.55,2.91,3,punch,93.3,block
49.0,82.0,0.72,7.18,7.9,0,idle,92.5,punch
76.0,88.0,1.27,7.53,8.8,3,special,96.1,idle
40.0,64.0,1.04,7.13,6.1,0,punch,90.6,block
64.0,73.0,1.57,5.11,6.68,2,kick,94.5,idle
91.0,79.0,1.44,7.01,8.44,3,kick,96.1,idle
10.0,7.0,0.39,6.18,6.56,0,block,87.1,kick
94.0,100.0,0.8,4.62,5.42,3,punch,98.2,block
100.0,100.0,2.97,4.5,7.47,0,kick,98.6,move_right
28.0,79.0,0.88,8.08,7.2,0,idle,90.6,move_left
100.0,94.0,1.03,6.28,7.31,2,move_left,97.1,idle
55.0,52.0,1.32,8.42,9.74,3,punch,92.1,idle
61.0,94.0,1.36,4.87,6.23,1,jump,97.6,idle
61.0,73.0,1.86,6.36,8.22,2,jump,93.0,idle
100.0,100.0,3.44,3.39,6.82,0,move_left,98.1,jump
100.0,88.0,2.14,3.53,5.67,1,jump,98.3,idle
100.0,100.0,3.55,4.95,8.5,0,punch,98.5,move_right
52.0,43.0,0.8,7.22,8.02,2,kick,94.2,block
34.0,43.0,0.52,6.62,7.14,6,punch,91.3,block
46.0,82.0,1.39,4.54,5.94,0,idle,96.8,punch
100.0,100.0,5.8,3.5,9.3,0,punch,98.0,move_right
7.0,58.0,0.26,8.87,9.13,0,idle,89.2,move_right
100.0,100.0,2.11,4.15,6.26,0,special,96.5,move_right
100.0,100.0,3.2,5.81,9.01,0,block,97.5,move_right
37.0,55.0,0.68,7.41,8.09,2,block,92.4,idle
91.0,100.0,1.05,5.67,6.72,4,block,96.4,idle
76.0,61.0,0.43,5.98,6.41,1,block,94.4,idle
49.0,40.0,1.59,4.98,6.56,3,block,93.5,idle
25.0,22.0,0.65,4.83,5.48,1,move_left,92.7,idle
100.0,100.0,1.4,7.01,8.41,0,idle,96.2,kick
16.0,73.0,0.26,5.05,4.78,0,move_left,93.1,move_left
100.0,100.0,3.19,5.86,9.04,0,kick,97.8,move_right
67.0,31.0,0.96,7.82,8.78,2,block,90.4,idle
100.0,100.0,3.6,3.01,6.6,0,kick,97.5,move_right
100.0,100.0,3.15,5.24,8.39,0,kick,98.2,special
19.0,7.0,1.37,7.62,9.0,1,special,89.7,idle
7.0,58.0,0.04,9.17,9.13,0,kick,88.7,block
76.0,85.0,1.06,4.78,5.84,0,punch,94.6,block
100.0,94.0,1.9,5.44,7.33,1,jump,96.5,idle
94.0,100.0,1.63,5.05,6.68,2,kick,98.0,idle
100.0,88.0,1.27,7.53,8.8,3,block,96.5,idle
100.0,100.0,2.7,4.21,6.9,0,move_left,96.7,jump
70.0,85.0,1.5,8.5,10.0,0,move_right,94.1,punch
76.0,82.0,1.8,5.71,7.5,0,kick,94.2,jump
55.0,64.0,0.89,4.29,5.18,2,jump,94.8,idle
4.0,28.0,1.09,6.58,7.67,0,move_right,93.2,jump
73.0,73.0,1.16,8.54,9.7,0,move_left,94.9,special
100.0,100.0,3.3,3.04,6.34,0,kick,98.0,move_right
100.0,100.0,4.37,1.71,6.08,0,idle,99.0,move_right
70.0,76.0,1.1,5.71,6.81,1,block,97.1,idle
100.0,100.0,5.4,1.21,6.6,0,kick,98.4,move_left
25.0,52.0,0.0,9.1,9.1,0,punch,91.0,block
76.0,82.0,1.39,7.66,9.04,2,idle,95.8,idle
37.0,67.0,0.56,4.56,5.12,3,special,93.9,block
37.0,70.0,0.61,7.44,8.05,0,jump,93.6,block
100.0,100.0,4.58,3.45,8.03,0,punch,98.5,move_right
100.0,100.0,4.06,3.53,7.6,0,punch,97.5,jump
52.0,58.0,1.28,4.4,5.68,0,move_left,96.6,punch
25.0,76.0,0.41,4.99,5.4,0,jump,95.6,move_right
79.0,73.0,1.29,6.41,7.7,2,move_left,94.7,idle
58.0,82.0,0.23,6.43,6.66,2,idle,95.2,idle
100.0,100.0,4.52,3.54,8.06,1,idle,96.7,idle
100.0,100.0,4.06,3.42,7.48,0,move_left,98.8,jump
91.0,91.0,0.73,6.77,7.51,0,punch,96.2,punch
91.0,76.0,2.41,5.35,7.76,1,punch,93.7,idle
4.0,40.0,0.45,8.11,7.66,0,punch,89.7,block
55.0,58.0,0.68,6.59,7.27,3,jump,93.3,idle
82.0,88.0,0.82,6.32,7.14,0,idle,93.4,punch
100.0,100.0,6.04,2.19,8.23,2,punch,98.3,idle
37.0,73.0,0.53,6.77,7.3,0,move_right,92.3,kick
100.0,85.0,1.03,6.28,7.31,2,move_left,96.7,idle
100.0,100.0,5.86,3.4,9.26,0,punch,97.9,move_right
91.0,82.0,1.09,4.32,5.41,1,move_left,98.3,idle
46.0,43.0,1.88,6.59,8.47,3,idle,91.8,idle
10.0,61.0,0.26,9.14,8.88,0,punch,88.7,block
100.0,100.0,4.13,5.27,9.4,0,punch,97.1,move_right
76.0,85.0,1.17,5.27,6.44,0,idle,95.0,punch
100.0,94.0,1.39,7.71,9.1,0,block,95.2,punch
70.0,100.0,1.13,6.43,7.56,0,special,95.9,jump
55.0,43.0,0.83,7.66,8.49,1,move_left,93.0,idle
4.0,55.0,0.19,5.74,5.94,0,punch,92.1,special
37.0,19.0,0.23,8.23,8.01,2,move_left,92.0,idle
91.0,82.0,1.02,4.6,5.62,0,special,97.0,block
61.0,64.0,0.08,5.71,5.79,3,punch,94.7,block
85.0,34.0,0.38,8.42,8.8,3,block,92.2,idle
88.0,94.0,1.46,7.94,9.4,0,idle,94.2,punch
4.0,13.0,0.72,8.2,8.92,0,punch,87.3,block
16.0,43.0,0.95,8.45,9.4,0,idle,93.0,punch
100.0,100.0,5.11,3.24,8.35,0,move_left,98.1,move_right
4.0,52.0,0.43,4.8,5.23,0,move_left,92.6,move_right
61.0,73.0,0.68,6.59,7.27,0,kick,94.5,block
10.0,16.0,1.21,7.99,9.2,4,punch,91.2,idle
73.0,85.0,0.2,8.9,9.1,1,idle,93.6,move_left
100.0,100.0,2.78,4.18,6.97,0,special,98.5,jump
100.0,100.0,5.38,2.8,8.18,0,idle,98.1,move_right
64.0,67.0,1.14,5.81,6.96,0,punch,92.8,jump
76.0,94.0,1.23,7.57,8.8,3,block,95.0,jump
100.0,100.0,3.42,3.21,6.63,0,idle,99.0,move_right
22.0,37.0,1.04,7.67,8.71,2,punch,91.0,block
28.0,40.0,0.66,5.91,6.57,0,jump,92.5,kick
58.0,100.0,1.09,4.24,5.34,0,idle,97.8,special
82.0,79.0,1.29,3.81,5.1,2,punch,95.8,idle
100.0,100.0,3.31,5.17,8.48,0,jump,96.4,move_right
82.0,88.0,0.67,4.02,4.69,0,move_left,95.6,jump
55.0,67.0,1.89,4.08,5.96,3,move_right,96.8,idle
100.0,100.0,4.22,5.78,10.0,0,move_right,97.7,move_right
94.0,85.0,1.1,5.71,6.81,0,jump,97.6,block
100.0,100.0,5.59,3.16,8.74,0,idle,98.8,move_right
100.0,100.0,3.03,2.97,6.0,0,move_left,98.3,move_right
52.0,64.0,1.03,7.07,8.11,2,move_left,93.2,idle
94.0,91.0,1.13,6.73,7.86,3,jump,95.4,idle
28.0,58.0,1.04,8.66,9.7,3,punch,89.3,block
94.0,91.0,1.06,7.58,8.63,1,move_left,96.5,idle
13.0,13.0,1.64,4.78,3.14,0,punch,88.5,move_left
37.0,52.0,0.74,8.66,9.4,3,move_right,90.8,idle
91.0,85.0,1.61,5.36,6.98,2,move_right,95.8,idle
100.0,100.0,1.63,5.33,6.96,0,punch,98.2,move_right
1.0,37.0,1.17,4.65,3.48,0,move_left,91.1,punch
52.0,70.0,1.76,6.37,8.14,0,jump,93.6,move_right
100.0,100.0,2.34,6.72,9.05,0,idle,95.9,jump
100.0,100.0,1.34,8.36,9.7,0,punch,94.0,jump
100.0,94.0,1.34,5.23,6.57,2,jump,97.9,idle
100.0,100.0,4.53,1.05,5.58,0,block,98.9,idle
34.0,28.0,0.43,8.33,8.76,1,kick,90.1,block
37.0,46.0,1.28,7.41,8.69,0,idle,91.6,block
16.0,28.0,0.17,5.68,5.51,0,move_left,91.6,kick
52.0,73.0,1.45,5.87,7.32,1,kick,91.0,idle
73.0,79.0,0.09,6.7,6.79,3,kick,93.0,block
100.0,94.0,0.12,5.02,5.14,0,idle,96.7,block
100.0,100.0,2.63,3.4,6.04,0,punch,98.7,move_right
34.0,46.0,1.4,7.95,9.35,2,kick,90.1,idle
100.0,76.0,0.67,8.13,8.8,3,move_left,95.0,idle
85.0,91.0,1.02,5.78,6.8,1,move_left,97.6,idle
13.0,64.0,0.97,6.31,7.28,0,move_right,92.7,move_right
100.0,100.0,3.26,3.83,7.09,2,idle,98.7,idle
100.0,100.0,2.96,4.13,7.09,0,punch,98.4,jump
94.0,85.0,1.1,5.71,6.81,1,punch,97.7,block
52.0,76.0,0.0,6.92,6.92,0,punch,94.0,block
100.0,100.0,3.06,5.32,8.38,0,jump,97.8,move_right
61.0,76.0,1.16,6.07,7.24,0,punch,95.4,block
13.0,61.0,0.06,6.38,6.32,0,punch,90.4,jump
76.0,73.0,0.66,5.81,6.46,2,block,95.0,idle
94.0,100.0,1.85,7.25,9.1,1,move_right,96.7,idle
67.0,79.0,1.12,7.22,8.34,2,kick,93.9,block
31.0,58.0,1.15,7.35,8.5,0,move_left,93.9,punch
100.0,100.0,1.3,5.99,7.29,6,idle,95.4,idle
100.0,100.0,1.41,7.87,9.27,1,idle,95.1,idle
100.0,100.0,1.58,7.27,8.85,0,idle,95.2,block
100.0,100.0,4.02,2.32,6.34,0,move_right,98.8,move_right
7.0,4.0,0.13,4.56,4.43,2,special,91.1,block
52.0,79.0,0.68,5.18,5.86,1,punch,96.1,block
7.0,70.0,0.01,7.44,7.45,0,punch,91.7,block
100.0,100.0,4.24,4.59,8.83,0,move_right,96.7,move_right
73.0,67.0,1.29,6.41,7.7,1,punch,94.2,idle
37.0,52.0,1.95,7.51,9.46,3,idle,92.9,idle
52.0,58.0,0.49,7.71,8.2,0,kick,92.8,block
37.0,61.0,1.25,8.45,9.7,3,move_right,94.4,idle
13.0,61.0,0.93,8.47,9.4,0,punch,90.2,block
100.0,100.0,3.37,4.55,7.92,0,idle,98.2,move_right
31.0,58.0,1.34,5.79,7.12,0,special,93.3,block
4.0,10.0,2.23,6.8,9.03,0,move_right,91.3,move_right
100.0,100.0,2.48,4.79,7.27,0,move_left,97.7,move_right
1.0,4.0,0.74,3.28,2.54,1,move_right,86.3,idle
79.0,76.0,0.61,7.52,8.13,3,move_left,95.8,idle
100.0,100.0,3.61,6.32,9.93,0,move_right,97.8,move_right
55.0,79.0,0.03,6.27,6.3,2,punch,92.0,punch
58.0,79.0,1.82,7.01,8.83,2,move_right,94.5,idle
61.0,94.0,0.94,6.44,7.38,0,idle,93.7,punch
13.0,94.0,0.16,4.75,4.91,0,jump,93.9,move_right
52.0,49.0,1.09,5.82,6.91,0,special,93.2,block
100.0,100.0,2.26,6.68,8.93,0,punch,97.1,move_right
91.0,94.0,1.38,3.94,5.32,0,kick,98.6,jump
100.0,100.0,3.52,2.76,6.28,0,idle,98.7,move_right
100.0,100.0,2.33,6.16,8.49,0,move_left,98.2,jump
100.0,100.0,2.11,4.79,6.9,1,idle,96.8,punch
73.0,91.0,0.75,5.97,6.72,3,kick,94.1,block
100.0,100.0,1.47,5.94,7.41,0,idle,96.9,special
67.0,64.0,1.8,6.61,8.4,2,block,92.1,idle
25.0,25.0,1.39,8.61,10.0,3,kick,89.9,idle
61.0,82.0,0.76,6.42,7.18,0,jump,94.2,punch
1.0,55.0,0.04,6.53,6.49,0,kick,91.9,block
46.0,64.0,0.54,5.62,5.08,0,block,93.0,kick
25.0,55.0,0.69,8.27,8.97,3,move_left,94.2,idle
100.0,76.0,1.06,4.42,5.47,4,punch,97.5,block
28.0,55.0,0.57,6.88,7.45,0,punch,91.5,jump
91.0,82.0,1.02,4.6,5.62,0,idle,96.9,punch
40.0,58.0,0.53,6.43,6.96,0,move_right,93.8,special
64.0,73.0,0.88,7.69,8.57,2,move_right,93.2,idle
100.0,100.0,2.18,7.11,9.29,0,jump,97.0,move_right
40.0,61.0,0.96,7.88,6.92,0,move_left,92.0,kick
22.0,61.0,0.36,6.68,6.32,0,move_left,90.8,move_left
100.0,100.0,1.86,6.62,8.48,4,punch,95.9,idle
100.0,100.0,1.87,6.65,8.52,0,punch,97.3,move_right
85.0,100.0,1.9,6.7,8.6,1,move_right,96.6,idle
76.0,76.0,1.4,7.22,8.62,6,punch,96.7,idle
100.0,100.0,4.78,3.4,8.18,0,punch,97.8,move_right
64.0,88.0,0.5,4.62,5.12,0,move_left,96.8,punch
100.0,100.0,7.13,2.87,10.0,0,punch,98.2,move_right
31.0,58.0,0.82,5.16,5.98,2,move_right,94.2,idle
82.0,94.0,1.7,6.62,8.32,0,idle,97.1,move_right
61.0,58.0,1.44,4.0,5.44,0,idle,94.7,block
64.0,76.0,1.32,7.19,8.51,0,punch,94.7,block
100.0,100.0,0.68,5.12,5.8,0,kick,98.9,block
1.0,58.0,0.45,8.95,8.5,0,move_left,89.1,move_left
100.0,100.0,1.37,4.94,6.3,0,punch,98.0,block
76.0,85.0,0.42,8.19,8.61,2,block,91.8,idle
76.0,85.0,1.3,5.99,7.29,0,jump,93.8,block
79.0,76.0,0.61,7.52,8.13,0,punch,95.5,block
55.0,49.0,0.99,7.11,8.1,0,special,94.5,block
82.0,82.0,0.16,7.67,7.51,3,move_left,96.3,idle
64.0,73.0,1.02,8.2,9.22,2,idle,92.9,idle
76.0,76.0,1.06,8.64,9.7,1,move_left,94.4,move_left
100.0,100.0,5.37,2.19,7.57,0,move_left,98.3,move_right
37.0,64.0,1.1,4.62,5.72,1,idle,94.6,idle
100.0,100.0,3.32,5.68,9.0,0,punch,97.1,move_right
100.0,100.0,3.82,4.62,8.45,0,move_left,97.4,move_right
43.0,61.0,0.42,4.98,5.4,2,idle,94.3,idle
100.0,100.0,1.88,4.41,6.29,1,jump,96.6,idle
58.0,88.0,0.45,4.17,4.62,0,punch,96.4,jump
100.0,100.0,1.44,5.81,7.26,0,punch,96.6,block
1.0,49.0,1.05,2.67,1.62,5,idle,91.3,idle
100.0,100.0,2.91,2.75,5.65,0,move_right,97.9,move_right
100.0,100.0,6.16,1.61,7.77,0,block,98.5,move_right
43.0,67.0,0.26,4.56,4.82,2,punch,94.3,block
43.0,91.0,0.34,8.28,8.62,3,move_left,94.5,idle
55.0,67.0,1.32,5.8,7.12,1,punch,93.5,idle
10.0,73.0,0.11,8.86,8.74,0,idle,91.1,move_left
94.0,88.0,1.2,6.92,8.12,1,move_right,95.7,idle
43.0,73.0,0.75,5.67,6.42,5,move_left,90.8,idle
61.0,73.0,0.42,8.19,8.61,0,punch,90.7,block
61.0,58.0,0.9,6.91,7.8,2,punch,91.5,block
16.0,16.0,0.39,6.7,7.09,4,move_left,89.3,idle
1.0,4.0,0.98,8.42,9.4,3,move_left,88.1,idle
58.0,7.0,0.68,8.72,9.4,4,idle,91.0,idle
1.0,73.0,0.18,3.94,4.12,0,move_right,93.8,move_right
73.0,67.0,0.06,6.9,6.84,3,move_right,93.9,idle
22.0,67.0,0.76,8.04,8.8,0,punch,92.9,jump
76.0,67.0,1.62,6.92,8.54,0,move_left,95.4,move_right
100.0,100.0,2.65,2.83,5.48,0,kick,98.1,move_right
100.0,94.0,1.45,7.35,8.8,3,kick,97.6,idle
76.0,76.0,1.48,7.89,9.37,1,jump,92.4,idle
13.0,70.0,0.2,6.89,6.69,0,punch,90.0,block
100.0,100.0,3.56,6.44,10.0,0,kick,96.7,move_right
52.0,70.0,0.42,5.79,6.21,2,kick,94.0,block
43.0,64.0,1.61,6.86,8.48,1,punch,92.0,idle
100.0,100.0,2.19,5.2,7.39,0,move_right,96.7,move_right
94.0,82.0,0.58,6.32,6.89,0,idle,96.8,special
25.0,13.0,0.13,4.56,4.43,0,idle,91.3,kick
37.0,61.0,1.4,8.6,10.0,1,punch,92.1,idle
100.0,100.0,3.03,3.27,6.3,0,move_right,98.1,move_right
58.0,67.0,1.2,8.5,9.7,2,kick,92.1,idle
76.0,94.0,1.06,4.87,5.93,3,idle,98.3,idle
52.0,46.0,0.74,7.67,8.41,2,kick,92.4,block
13.0,61.0,0.27,9.37,9.1,0,kick,90.6,block
55.0,61.0,1.3,8.7,10.0,0,punch,92.4,block
100.0,100.0,1.31,5.06,6.38,0,move_left,96.7,punch
4.0,67.0,0.15,5.97,5.82,0,idle,88.8,idle
46.0,82.0,0.08,4.97,5.05,0,punch,96.6,block
100.0,91.0,1.69,5.54,7.24,2,kick,97.5,idle
100.0,91.0,1.02,6.14,7.16,2,move_left,97.2,idle
94.0,88.0,1.14,8.54,9.68,0,move_right,96.2,punch
100.0,100.0,1.32,4.08,5.4,0,move_left,98.1,special
91.0,85.0,0.99,6.7,7.69,2,move_left,94.7,idle
22.0,64.0,0.07,7.67,7.6,0,punch,90.9,kick
22.0,58.0,0.83,6.43,7.26,0,kick,93.0,block
70.0,94.0,1.16,6.07,7.24,0,jump,96.2,kick
100.0,100.0,1.64,7.21,8.84,0,move_right,95.4,move_right
91.0,76.0,1.51,5.05,6.56,0,move_right,94.6,special
88.0,82.0,0.61,7.52,8.13,2,move_left,96.2,idle
100.0,100.0,4.96,2.21,7.17,0,move_left,97.3,move_right
91.0,91.0,2.16,6.92,9.08,0,move_right,95.0,jump
100.0,100.0,1.8,4.04,5.84,0,jump,97.8,jump
37.0,85.0,1.52,7.44,8.96,2,punch,90.5,idle
94.0,76.0,0.68,7.71,8.39,1,block,95.1,idle
91.0,88.0,0.97,4.02,4.99,0,special,95.8,jump
100.0,100.0,2.82,6.39,9.21,0,move_right,95.9,move_right
16.0,43.0,0.61,8.49,9.1,3,move_left,88.8,idle
43.0,52.0,1.02,6.8,7.82,2,kick,93.3,block
28.0,40.0,0.99,5.55,6.54,1,kick,91.1,block
100.0,82.0,0.76,7.61,8.37,5,block,94.0,idle
43.0,37.0,0.84,7.01,7.84,1,punch,92.8,block
4.0,79.0,0.15,7.41,7.25,0,move_left,92.1,move_left
91.0,85.0,1.51,6.54,8.05,2,move_right,95.7,idle
7.0,55.0,1.06,8.94,10.0,0,move_right,89.9,move_right
16.0,46.0,0.88,6.32,7.19,0,move_right,92.7,kick
100.0,100.0,4.84,3.69,8.53,0,jump,97.0,move_right
64.0,94.0,0.74,8.66,9.4,0,punch,92.1,jump
64.0,31.0,0.32,5.99,6.3,2,kick,90.5,block
100.0,100.0,3.91,1.45,5.36,5,block,98.4,idle
7.0,73.0,0.18,6.84,6.66,0,kick,92.4,jump
100.0,100.0,1.07,7.02,8.1,0,move_left,96.8,special
100.0,100.0,2.31,3.35,5.65,0,block,97.4,move_right
100.0,100.0,5.54,2.71,8.24,5,idle,98.0,idle
40.0,82.0,0.12,5.61,5.73,0,move_left,95.9,kick
67.0,37.0,1.26,7.82,9.08,0,move_left,90.7,punch
100.0,91.0,1.0,6.8,7.8,3,move_left,96.7,idle
100.0,100.0,2.3,5.85,8.15,0,move_left,97.3,move_right
100.0,100.0,3.08,3.98,7.06,0,kick,98.8,move_right
58.0,82.0,1.3,6.04,7.33,2,move_left,93.9,idle
34.0,70.0,1.06,6.97,8.03,0,kick,93.8,kick
82.0,100.0,1.32,7.0,8.32,0,jump,95.2,punch
100.0,100.0,4.02,3.74,7.76,0,special,98.7,move_right
34.0,67.0,1.17,6.27,5.1,2,special,90.6,block
94.0,85.0,1.44,8.22,9.65,2,punch,94.3,idle
79.0,67.0,1.33,6.53,7.86,2,punch,95.2,idle
52.0,61.0,0.63,8.47,9.1,0,idle,91.7,kick
100.0,85.0,0.04,4.27,4.23,1,move_left,95.8,idle
100.0,100.0,4.11,5.17,9.27,0,move_right,96.8,move_right
37.0,46.0,0.68,7.41,8.09,3,punch,92.1,block
55.0,58.0,0.74,4.78,4.04,2,punch,92.2,block
100.0,100.0,2.52,6.39,8.91,0,punch,96.0,jump
25.0,49.0,0.08,5.48,5.56,1,special,93.3,block
100.0,100.0,6.94,1.04,7.98,0,idle,98.9,block
43.0,73.0,0.88,5.81,6.7,6,special,95.1,block
100.0,100.0,3.78,5.08,8.86,0,jump,97.6,special
100.0,91.0,0.74,8.36,9.1,3,move_left,95.8,idle
100.0,100.0,4.42,4.32,8.75,0,move_right,97.5,move_right
25.0,76.0,0.71,4.39,5.1,0,move_left,95.8,move_right
100.0,100.0,4.92,4.48,9.4,0,move_left,96.8,move_right
22.0,61.0,0.34,8.24,8.58,0,move_right,89.5,move_right
88.0,76.0,0.17,4.26,4.43,2,punch,95.1,block
94.0,82.0,1.44,8.54,9.98,3,move_right,96.1,idle
52.0,79.0,1.18,7.78,6.6,0,punch,92.0,jump
40.0,64.0,1.26,5.91,7.17,0,jump,94.5,kick
46.0,70.0,0.36,7.88,7.52,2,idle,93.1,idle
100.0,100.0,6.62,0.54,7.16,0,kick,98.8,move_right
1.0,64.0,0.3,9.7,10.0,0,move_right,91.3,move_right
100.0,100.0,6.87,1.29,8.17,0,idle,98.7,move_right
100.0,100.0,5.86,4.14,10.0,0,punch,96.3,move_right
100.0,94.0,1.32,6.8,8.12,1,move_left,96.0,jump
4.0,19.0,1.33,6.8,8.13,1,jump,91.8,idle
40.0,79.0,1.32,5.04,6.36,2,punch,95.2,idle
73.0,100.0,1.23,4.63,5.86,1,kick,97.5,idle
49.0,55.0,0.38,4.2,4.58,3,punch,94.4,block
46.0,43.0,1.32,7.6,8.92,6,punch,92.7,idle
25.0,82.0,0.08,8.82,8.75,1,block,92.3,idle
73.0,76.0,0.25,6.01,6.26,0,kick,96.0,block
52.0,73.0,1.87,8.13,10.0,0,jump,94.0,move_right
31.0,82.0,1.1,6.2,7.29,3,idle,96.2,idle
52.0,70.0,0.25,6.01,6.26,2,kick,95.3,block
64.0,67.0,1.73,7.36,9.09,1,idle,94.1,idle
82.0,73.0,1.1,7.01,8.11,2,jump,95.3,move_right
25.0,49.0,0.61,8.51,7.9,3,jump,91.7,move_right
58.0,7.0,1.28,8.72,10.0,2,punch,91.5,idle
82.0,85.0,0.73,6.07,6.79,3,move_left,97.0,idle
100.0,100.0,5.79,1.91,7.7,0,punch,98.6,jump
82.0,88.0,1.08,3.94,5.02,0,kick,98.0,jump
25.0,49.0,0.18,8.32,8.5,3,move_right,90.8,idle
100.0,100.0,1.32,6.4,7.72,0,idle,97.3,punch
64.0,70.0,0.14,7.13,7.0,0,punch,91.8,block
1.0,73.0,0.18,3.64,3.82,0,jump,94.0,move_right
22.0,64.0,1.52,7.73,9.25,0,punch,92.5,move_right
76.0,64.0,0.75,8.65,9.4,2,jump,93.1,idle
79.0,85.0,0.39,6.7,7.09,0,idle,93.6,block
100.0,100.0,7.32,1.59,8.91,2,special,98.2,idle
100.0,91.0,2.18,5.69,7.87,0,move_left,96.8,jump
19.0,58.0,0.15,8.65,8.8,0,punch,90.0,block
100.0,82.0,0.79,3.75,2.96,0,move_left,96.8,block
88.0,82.0,1.58,4.2,5.78,3,idle,97.2,idle
25.0,40.0,0.38,5.48,5.86,3,block,93.1,idle
64.0,76.0,1.32,6.59,7.91,0,idle,95.4,kick
79.0,70.0,0.28,6.32,6.59,2,punch,95.1,block
25.0,52.0,0.23,7.03,7.26,2,idle,89.9,idle
100.0,94.0,1.53,4.65,6.18,0,kick,96.2,kick
76.0,85.0,0.44,7.13,6.7,1,punch,93.8,block
85.0,100.0,1.53,5.97,7.5,1,move_right,94.5,idle
100.0,82.0,1.51,4.75,6.26,0,kick,95.4,punch
22.0,67.0,0.18,6.14,5.96,0,idle,94.3,move_left
19.0,64.0,0.25,6.61,6.86,0,punch,93.7,block
16.0,55.0,0.02,3.98,3.96,0,punch,89.5,block
16.0,55.0,1.1,5.22,6.32,0,move_right,93.1,move_right
43.0,34.0,0.99,6.48,7.46,0,move_left,90.9,kick
25.0,94.0,0.05,7.03,6.98,0,move_left,92.5,move_left
61.0,73.0,1.02,8.15,9.17,4,move_right,96.5,idle
34.0,76.0,1.01,4.09,5.1,1,punch,96.8,block
73.0,88.0,0.89,4.77,5.66,3,kick,97.5,block
49.0,76.0,1.08,6.58,7.66,0,special,94.0,block
85.0,85.0,1.21,7.93,9.13,3,move_left,95.9,idle
100.0,100.0,2.3,5.42,7.72,0,block,98.3,move_right
31.0,85.0,1.05,6.81,7.85,1,punch,93.6,block
82.0,91.0,2.19,7.07,9.27,0,move_right,96.9,move_right
46.0,58.0,1.34,8.66,10.0,0,jump,89.7,punch
49.0,82.0,0.97,7.25,8.22,0,special,95.0,block
82.0,100.0,1.08,6.58,7.66,2,idle,95.7,idle
91.0,94.0,1.32,7.89,9.21,1,jump,94.8,idle
4.0,13.0,0.17,5.68,5.51,0,move_right,90.8,kick
13.0,61.0,0.36,6.38,6.02,0,move_left,89.9,move_left
100.0,100.0,1.55,7.55,9.1,0,kick,97.1,kick
82.0,94.0,1.23,4.72,5.95,2,move_right,97.5,special
85.0,67.0,0.99,6.3,7.29,0,block,95.9,kick
100.0,91.0,1.22,7.73,8.95,3,move_left,97.1,idle
94.0,85.0,1.34,5.23,6.57,0,punch,96.1,block
94.0,76.0,0.68,7.71,8.39,0,idle,95.0,block
100.0,91.0,1.62,6.4,8.02,0,move_right,96.6,move_right
100.0,100.0,2.99,6.26,9.25,0,special,97.1,move_right
82.0,64.0,1.48,4.04,5.52,0,punch,95.6,block
100.0,100.0,1.9,8.1,10.0,0,move_right,95.6,jump
55.0,82.0,0.8,4.62,5.42,1,kick,96.5,block
34.0,55.0,1.04,7.13,6.1,1,punch,89.8,block
100.0,100.0,5.67,3.54,9.21,0,idle,97.2,move_right
4.0,61.0,0.64,3.55,2.91,3,jump,93.6,idle
46.0,61.0,0.8,6.75,7.55,4,idle,93.5,idle
70.0,94.0,1.16,6.07,7.24,0,punch,96.3,jump
64.0,67.0,0.93,5.82,6.75,0,move_left,94.9,jump
79.0,31.0,0.94,4.43,5.37,0,idle,93.0,kick
76.0,67.0,1.52,8.48,10.0,0,idle,92.6,punch
100.0,94.0,1.2,8.5,9.7,0,move_left,94.8,punch
100.0,94.0,1.44,6.9,8.34,0,kick,96.6,block
37.0,61.0,1.4,8.6,10.0,1,jump,92.8,idle
58.0,91.0,0.08,5.18,5.26,2,special,97.0,block
100.0,100.0,2.18,7.11,9.29,0,move_left,97.1,jump
100.0,100.0,2.04,7.66,9.7,0,special,97.7,move_right
79.0,49.0,0.59,5.55,4.96,2,block,92.3,idle
55.0,58.0,1.6,7.22,8.81,3,jump,93.2,idle
31.0,52.0,1.32,6.1,7.42,1,jump,91.7,idle
61.0,64.0,0.08,5.71,5.79,1,move_left,94.8,punch
19.0,73.0,0.09,5.01,5.1,0,kick,91.2,block
31.0,16.0,0.1,6.91,6.81,1,kick,91.9,block
7.0,22.0,0.96,7.0,7.96,3,idle,86.2,idle
100.0,100.0,1.46,8.54,10.0,0,idle,96.0,kick
52.0,61.0,1.23,5.82,7.05,0,punch,94.2,block
49.0,76.0,1.36,5.62,6.97,2,kick,94.7,idle
100.0,100.0,3.05,6.05,9.1,0,idle,97.8,move_right
91.0,82.0,1.42,4.61,6.04,5,jump,98.8,idle
100.0,100.0,4.45,3.4,7.85,1,special,97.4,idle
37.0,61.0,0.3,4.34,4.64,1,special,91.3,block
100.0,100.0,3.98,2.61,6.59,0,special,98.3,jump
85.0,91.0,0.44,8.36,8.8,6,punch,95.4,block
100.0,100.0,3.26,1.87,5.13,0,kick,98.3,jump
16.0,64.0,0.2,8.44,8.23,0,idle,89.0,move_left
91.0,88.0,1.53,5.4,6.92,3,move_right,96.0,idle
52.0,88.0,0.28,7.78,7.5,0,move_right,92.9,block
100.0,100.0,3.29,6.68,9.97,0,punch,97.7,jump
100.0,100.0,1.59,4.05,5.64,0,jump,98.0,punch
4.0,49.0,0.54,5.62,5.08,0,jump,90.7,punch
100.0,100.0,6.91,2.25,9.16,0,kick,98.4,move_right
100.0,100.0,1.45,3.47,4.92,0,special,97.7,block
100.0,100.0,4.56,2.31,6.87,0,move_right,98.8,move_right
16.0,61.0,0.27,6.9,7.17,0,move_right,94.3,move_right
40.0,13.0,1.52,5.99,7.5,3,idle,89.1,idle
58.0,67.0,1.23,8.47,9.7,2,jump,92.7,idle
61.0,58.0,0.3,7.3,7.6,0,punch,93.3,block
73.0,82.0,0.87,5.94,6.81,6,move_left,96.0,idle
100.0,100.0,2.46,4.0,6.46,5,jump,97.7,idle
58.0,40.0,1.18,8.5,9.67,1,punch,93.4,block
16.0,64.0,0.02,7.43,7.45,0,punch,90.8,block
100.0,100.0,2.29,6.76,9.04,0,punch,97.0,jump
85.0,58.0,0.99,6.3,7.29,3,idle,95.8,move_right
100.0,100.0,1.47,6.88,8.35,0,kick,96.7,block
100.0,100.0,2.73,6.37,9.1,1,move_left,96.3,idle
100.0,100.0,1.36,5.05,6.41,1,move_right,96.2,idle
25.0,70.0,0.69,4.37,5.06,3,idle,94.7,idle
100.0,100.0,6.39,1.88,8.27,0,punch,98.4,jump
64.0,67.0,1.09,6.14,7.24,0,move_right,95.0,kick
100.0,100.0,2.0,5.6,7.6,0,move_left,97.2,move_right
100.0,100.0,7.81,0.84,8.65,0,idle,99.0,move_right
4.0,34.0,1.58,7.41,8.99,0,kick,90.6,punch
100.0,100.0,3.17,3.14,6.3,0,idle,99.0,move_right
100.0,100.0,1.82,3.47,5.29,0,move_left,97.2,jump
100.0,100.0,2.41,3.55,5.96,0,idle,97.0,jump
100.0,100.0,3.56,5.27,8.83,0,punch,97.8,move_right
31.0,58.0,1.26,6.82,8.08,0,idle,92.8,jump
88.0,82.0,1.58,4.2,5.78,2,punch,97.1,idle
100.0,100.0,3.16,6.24,9.4,0,idle,95.6,move_left
10.0,61.0,0.04,8.54,8.58,0,jump,88.3,move_right
88.0,58.0,0.77,4.94,5.7,3,kick,96.2,block
100.0,100.0,2.13,4.17,6.3,0,punch,97.8,move_right
79.0,22.0,0.91,7.52,8.43,6,move_right,93.7,idle
19.0,64.0,0.05,7.21,7.16,0,move_left,93.9,move_left
34.0,49.0,1.48,7.69,9.17,0,move_right,91.4,punch
16.0,55.0,1.1,4.92,6.02,0,idle,93.2,move_right
22.0,55.0,0.3,4.34,4.64,0,special,90.2,block
46.0,70.0,0.14,7.13,7.0,2,punch,91.2,block
100.0,100.0,0.8,4.62,5.42,1,punch,98.7,block
7.0,37.0,0.03,6.12,6.15,0,move_right,91.2,block
91.0,76.0,2.41,5.65,8.06,0,kick,93.2,move_right
100.0,100.0,4.86,2.46,7.32,3,jump,98.0,idle
22.0,61.0,1.24,7.64,8.88,0,punch,89.8,block
100.0,100.0,6.44,2.96,9.4,0,move_left,96.8,move_right
22.0,28.0,0.13,4.94,4.8,3,punch,92.4,block
19.0,4.0,0.18,5.21,5.04,2,move_left,89.4,idle
61.0,31.0,1.57,8.13,9.7,3,jump,91.7,idle
100.0,100.0,5.14,2.54,7.68,0,idle,98.1,jump
100.0,91.0,1.25,4.53,5.78,0,move_left,97.4,jump
100.0,100.0,1.77,5.34,7.11,0,kick,97.6,move_right
100.0,100.0,4.06,1.15,5.21,0,idle,99.0,move_right
91.0,76.0,1.56,7.52,9.08,2,jump,94.0,idle
4.0,64.0,0.18,9.89,9.71,0,punch,91.8,jump
94.0,88.0,0.54,6.9,7.44,0,idle,94.8,block
28.0,64.0,1.14,8.56,9.7,0,idle,91.5,move_right
52.0,82.0,0.57,5.94,6.51,0,idle,94.8,kick
88.0,100.0,1.45,3.47,4.92,0,move_right,96.7,punch
52.0,34.0,1.7,7.22,8.92,3,move_right,93.6,idle
4.0,67.0,0.16,8.94,9.1,0,idle,91.8,move_right
76.0,73.0,1.03,4.2,5.23,3,special,96.2,block
100.0,100.0,2.16,4.41,6.57,0,punch,98.0,move_right
4.0,28.0,1.33,4.94,3.6,3,move_left,91.2,idle
82.0,94.0,1.22,7.78,9.0,1,move_right,95.1,idle
52.0,67.0,1.12,6.32,7.44,2,idle,92.1,move_right
40.0,55.0,1.26,5.91,7.17,1,jump,94.2,idle
100.0,91.0,1.76,3.36,5.12,2,move_right,97.3,idle
100.0,100.0,5.14,2.54,7.68,0,block,98.0,move_right
73.0,37.0,1.12,4.91,6.04,2,jump,95.6,idle
73.0,70.0,1.0,7.6,8.6,0,jump,93.5,block
100.0,100.0,1.57,7.83,9.4,0,jump,96.4,move_right
85.0,64.0,0.92,5.99,6.9,3,jump,93.0,idle
7.0,31.0,0.66,7.0,7.66,1,special,86.5,block
49.0,58.0,1.33,4.2,5.53,0,move_left,94.1,punch
94.0,94.0,1.6,5.74,7.33,1,move_left,96.0,idle
61.0,82.0,1.17,6.69,7.87,3,idle,94.7,idle
4.0,31.0,0.15,8.11,8.26,2,kick,89.4,block
34.0,40.0,1.32,5.21,6.54,2,punch,91.1,idle
13.0,94.0,0.14,5.05,4.91,0,idle,93.8,move_left
28.0,79.0,0.81,4.85,5.65,5,special,93.2,block
13.0,4.0,0.18,5.21,5.04,0,punch,89.2,idle
67.0,67.0,0.96,6.82,7.78,2,idle,93.4,idle
100.0,100.0,4.31,0.75,5.06,0,idle,99.0,move_right
88.0,82.0,1.6,6.04,7.63,2,punch,94.4,idle
67.0,79.0,0.03,6.27,6.3,3,move_left,92.6,idle
58.0,61.0,1.44,5.81,7.26,2,punch,92.5,idle
100.0,100.0,2.32,4.14,6.46,0,punch,97.5,jump
100.0,100.0,5.68,2.5,8.18,0,jump,98.2,move_right
55.0,16.0,0.76,4.42,5.17,2,move_right,92.8,idle
100.0,100.0,1.59,6.3,7.89,0,jump,97.7,punch
85.0,82.0,1.39,4.32,5.71,0,move_right,98.1,kick
100.0,100.0,1.73,5.53,7.26,0,punch,96.8,move_right
100.0,100.0,3.7,5.3,9.0,0,idle,97.3,move_right
73.0,40.0,1.55,8.45,10.0,3,punch,93.4,idle
100.0,100.0,4.66,4.0,8.66,0,move_left,97.7,move_right
76.0,61.0,0.43,5.98,6.41,2,kick,94.5,block
100.0,100.0,3.71,4.79,8.5,0,punch,98.4,kick
49.0,25.0,0.88,8.5,9.37,3,punch,92.6,block
79.0,73.0,1.23,5.82,7.05,2,punch,95.9,idle
10.0,64.0,0.02,8.03,8.05,0,move_right,90.4,move_right
64.0,85.0,1.51,7.44,8.95,3,punch,95.5,idle
100.0,100.0,2.04,6.42,8.45,0,kick,96.2,jump
100.0,100.0,2.22,6.2,8.42,0,jump,96.8,jump
100.0,100.0,0.59,4.77,5.36,0,move_right,98.9,punch
40.0,58.0,0.23,6.43,6.66,3,move_right,94.1,idle
73.0,67.0,1.06,3.86,4.92,2,idle,97.0,idle
67.0,43.0,0.43,5.77,6.19,0,punch,93.8,block
52.0,70.0,0.42,5.79,6.21,1,kick,93.9,block
85.0,94.0,1.43,7.07,8.5,0,punch,95.8,block
1.0,58.0,0.44,7.29,7.72,0,move_right,91.3,move_right
100.0,82.0,1.54,4.43,5.97,0,punch,97.4,punch
67.0,82.0,1.09,6.77,7.87,3,kick,96.2,block
100.0,100.0,5.5,2.69,8.19,0,move_left,98.0,move_right
31.0,43.0,0.44,8.66,9.1,2,punch,90.3,block
100.0,100.0,3.85,1.63,5.48,0,special,98.9,move_right
100.0,100.0,2.45,6.95,9.4,0,punch,97.6,move_right
25.0,52.0,0.6,7.6,8.2,0,move_right,91.8,move_right
43.0,79.0,1.84,3.25,5.08,1,move_right,95.4,move_left
94.0,94.0,1.42,6.24,7.66,1,special,96.0,idle
82.0,82.0,1.5,6.8,8.3,3,punch,96.0,block
49.0,46.0,1.55,4.53,6.08,1,idle,94.2,idle
73.0,37.0,0.52,4.91,5.44,1,jump,95.1,idle
46.0,43.0,1.32,7.6,8.92,4,punch,92.5,idle
31.0,67.0,1.68,7.24,8.92,2,move_right,93.1,idle
1.0,64.0,0.39,7.58,7.97,0,move_right,91.5,move_right
28.0,76.0,0.97,7.85,8.82,0,jump,93.0,move_right
70.0,73.0,0.98,6.59,7.57,0,idle,94.9,punch
34.0,85.0,0.12,6.08,6.2,0,kick,96.1,jump
85.0,100.0,1.15,7.3,8.45,0,punch,94.5,block
64.0,94.0,0.74,8.66,9.4,1,idle,92.2,idle
100.0,100.0,4.62,4.0,8.62,0,punch,98.5,move_right
40.0,55.0,1.26,5.91,7.17,3,block,94.4,idle
85.0,73.0,1.53,5.82,7.35,0,move_left,96.1,kick
10.0,64.0,0.57,6.77,7.34,0,idle,90.6,move_right
94.0,94.0,0.47,4.71,5.18,1,punch,97.4,block
100.0,100.0,5.83,2.6,8.43,0,idle,98.5,move_right
40.0,46.0,1.03,7.07,8.11,2,move_left,92.0,idle
100.0,94.0,1.59,6.3,7.89,3,punch,97.6,idle
22.0,4.0,0.34,4.43,4.77,2,punch,91.0,block
94.0,88.0,1.6,6.04,7.63,3,idle,95.7,idle
4.0,73.0,0.02,6.11,6.1,0,kick,93.2,block
79.0,100.0,1.4,4.21,5.61,0,punch,95.6,block
100.0,91.0,1.58,6.45,8.03,2,idle,96.9,idle
37.0,67.0,1.34,5.19,6.52,0,jump,94.1,kick
34.0,58.0,0.3,7.3,7.6,0,kick,92.9,block
34.0,61.0,1.4,7.31,8.71,1,punch,93.3,move_left
16.0,58.0,1.26,7.12,8.38,0,idle,91.9,move_right
100.0,100.0,2.43,3.87,6.3,0,kick,97.9,move_right
70.0,94.0,1.06,4.87,5.93,0,punch,98.0,block
31.0,70.0,1.22,7.31,8.53,2,special,93.6,idle
10.0,64.0,0.03,7.67,7.64,0,punch,89.7,jump
100.0,100.0,5.14,2.79,7.93,0,jump,97.9,move_right
82.0,67.0,0.79,6.14,6.94,3,move_left,95.3,idle
100.0,100.0,2.08,5.89,7.97,0,kick,97.9,move_right
10.0,37.0,0.91,7.15,8.06,0,punch,86.5,block
55.0,58.0,1.6,6.92,8.51,3,move_right,93.8,idle
46.0,58.0,1.33,5.65,6.98,1,punch,94.2,idle
100.0,100.0,3.18,5.38,8.56,0,block,96.8,move_right
70.0,100.0,0.98,6.27,7.24,3,move_left,94.7,idle
10.0,73.0,0.11,8.56,8.44,0,kick,91.3,block
100.0,100.0,3.71,2.36,6.08,3,move_left,98.4,idle
31.0,40.0,0.98,7.41,8.39,2,move_left,91.2,idle
100.0,100.0,2.8,5.2,8.0,0,move_right,98.0,move_right
37.0,31.0,0.62,7.09,6.47,3,punch,91.5,block
100.0,100.0,2.52,5.99,8.51,0,punch,97.1,move_right
76.0,85.0,0.72,8.19,8.91,0,punch,92.1,idle
40.0,79.0,0.29,8.06,8.35,0,move_left,92.4,kick
85.0,85.0,0.51,4.85,5.35,0,idle,94.9,block
1.0,37.0,0.38,4.2,4.58,0,kick,92.2,block
10.0,67.0,0.26,4.56,4.82,0,idle,91.9,move_right
100.0,100.0,1.51,5.55,7.06,3,jump,95.9,idle
73.0,76.0,1.2,7.1,8.3,0,jump,95.2,kick
94.0,100.0,1.4,6.2,7.6,0,idle,96.6,block
55.0,73.0,0.12,4.91,5.04,2,move_right,93.5,idle
10.0,13.0,0.47,5.68,5.21,2,move_right,91.0,idle
16.0,61.0,0.04,8.84,8.88,0,move_right,88.9,move_right
82.0,100.0,1.82,6.84,8.66,2,kick,93.6,idle
28.0,31.0,1.28,4.4,5.68,2,punch,94.6,idle
100.0,100.0,5.14,2.84,7.98,0,move_right,97.9,move_right
19.0,55.0,0.34,6.83,6.49,0,move_left,92.2,move_left
16.0,73.0,0.72,5.64,6.36,0,move_left,93.7,move_right
91.0,91.0,1.35,8.65,10.0,3,move_right,94.8,idle
43.0,85.0,1.5,8.2,9.7,3,move_left,91.8,idle
40.0,61.0,1.59,6.41,8.0,0,jump,93.1,punch
52.0,64.0,0.38,5.71,6.09,0,move_right,94.4,jump
94.0,100.0,1.1,8.6,9.7,0,move_left,94.9,kick
88.0,94.0,0.89,4.77,5.66,0,jump,98.5,jump
100.0,100.0,7.51,1.65,9.16,0,block,98.6,move_right
1.0,37.0,0.68,4.2,4.88,0,move_right,92.0,punch
31.0,46.0,1.34,8.66,10.0,1,kick,89.0,idle
58.0,79.0,0.29,8.06,8.35,3,punch,92.8,block
37.0,67.0,0.44,8.66,9.1,1,idle,91.4,idle
100.0,100.0,2.73,6.37,9.1,0,idle,96.2,jump
34.0,58.0,1.61,8.36,9.98,0,move_right,89.9,move_right
100.0,100.0,7.21,1.74,8.95,0,jump,98.7,move_right
73.0,67.0,0.73,6.07,6.79,2,move_right,95.0,idle
49.0,91.0,0.79,5.82,6.61,2,move_left,95.8,idle
16.0,61.0,0.52,6.58,6.07,1,move_right,92.4,idle
100.0,100.0,4.34,4.37,8.71,0,kick,98.5,move_right
100.0,100.0,2.06,5.33,7.39,0,idle,97.5,move_right
79.0,88.0,0.42,6.3,6.72,0,move_left,96.4,kick
10.0,25.0,1.27,8.43,9.7,0,jump,88.2,punch
61.0,88.0,1.3,6.92,8.21,2,move_left,96.0,idle
7.0,58.0,0.04,8.87,8.83,0,jump,89.4,move_left
49.0,82.0,0.72,6.77,7.49,0,punch,94.9,block
100.0,100.0,2.82,5.69,8.51,0,kick,97.2,move_right
10.0,52.0,0.2,9.7,9.9,0,kick,89.8,block
94.0,73.0,1.48,7.6,9.07,0,move_left,97.1,punch
76.0,70.0,0.42,5.79,6.21,3,punch,94.8,block
34.0,70.0,1.66,5.47,7.13,1,jump,94.5,idle
100.0,100.0,2.19,3.45,5.64,0,idle,98.5,jump
43.0,25.0,1.42,7.74,9.16,5,punch,90.6,idle
19.0,37.0,1.1,7.81,8.91,0,move_right,87.7,kick
52.0,46.0,0.02,7.09,7.07,0,move_right,92.9,block
55.0,73.0,0.53,7.07,7.6,0,punch,93.2,jump
100.0,100.0,6.76,3.08,9.83,0,jump,98.8,move_right
58.0,46.0,0.28,7.09,7.37,3,jump,93.7,idle
55.0,49.0,2.19,4.38,6.56,3,block,94.9,idle
100.0,100.0,2.96,5.87,8.83,0,punch,97.0,move_right
100.0,100.0,2.81,5.39,8.2,0,punch,97.3,move_right
40.0,91.0,0.41,4.39,4.8,1,idle,97.7,idle
100.0,91.0,1.25,8.15,9.4,0,move_left,96.3,kick
94.0,94.0,1.22,8.18,9.4,3,jump,95.8,idle
82.0,85.0,1.03,6.77,7.81,2,move_right,96.0,idle
79.0,82.0,1.9,7.3,9.2,0,jump,95.0,move_right
94.0,70.0,1.55,4.53,6.08,0,move_right,95.9,move_left
22.0,61.0,1.52,8.34,9.86,1,kick,88.4,idle
52.0,49.0,0.63,6.12,6.75,0,move_left,93.2,block
1.0,64.0,0.6,10.0,9.4,0,move_left,91.1,block
79.0,76.0,0.91,7.52,8.43,0,move_right,95.4,jump
100.0,100.0,1.58,4.41,5.99,3,idle,96.8,block
22.0,61.0,0.14,8.78,8.63,0,punch,91.1,jump
94.0,88.0,1.3,6.04,7.33,0,punch,95.3,block
43.0,13.0,0.24,7.82,7.58,2,jump,88.3,idle
16.0,43.0,1.51,8.49,10.0,0,kick,89.3,punch
100.0,100.0,3.48,5.08,8.56,2,punch,97.1,idle
19.0,43.0,0.16,7.62,7.78,3,move_right,91.1,idle
100.0,100.0,2.56,6.38,8.93,0,block,97.2,move_right
82.0,73.0,1.61,5.96,7.58,1,punch,94.0,idle
52.0,70.0,0.25,6.01,6.26,0,block,95.1,punch
76.0,67.0,1.82,8.18,10.0,0,move_right,92.8,move_right
100.0,100.0,2.06,3.06,5.12,0,move_right,97.6,move_right
85.0,100.0,1.54,5.24,6.78,0,kick,96.6,block
100.0,100.0,1.9,6.1,8.0,0,move_left,97.6,idle
37.0,61.0,1.25,8.45,9.7,1,jump,94.2,idle
100.0,100.0,2.18,6.48,8.65,0,kick,98.2,move_right
94.0,100.0,0.38,4.97,5.35,0,move_right,98.1,special
100.0,100.0,2.12,6.83,8.95,0,punch,97.8,jump
100.0,100.0,6.49,3.51,10.0,0,punch,97.6,move_right
34.0,55.0,1.3,8.7,10.0,0,idle,91.7,block
100.0,100.0,6.6,3.4,10.0,0,move_right,97.8,move_right
58.0,55.0,1.29,8.27,9.57,6,punch,95.5,idle
16.0,55.0,0.14,6.91,7.04,4,move_right,89.5,idle
16.0,73.0,0.11,6.42,6.31,0,jump,93.9,move_left
31.0,43.0,0.48,7.34,7.82,3,block,92.4,idle
61.0,67.0,1.69,4.32,6.01,0,idle,95.8,move_left
82.0,73.0,1.28,4.2,5.48,1,block,96.1,idle
43.0,43.0,1.15,5.17,6.32,2,move_right,94.2,idle
16.0,61.0,1.08,7.24,8.32,1,kick,92.2,block
76.0,88.0,1.83,7.87,9.7,0,idle,93.6,jump
40.0,55.0,1.65,4.17,2.52,0,move_left,94.5,jump
100.0,100.0,1.38,3.94,5.32,0,idle,99.0,punch
52.0,55.0,0.17,7.32,7.5,1,idle,92.7,idle
100.0,100.0,3.31,4.35,7.66,0,block,96.7,move_right
37.0,43.0,2.11,7.39,9.5,0,move_right,92.2,move_right
58.0,91.0,0.41,4.39,4.8,0,kick,98.2,block
100.0,100.0,3.96,3.92,7.88,0,block,97.7,move_right
16.0,61.0,0.26,8.84,8.58,0,punch,89.0,block
25.0,82.0,0.08,8.82,8.75,2,move_left,92.4,idle
94.0,100.0,1.21,7.52,8.73,1,kick,96.9,idle
100.0,100.0,7.02,2.24,9.25,0,idle,98.2,move_right
16.0,55.0,0.3,5.54,5.24,0,kick,89.2,jump
13.0,37.0,0.53,5.49,6.02,0,block,91.0,punch
88.0,85.0,1.5,4.04,5.54,1,move_left,95.5,idle
100.0,100.0,1.32,5.49,6.81,0,special,98.1,block
34.0,73.0,0.42,3.94,3.52,2,move_right,95.4,block
85.0,64.0,1.22,5.99,7.2,0,special,92.3,block
61.0,37.0,1.72,4.91,6.64,0,block,93.7,move_right
37.0,64.0,1.3,6.04,7.33,1,special,91.6,idle
34.0,55.0,1.32,8.15,9.47,0,special,95.4,jump
55.0,70.0,1.54,6.44,7.98,2,kick,91.9,idle
100.0,94.0,1.6,5.44,7.03,0,block,97.1,kick
100.0,73.0,0.79,3.75,2.96,2,idle,96.5,idle
61.0,67.0,1.69,4.62,6.31,2,kick,96.0,idle
70.0,76.0,1.15,5.17,6.32,4,move_right,96.2,idle
73.0,79.0,1.3,8.7,10.0,2,punch,93.3,idle
100.0,73.0,0.19,3.75,3.56,0,move_right,96.2,punch
67.0,91.0,0.75,5.97,6.72,3,move_left,92.8,idle
19.0,31.0,0.12,5.21,5.34,0,move_left,90.4,kick
94.0,70.0,1.42,6.54,7.96,1,move_left,93.7,idle
100.0,100.0,4.86,2.46,7.32,2,idle,97.9,idle
13.0,25.0,1.2,7.1,8.3,0,idle,90.5,kick
100.0,100.0,2.34,4.91,7.26,0,kick,97.9,move_right
100.0,100.0,3.86,4.97,8.83,0,move_left,97.9,move_right
82.0,85.0,0.53,7.03,7.56,0,punch,94.0,block
22.0,64.0,0.1,8.44,8.53,0,move_left,89.9,move_right
25.0,70.0,0.11,8.87,8.77,0,idle,94.0,move_left
55.0,85.0,1.88,3.37,5.25,3,move_right,95.6,idle
43.0,13.0,0.24,7.82,7.58,0,block,88.1,kick
49.0,91.0,1.39,5.82,7.21,0,kick,96.1,block
100.0,100.0,1.92,3.71,5.64,0,kick,97.2,move_right
82.0,79.0,1.16,5.93,7.09,3,jump,95.5,idle
82.0,91.0,1.13,7.36,8.49,2,kick,96.2,block
34.0,34.0,1.79,4.59,6.38,2,move_right,93.3,idle
73.0,94.0,0.75,7.64,8.39,0,jump,94.7,idle
91.0,67.0,0.64,4.43,5.07,0,move_left,95.8,special
100.0,100.0,1.48,6.32,7.79,0,move_left,97.9,special
94.0,100.0,0.38,4.97,5.35,3,move_right,98.5,idle
37.0,73.0,0.67,3.72,4.39,4,idle,93.0,idle
52.0,76.0,0.43,7.94,8.37,1,idle,94.2,idle
100.0,100.0,4.21,1.45,5.66,0,kick,97.9,move_right
76.0,79.0,0.99,3.81,4.8,0,move_left,95.5,punch
22.0,31.0,0.02,4.04,4.02,2,punch,93.1,block
19.0,55.0,0.13,4.71,4.58,0,jump,93.0,move_left
85.0,82.0,0.31,6.79,7.1,0,kick,96.8,kick
100.0,100.0,0.38,5.12,5.5,0,move_left,98.8,special
7.0,25.0,0.72,6.9,7.62,0,jump,91.3,kick
55.0,31.0,1.87,8.13,10.0,0,special,91.0,move_right
16.0,55.0,0.09,8.21,8.3,0,kick,90.6,block
4.0,28.0,1.33,4.94,3.6,1,kick,91.0,idle
43.0,61.0,0.46,8.51,8.97,0,move_left,89.7,punch
100.0,94.0,2.04,7.62,9.65,0,kick,95.0,jump
25.0,22.0,0.43,8.33,8.76,0,kick,89.4,block
100.0,100.0,1.79,8.21,10.0,0,move_right,95.6,move_right
100.0,73.0,1.62,7.6,9.22,0,move_left,95.3,jump
100.0,100.0,3.24,4.92,8.15,0,idle,97.0,move_right
88.0,94.0,0.12,5.02,5.14,0,punch,96.4,move_right
43.0,64.0,1.31,6.86,8.18,0,move_left,91.9,special
100.0,91.0,1.28,5.11,6.39,3,move_left,97.8,idle
16.0,55.0,1.1,4.62,5.72,1,kick,93.4,block
94.0,100.0,1.46,7.94,9.4,0,punch,95.2,block
16.0,37.0,0.84,7.31,8.16,0,idle,85.8,kick
100.0,100.0,2.43,3.15,5.58,0,special,97.7,block
100.0,94.0,1.48,7.6,9.08,2,punch,96.0,idle
79.0,82.0,1.6,6.7,8.3,5,punch,96.3,idle
25.0,82.0,0.08,8.82,8.75,0,punch,92.2,block
55.0,46.0,1.13,5.2,6.34,3,kick,95.2,block
100.0,91.0,1.66,4.48,6.14,0,kick,96.3,jump
52.0,49.0,1.39,4.92,6.31,5,kick,95.1,idle
100.0,100.0,3.84,4.31,8.14,0,jump,98.8,move_right
100.0,100.0,1.32,5.5,6.82,0,idle,97.7,kick
100.0,94.0,1.72,5.72,7.44,2,move_right,95.0,idle
100.0,94.0,1.09,6.28,7.37,1,move_right,97.6,idle
100.0,100.0,3.66,2.8,6.46,0,punch,98.9,move_right
25.0,25.0,1.64,6.23,4.6,2,move_left,87.7,idle
61.0,88.0,0.02,7.78,7.8,2,move_right,93.5,idle
100.0,100.0,2.82,5.9,8.72,0,punch,97.0,jump
100.0,100.0,3.08,4.87,7.95,0,idle,97.2,jump
85.0,43.0,1.04,5.53,6.57,6,move_left,94.8,idle
49.0,73.0,1.89,3.81,5.7,0,idle,94.6,move_right
46.0,94.0,0.72,5.69,6.42,3,move_right,94.8,idle
100.0,100.0,3.75,4.34,8.09,0,idle,98.9,punch
28.0,88.0,0.98,5.01,5.99,3,move_left,94.6,idle
40.0,19.0,1.28,6.89,8.17,0,special,90.5,block
52.0,55.0,0.47,7.32,7.8,0,move_right,92.5,kick
52.0,67.0,0.82,6.62,7.44,0,punch,91.9,block
100.0,100.0,3.63,1.95,5.58,0,jump,98.5,jump
55.0,85.0,1.88,3.37,5.25,1,idle,95.4,idle
37.0,25.0,1.59,6.18,7.76,5,idle,89.3,idle
100.0,100.0,4.66,4.58,9.23,0,move_left,98.3,move_right
37.0,61.0,1.02,4.98,6.0,0,punch,93.4,block
100.0,100.0,3.03,6.37,9.4,0,punch,96.9,special
70.0,70.0,1.03,7.07,8.11,2,idle,94.3,idle
100.0,100.0,6.13,2.92,9.04,0,punch,98.7,move_right
37.0,61.0,0.72,4.98,5.7,2,punch,93.6,block
7.0,82.0,0.42,7.07,7.49,0,move_right,94.3,move_right
46.0,46.0,0.74,7.67,8.41,1,punch,92.3,block
70.0,100.0,0.38,6.27,6.64,3,jump,94.3,idle
88.0,82.0,1.06,7.58,8.63,0,block,95.9,idle
100.0,100.0,5.3,4.4,9.7,0,jump,98.0,move_right
100.0,100.0,2.43,4.47,6.9,0,move_left,97.5,move_right
52.0,34.0,1.7,7.22,8.92,2,punch,93.5,idle
70.0,61.0,1.62,6.92,8.54,0,idle,94.6,move_right
100.0,100.0,5.26,3.7,8.96,0,move_left,97.8,move_right
46.0,76.0,1.69,5.14,6.84,2,move_right,95.9,idle
1.0,55.0,0.3,9.7,9.4,0,jump,89.0,move_left
100.0,100.0,2.62,5.63,8.26,0,idle,97.3,move_right
100.0,91.0,1.16,8.54,9.7,1,special,95.7,block
37.0,28.0,0.13,5.68,5.81,3,block,92.2,idle
100.0,100.0,5.82,2.6,8.42,0,idle,98.7,move_right
28.0,31.0,1.2,6.34,7.54,2,punch,91.5,block
100.0,100.0,1.29,8.34,9.63,0,kick,96.1,block
49.0,76.0,0.56,4.56,5.12,0,idle,94.5,kick
7.0,13.0,0.35,4.83,5.18,2,move_right,92.0,idle
94.0,100.0,1.72,5.94,7.66,0,move_right,96.4,move_right
100.0,100.0,4.93,4.12,9.04,0,punch,98.2,move_right
4.0,25.0,0.66,5.91,6.57,2,kick,90.3,block
100.0,100.0,2.49,5.78,8.27,0,jump,96.6,idle
46.0,28.0,1.28,6.59,7.87,3,punch,91.1,idle
100.0,100.0,7.65,2.06,9.71,0,jump,98.8,move_left
46.0,85.0,0.14,7.51,7.64,0,move_left,92.4,punch
7.0,55.0,1.06,8.34,9.4,0,punch,90.4,block
10.0,10.0,1.42,5.21,6.64,1,move_left,89.7,idle
64.0,85.0,1.21,7.44,8.65,5,idle,95.0,idle
46.0,58.0,0.87,8.47,7.6,2,move_left,91.3,idle
7.0,64.0,0.42,8.79,9.21,0,kick,87.8,block
100.0,100.0,4.75,2.8,7.55,0,move_right,98.4,move_right
100.0,91.0,0.82,7.32,8.15,1,idle,95.4,idle
94.0,82.0,1.59,4.95,6.54,1,move_right,95.9,idle
100.0,100.0,6.17,0.04,6.21,0,idle,99.0,move_right
100.0,100.0,2.43,4.92,7.35,0,block,97.3,jump
100.0,100.0,3.67,6.33,10.0,0,kick,98.4,punch
100.0,100.0,4.27,5.53,9.81,0,block,98.4,move_right
7.0,55.0,0.23,7.67,7.9,0,punch,90.2,jump
100.0,100.0,6.39,2.94,9.33,0,kick,98.9,move_right
94.0,94.0,1.34,5.23,6.57,0,jump,97.0,punch
25.0,61.0,1.08,7.24,8.32,3,punch,92.4,block
52.0,49.0,1.69,4.92,6.61,0,kick,94.5,move_right
25.0,43.0,0.52,6.62,7.14,0,jump,90.7,punch
85.0,67.0,1.65,8.18,9.83,3,move_right,94.1,idle
100.0,100.0,6.0,2.72,8.72,0,block,98.2,move_right
100.0,94.0,1.32,6.6,7.92,2,idle,97.4,punch
100.0,100.0,3.54,4.88,8.42,0,punch,98.6,move_right
43.0,76.0,1.09,6.77,7.87,3,idle,95.8,idle
100.0,100.0,6.69,1.58,8.27,0,kick,98.5,move_right
100.0,94.0,1.33,7.94,9.27,3,jump,96.6,idle
100.0,100.0,1.6,8.4,10.0,0,block,95.4,move_right
100.0,94.0,1.12,6.32,7.44,1,move_left,96.9,idle
100.0,100.0,7.2,0.04,7.24,0,idle,99.0,move_right
88.0,79.0,2.05,4.37,6.42,1,punch,94.0,idle
4.0,82.0,0.25,6.35,6.1,0,move_left,93.3,move_left
16.0,4.0,1.58,8.42,10.0,0,punch,89.1,move_right
22.0,40.0,0.22,5.12,4.9,0,punch,95.0,block
100.0,100.0,1.88,4.11,5.99,0,move_right,97.0,move_right
100.0,100.0,7.14,1.32,8.45,0,kick,98.6,jump
64.0,67.0,1.53,8.47,10.0,2,special,93.2,idle
70.0,73.0,0.36,5.62,5.98,0,move_right,94.3,punch
58.0,85.0,0.68,5.18,5.86,1,kick,96.5,block
16.0,55.0,0.02,3.98,3.96,0,punch,89.6,block
85.0,85.0,0.51,4.55,5.05,2,move_left,95.2,idle
100.0,100.0,3.5,4.1,7.6,0,kick,97.8,move_right
4.0,61.0,0.18,7.84,8.02,0,move_right,91.0,move_right
52.0,64.0,0.15,8.65,8.8,0,move_left,91.8,punch
16.0,67.0,0.9,8.5,9.4,0,special,91.0,block
19.0,52.0,0.42,6.8,7.22,0,special,92.5,jump
100.0,100.0,2.92,3.84,6.76,0,move_left,97.8,move_right
100.0,100.0,1.88,6.15,8.03,0,kick,97.4,jump
22.0,73.0,1.28,8.72,10.0,0,move_right,93.6,move_right
25.0,55.0,1.29,7.01,8.3,0,jump,92.0,move_right
49.0,85.0,0.91,7.44,8.35,1,punch,94.6,block
55.0,70.0,1.84,6.44,8.28,0,move_right,91.7,move_right
91.0,85.0,1.81,7.33,9.13,0,kick,96.5,move_right
100.0,100.0,2.87,2.76,5.63,0,idle,97.5,block
46.0,37.0,0.13,5.47,5.59,1,move_left,92.2,idle
16.0,73.0,0.11,7.96,7.84,0,kick,91.9,move_left
58.0,76.0,1.33,5.65,6.98,2,punch,95.5,idle
91.0,94.0,1.21,6.54,7.75,0,jump,96.0,block
82.0,82.0,1.4,6.2,7.59,4,punch,98.1,idle
79.0,82.0,1.55,8.45,10.0,0,kick,95.3,punch
64.0,100.0,1.32,4.44,5.76,0,kick,97.3,block
85.0,43.0,0.94,4.43,5.37,1,idle,94.7,idle
16.0,73.0,0.42,6.54,6.96,0,move_right,93.1,move_right
37.0,70.0,0.19,4.22,4.41,3,idle,94.6,idle
28.0,88.0,0.68,5.01,5.69,0,kick,94.3,jump
43.0,43.0,0.5,6.91,7.41,2,kick,94.3,block
22.0,34.0,1.51,7.99,9.5,1,special,91.6,idle
37.0,37.0,0.83,7.66,8.49,1,move_right,91.7,idle
28.0,76.0,0.23,9.65,9.42,0,kick,91.9,block
52.0,52.0,0.72,6.8,7.52,3,move_right,93.8,idle
55.0,64.0,0.68,6.59,7.27,0,move_left,93.4,punch
34.0,67.0,0.13,7.94,8.07,3,special,94.0,block
61.0,91.0,0.45,5.97,6.42,0,special,92.0,block
37.0,73.0,0.98,5.18,6.16,2,punch,95.2,block
52.0,49.0,1.99,5.22,7.21,0,move_right,94.3,idle
79.0,55.0,0.32,5.99,6.3,0,move_left,91.4,special
25.0,10.0,1.42,5.21,6.64,3,jump,90.7,idle
85.0,82.0,1.39,7.71,9.1,1,idle,94.1,idle
25.0,64.0,1.22,7.31,8.53,2,punch,92.7,idle
100.0,100.0,5.16,1.12,6.28,0,kick,98.9,move_right
49.0,82.0,1.09,6.77,7.87,2,special,96.1,block
7.0,55.0,0.14,6.91,7.04,0,jump,89.1,move_right
79.0,61.0,1.63,6.83,8.46,3,move_right,94.0,idle
100.0,100.0,6.04,2.19,8.23,1,punch,98.2,idle
40.0,37.0,0.13,5.47,5.59,0,punch,92.0,jump
37.0,70.0,0.99,4.37,5.36,2,move_right,95.5,idle
67.0,25.0,0.08,8.42,8.5,2,move_right,91.6,kick
16.0,43.0,1.21,8.49,9.7,1,special,89.0,idle
64.0,88.0,0.94,3.25,4.18,3,special,97.1,block
100.0,100.0,2.63,4.29,6.92,0,kick,97.4,jump
28.0,37.0,0.9,6.34,7.24,1,special,91.8,block
19.0,67.0,0.76,7.9,8.66,0,move_right,93.4,move_right
73.0,82.0,1.03,5.65,6.68,3,special,96.1,block
31.0,67.0,0.18,5.84,5.66,0,kick,94.9,block
28.0,73.0,1.29,6.38,7.67,2,punch,93.9,kick
58.0,76.0,0.28,3.68,3.96,0,idle,94.6,jump
100.0,100.0,4.06,5.48,9.53,0,jump,98.0,move_right
4.0,4.0,1.22,6.79,5.57,2,punch,89.7,idle
100.0,100.0,3.64,3.74,7.38,0,move_left,97.6,move_right
100.0,100.0,1.69,5.38,7.07,0,kick,98.4,jump
100.0,100.0,7.64,2.36,10.0,0,jump,97.3,move_right
88.0,76.0,0.17,4.26,4.43,1,jump,95.0,idle
100.0,76.0,1.51,4.75,6.26,3,jump,95.3,idle
40.0,70.0,0.82,6.58,5.77,0,punch,92.9,jump
100.0,100.0,1.84,7.29,9.13,0,punch,95.8,move_right
40.0,61.0,1.7,6.75,8.45,0,special,92.3,move_right
79.0,67.0,0.49,7.71,8.2,1,kick,93.3,block
82.0,64.0,1.28,5.71,6.99,3,move_left,95.8,idle
37.0,73.0,0.53,6.77,7.3,0,idle,92.7,kick
100.0,100.0,4.56,2.32,6.88,0,special,98.5,move_right
49.0,49.0,0.48,8.32,8.8,3,idle,92.3,idle
34.0,40.0,1.19,4.59,5.78,0,move_right,93.5,punch
52.0,49.0,2.19,4.95,7.14,2,move_right,92.5,idle
10.0,73.0,0.13,9.06,9.19,0,kick,93.6,block
100.0,100.0,1.3,5.99,7.29,0,move_left,95.7,jump
61.0,58.0,0.94,8.54,7.6,3,move_left,93.2,idle
25.0,37.0,0.44,8.66,9.1,0,punch,88.5,block
100.0,100.0,4.52,3.71,8.23,0,punch,98.2,move_right
94.0,94.0,1.11,4.55,5.65,0,kick,96.2,jump
55.0,73.0,1.26,5.91,7.17,0,punch,95.4,jump
43.0,64.0,0.38,5.71,6.09,0,kick,94.3,block
67.0,58.0,0.55,7.35,7.9,6,move_right,94.6,idle
70.0,88.0,1.29,6.38,7.67,1,idle,94.8,idle
22.0,58.0,0.08,6.91,6.99,0,idle,91.0,move_right
67.0,76.0,1.69,4.32,6.01,0,special,97.3,jump
64.0,58.0,0.14,4.78,4.64,3,idle,92.8,idle
43.0,67.0,0.56,4.56,5.12,1,move_right,94.2,idle
100.0,100.0,1.93,5.03,6.96,0,jump,98.5,idle
10.0,19.0,0.61,7.15,7.76,6,punch,86.2,block
7.0,82.0,0.22,8.88,8.65,0,kick,95.2,block
82.0,76.0,1.02,4.3,5.32,0,move_left,96.5,kick
100.0,100.0,2.41,6.67,9.08,0,idle,95.8,jump
94.0,100.0,1.49,7.76,9.25,0,jump,96.0,punch
16.0,64.0,0.0,10.0,10.0,0,jump,90.0,idle
49.0,55.0,0.69,8.27,8.97,0,move_left,94.9,block
94.0,100.0,1.78,5.89,7.67,0,move_right,97.4,move_right
94.0,94.0,1.5,6.92,8.42,0,idle,96.0,punch
40.0,40.0,1.44,4.0,5.44,0,punch,93.6,block
100.0,100.0,2.35,4.03,6.38,0,jump,97.5,move_right
100.0,82.0,1.58,7.71,9.29,0,move_right,96.0,kick
34.0,49.0,1.18,7.69,8.87,1,idle,91.5,idle
100.0,94.0,1.9,5.14,7.03,1,jump,97.4,idle
43.0,76.0,0.28,8.18,7.9,0,move_left,93.1,block
40.0,55.0,1.14,6.11,7.26,0,punch,90.2,block
100.0,100.0,3.38,3.31,6.69,0,kick,98.6,move_right
100.0,100.0,2.12,6.83,8.95,0,idle,97.9,jump
100.0,100.0,1.53,5.07,6.6,3,idle,96.8,idle
25.0,25.0,1.39,8.61,10.0,1,punch,89.7,idle
37.0,28.0,1.01,4.05,5.06,0,kick,90.5,block
100.0,100.0,1.78,5.51,7.3,0,punch,97.3,move_right
25.0,67.0,0.93,5.37,6.3,1,punch,93.5,block
37.0,37.0,0.64,8.54,7.9,1,kick,91.0,block
100.0,100.0,2.18,5.77,7.95,0,idle,96.7,jump
100.0,91.0,2.48,5.69,8.17,0,punch,96.6,move_right
40.0,79.0,0.87,5.87,6.74,1,punch,92.4,block
100.0,100.0,4.2,4.0,8.2,0,punch,97.5,move_right
82.0,79.0,1.46,5.93,7.39,0,block,95.1,block
34.0,64.0,0.88,7.69,8.57,0,move_left,92.2,kick
76.0,79.0,1.17,7.18,8.35,3,special,94.9,block
58.0,67.0,1.86,5.5,7.36,0,move_right,91.8,move_right
19.0,73.0,0.66,7.26,7.92,0,punch,91.3,block
100.0,100.0,2.39,6.86,9.25,0,kick,96.8,jump
13.0,13.0,1.64,4.48,2.84,3,kick,88.2,idle
58.0,85.0,1.17,5.27,6.44,0,special,94.6,block
13.0,25.0,1.06,3.56,4.62,2,kick,92.4,block
82.0,100.0,1.35,7.64,8.99,1,special,96.2,idle
94.0,85.0,1.74,7.88,9.62,0,kick,95.6,kick
100.0,100.0,1.7,6.02,7.72,0,idle,98.0,move_right
100.0,100.0,9.49,0.51,10.0,0,idle,99.0,move_right
46.0,37.0,0.9,6.34,7.24,2,move_left,91.9,idle
16.0,37.0,1.44,6.71,8.16,3,kick,88.0,idle
67.0,70.0,0.98,7.71,8.69,1,kick,94.5,block
58.0,55.0,0.67,8.23,8.91,3,block,94.6,idle
19.0,55.0,0.26,6.53,6.79,0,punch,92.8,block
52.0,70.0,0.45,7.64,7.19,0,jump,91.8,kick
28.0,73.0,0.21,5.31,5.1,0,jump,92.2,move_left
4.0,67.0,0.16,8.94,9.1,0,kick,92.3,block
10.0,28.0,1.08,7.34,8.42,0,punch,90.9,block
49.0,67.0,1.33,6.5,7.83,1,special,95.4,idle
28.0,43.0,0.19,5.82,6.01,0,idle,91.9,punch
91.0,91.0,1.52,4.07,5.59,0,punch,96.2,punch
37.0,55.0,0.55,5.87,6.42,1,idle,89.1,idle
76.0,100.0,1.58,5.97,7.54,1,punch,96.4,idle
100.0,91.0,1.82,6.71,8.53,0,move_right,96.2,move_right
28.0,10.0,1.45,8.25,9.7,6,idle,88.4,idle
49.0,61.0,1.09,6.28,7.37,1,idle,95.3,idle
100.0,94.0,1.74,7.62,9.35,0,move_left,94.9,move_right
13.0,67.0,0.78,6.58,7.36,0,jump,92.5,move_right
100.0,100.0,1.32,6.6,7.92,0,move_left,97.6,punch
100.0,100.0,4.1,3.5,7.6,0,idle,98.0,move_right
100.0,100.0,2.65,3.73,6.38,0,move_right,97.7,jump
100.0,100.0,1.23,7.57,8.8,2,move_left,95.5,idle
100.0,85.0,1.54,8.19,9.73,0,punch,94.7,punch
100.0,100.0,4.02,4.29,8.31,0,block,96.9,jump
34.0,76.0,1.53,8.47,10.0,2,move_right,89.8,idle
64.0,79.0,0.29,8.06,8.35,2,punch,93.3,block
91.0,94.0,1.17,6.39,7.57,2,kick,96.5,block
100.0,100.0,6.24,2.22,8.45,0,move_left,98.2,jump
28.0,73.0,1.09,5.82,6.91,3,jump,94.6,idle
94.0,85.0,2.11,7.14,9.25,2,move_right,96.5,idle
31.0,46.0,1.03,7.07,8.11,0,block,91.5,block
100.0,100.0,6.69,2.64,9.33,0,idle,99.0,move_right
88.0,100.0,1.02,7.85,8.87,0,jump,97.4,kick
100.0,100.0,3.69,5.34,9.03,0,move_left,98.0,move_right
100.0,94.0,1.1,5.71,6.81,3,move_left,98.3,idle
31.0,43.0,1.33,6.8,8.13,1,move_right,93.3,idle
82.0,100.0,0.63,4.72,5.35,1,kick,97.8,block
4.0,94.0,0.16,4.75,4.91,0,kick,93.7,block
100.0,100.0,3.07,2.22,5.29,0,move_left,98.4,move_right
94.0,100.0,0.08,4.97,5.05,0,idle,98.6,kick
58.0,94.0,1.32,7.0,8.32,0,move_left,94.3,jump
100.0,100.0,4.15,3.4,7.55,0,jump,98.0,special
52.0,7.0,1.25,8.45,9.7,0,idle,91.2,special
79.0,64.0,0.08,5.12,5.2,1,punch,96.7,block
31.0,43.0,1.44,6.41,7.86,3,kick,89.0,idle
100.0,94.0,1.3,5.14,6.43,2,move_left,97.9,idle
16.0,73.0,0.11,7.96,7.84,2,idle,92.2,idle
76.0,76.0,1.56,5.2,6.76,2,block,93.4,idle
100.0,100.0,2.22,6.29,8.51,0,special,97.0,move_right
100.0,100.0,5.69,3.98,9.67,0,idle,99.0,kick
55.0,70.0,0.92,7.73,8.65,0,punch,93.5,block
28.0,73.0,1.09,5.82,6.91,4,idle,94.7,idle
100.0,100.0,1.36,3.55,4.91,0,jump,98.1,punch
91.0,100.0,1.35,8.65,10.0,0,move_right,94.9,kick
49.0,58.0,0.44,4.78,4.34,0,move_right,91.9,punch
31.0,52.0,1.32,6.1,7.42,2,jump,91.8,idle
100.0,100.0,6.56,2.57,9.13,0,jump,98.9,move_right
55.0,64.0,0.98,6.59,7.57,0,block,93.5,block
82.0,88.0,1.46,7.07,8.53,2,idle,95.8,idle
1.0,73.0,0.12,5.02,5.14,0,punch,93.7,jump
100.0,100.0,5.07,4.83,9.9,0,idle,99.0,move_right
73.0,67.0,0.76,3.86,4.62,0,block,96.4,punch
94.0,88.0,0.82,6.32,7.14,2,move_left,93.8,idle
82.0,94.0,1.04,8.66,9.7,6,punch,92.7,block
100.0,100.0,4.32,3.92,8.24,0,move_left,98.5,move_right
100.0,100.0,4.14,4.94,9.08,0,idle,98.4,move_right
1.0,55.0,0.3,10.0,9.7,0,move_left,89.4,move_right
22.0,64.0,0.49,4.22,4.71,3,kick,94.1,block
100.0,100.0,2.0,5.72,7.72,0,jump,98.1,move_right
52.0,58.0,1.51,6.79,8.3,3,kick,95.1,idle
100.0,82.0,1.88,5.11,6.99,1,idle,96.8,idle
34.0,37.0,1.13,5.2,6.34,4,move_right,92.4,idle
94.0,91.0,1.76,2.95,4.71,0,idle,98.1,jump
88.0,94.0,1.5,4.04,5.54,0,punch,95.8,kick
40.0,16.0,0.1,8.6,8.5,2,jump,89.5,idle
100.0,100.0,4.47,3.09,7.57,0,jump,98.0,jump
100.0,100.0,2.3,6.41,8.71,0,punch,97.3,jump
4.0,67.0,0.14,8.64,8.5,0,block,90.5,move_left
100.0,100.0,1.06,5.05,6.11,5,kick,96.6,block
34.0,52.0,1.37,8.23,9.6,3,move_right,92.2,idle
76.0,94.0,0.83,5.49,6.32,0,move_right,94.9,kick
82.0,94.0,1.34,8.66,10.0,0,kick,93.0,jump
43.0,82.0,1.09,6.77,7.87,3,punch,95.9,punch
25.0,70.0,1.09,8.27,9.37,0,move_right,94.5,move_right
79.0,85.0,1.4,8.6,10.0,0,idle,94.0,kick
58.0,7.0,0.68,8.72,9.4,1,special,90.7,block
43.0,58.0,0.68,5.71,6.39,2,move_left,92.9,idle
100.0,100.0,1.33,4.5,5.83,1,move_right,97.8,idle
70.0,85.0,1.02,5.78,6.8,3,jump,97.1,idle
1.0,64.0,0.39,7.28,7.67,0,move_right,92.7,move_right
100.0,100.0,3.52,3.92,7.44,0,jump,97.5,move_right
49.0,73.0,1.33,8.16,9.49,3,punch,95.1,idle
82.0,88.0,1.56,5.46,7.02,0,move_right,95.0,kick
100.0,100.0,3.64,5.49,9.13,0,idle,96.4,move_right
40.0,85.0,1.23,5.15,6.38,0,idle,95.0,block
49.0,67.0,0.48,6.14,5.66,2,punch,95.2,block
94.0,85.0,1.08,7.04,8.12,3,idle,95.4,idle
16.0,61.0,0.46,8.18,8.63,0,move_right,90.0,move_right
10.0,28.0,1.38,7.34,8.72,0,move_right,90.4,kick
28.0,61.0,1.36,7.88,9.23,0,special,92.9,block
100.0,91.0,1.99,5.54,7.54,0,idle,97.3,move_right
31.0,43.0,0.14,8.66,8.8,0,move_left,90.1,kick
100.0,100.0,3.68,4.27,7.95,0,block,97.4,move_right
73.0,10.0,0.29,5.55,5.26,3,move_left,90.0,kick
67.0,88.0,0.14,8.66,8.8,0,special,93.0,jump
79.0,73.0,1.32,8.2,9.52,0,punch,94.4,block
28.0,61.0,0.14,9.08,8.93,0,jump,92.3,move_left
100.0,100.0,6.68,1.57,8.25,0,idle,99.0,jump
37.0,73.0,0.53,6.77,7.3,2,move_left,92.9,idle
100.0,100.0,7.18,1.0,8.18,0,move_left,98.8,move_right
100.0,100.0,1.59,6.3,7.89,3,idle,98.0,idle
100.0,100.0,3.89,5.81,9.7,0,move_right,96.5,block
100.0,100.0,1.96,6.12,8.08,2,move_left,97.1,idle
34.0,28.0,1.67,7.32,9.0,1,move_right,91.5,idle
58.0,82.0,0.12,3.94,3.82,2,kick,96.6,block
73.0,70.0,1.3,7.6,8.9,2,idle,94.1,idle
61.0,37.0,1.72,4.91,6.64,0,jump,94.0,jump
46.0,82.0,0.15,4.17,4.02,0,jump,95.6,kick
4.0,82.0,0.25,6.65,6.4,0,punch,93.5,block
100.0,100.0,2.16,4.3,6.46,0,move_left,97.0,jump
25.0,61.0,0.82,6.58,5.77,3,kick,92.6,block
100.0,100.0,8.29,1.71,10.0,0,idle,98.6,jump
100.0,100.0,3.08,5.58,8.65,0,move_right,98.6,jump
10.0,25.0,0.97,8.43,9.4,0,jump,88.8,kick
94.0,67.0,1.88,8.12,10.0,0,move_right,93.7,move_right
40.0,67.0,0.93,5.37,6.3,3,move_left,94.7,idle
40.0,40.0,1.74,4.0,5.74,1,special,93.2,idle
88.0,82.0,1.42,7.13,8.56,3,punch,95.0,idle
22.0,31.0,1.27,8.13,9.4,4,idle,92.1,jump
40.0,67.0,1.76,3.55,5.31,0,jump,95.6,move_right
4.0,4.0,0.42,8.5,8.92,0,jump,86.6,special
100.0,100.0,4.59,3.4,7.99,0,kick,98.3,move_right
25.0,37.0,0.52,6.62,7.14,0,kick,90.3,block
100.0,100.0,6.82,1.82,8.64,0,jump,98.9,jump
31.0,61.0,1.02,6.1,7.12,1,idle,92.1,idle
94.0,82.0,1.3,6.04,7.33,3,move_left,95.0,idle
100.0,100.0,1.28,7.27,8.55,0,move_left,95.1,kick
100.0,100.0,2.64,4.61,7.26,0,kick,98.2,move_right
76.0,91.0,1.56,4.9,6.46,2,move_right,94.6,idle
100.0,100.0,1.93,5.03,6.96,2,idle,98.7,idle
37.0,70.0,0.19,4.22,4.41,1,punch,94.4,block
76.0,88.0,1.86,5.32,7.18,3,move_right,95.8,idle
100.0,100.0,4.87,5.13,10.0,0,kick,97.8,jump
70.0,94.0,1.47,6.39,7.87,0,jump,95.5,punch
100.0,88.0,0.79,6.28,7.07,0,move_left,96.7,block
82.0,55.0,1.58,4.2,5.78,3,punch,95.6,idle
13.0,79.0,1.35,6.81,8.15,2,special,93.1,idle
100.0,100.0,7.21,1.95,9.16,0,idle,98.5,move_right
40.0,61.0,0.52,6.62,7.14,0,move_left,91.4,special
67.0,73.0,0.23,7.07,7.3,2,move_left,94.1,special
25.0,91.0,0.22,8.82,9.05,0,punch,92.6,kick
52.0,76.0,0.15,3.87,3.72,1,move_left,96.8,idle
82.0,94.0,1.63,5.77,7.39,0,move_right,97.4,jump
100.0,91.0,1.58,6.89,8.47,6,move_right,96.0,idle
79.0,91.0,0.59,7.76,8.35,0,special,94.8,block
43.0,43.0,0.2,6.91,7.11,0,move_left,94.1,kick
1.0,58.0,0.15,8.65,8.5,0,move_left,89.4,move_left
58.0,76.0,1.4,6.31,7.71,0,kick,92.3,block
61.0,37.0,0.82,4.91,5.74,2,punch,94.7,block
46.0,94.0,0.42,5.69,6.12,1,punch,94.6,block
100.0,100.0,3.34,6.3,9.63,0,move_right,96.7,move_right
100.0,100.0,1.64,6.61,8.24,0,kick,95.7,move_right
85.0,100.0,1.53,5.67,7.2,0,jump,95.3,punch
100.0,100.0,5.0,2.9,7.9,0,idle,98.5,jump
100.0,100.0,1.2,4.34,5.54,0,move_left,97.5,punch
94.0,100.0,1.77,7.18,8.95,3,move_right,96.2,idle
52.0,91.0,1.12,7.32,8.45,0,kick,93.9,block
100.0,94.0,1.74,6.6,8.34,0,kick,96.7,move_right
100.0,100.0,6.69,1.9,8.59,0,move_left,98.8,move_right
100.0,100.0,1.15,6.01,7.16,0,move_left,97.4,block
55.0,67.0,1.32,5.5,6.82,0,punch,94.5,block
34.0,55.0,0.7,8.7,9.4,0,punch,91.2,jump
76.0,76.0,0.75,8.65,9.4,1,move_left,93.5,idle
100.0,100.0,9.12,0.14,9.25,0,idle,99.0,move_right
22.0,61.0,0.3,9.4,9.7,0,jump,89.8,move_right
79.0,61.0,1.03,6.83,7.86,2,jump,94.3,idle
100.0,94.0,1.62,6.8,8.42,3,move_right,96.2,idle
100.0,100.0,1.48,7.6,9.08,0,idle,96.2,punch
4.0,82.0,0.4,7.7,7.29,0,move_left,94.4,move_left
94.0,100.0,1.45,3.47,4.92,2,punch,97.0,idle
64.0,85.0,1.34,7.51,8.84,3,punch,93.1,idle
79.0,55.0,1.48,8.52,10.0,2,move_right,92.1,idle
58.0,76.0,1.56,5.5,7.06,0,idle,92.7,kick
100.0,100.0,4.4,4.35,8.75,0,move_right,97.8,move_right
73.0,82.0,0.42,6.77,7.19,2,block,95.5,idle
100.0,94.0,1.28,4.4,5.68,1,jump,98.3,idle
31.0,16.0,0.1,6.91,6.81,3,move_left,92.5,idle
79.0,100.0,1.32,4.61,5.94,1,punch,95.8,idle
19.0,55.0,0.27,6.88,7.15,3,move_right,90.9,idle
49.0,73.0,1.37,7.93,9.3,0,move_right,93.6,punch
37.0,67.0,0.56,4.56,5.12,0,idle,94.0,punch
52.0,70.0,1.03,7.07,8.11,1,special,94.2,block
100.0,73.0,1.62,7.9,9.52,0,move_right,95.1,move_right
16.0,82.0,0.22,4.67,4.45,0,move_left,95.6,move_left
10.0,64.0,0.47,6.34,6.81,0,punch,90.8,block
46.0,73.0,0.42,7.89,8.31,0,punch,89.6,block
100.0,100.0,3.66,4.52,8.18,0,punch,97.5,move_right
76.0,91.0,1.18,5.81,7.0,2,block,95.9,idle
49.0,40.0,1.59,5.88,7.46,0,idle,92.9,punch
46.0,28.0,1.33,8.33,9.66,0,kick,90.8,block
100.0,100.0,2.71,3.25,5.96,0,move_right,97.1,move_right
85.0,82.0,0.38,4.97,5.35,6,jump,97.2,idle
79.0,37.0,0.64,4.43,5.07,3,punch,94.0,block
43.0,46.0,0.83,5.2,6.04,0,punch,94.0,block
100.0,100.0,2.22,4.11,6.33,0,special,98.7,move_right
1.0,4.0,0.68,8.42,9.1,1,move_left,87.9,idle
100.0,100.0,4.58,5.42,10.0,0,move_right,97.4,move_right
100.0,91.0,1.43,4.6,6.04,3,punch,98.1,idle
85.0,43.0,0.38,8.42,8.8,0,idle,92.3,kick
10.0,34.0,0.29,8.81,9.1,3,jump,90.2,idle
100.0,100.0,2.76,4.31,7.06,0,kick,98.0,jump
85.0,61.0,0.29,5.55,5.26,3,idle,93.0,idle
100.0,100.0,4.59,4.11,8.7,0,jump,98.8,move_right
16.0,61.0,0.14,8.78,8.63,0,idle,90.6,move_left
16.0,28.0,1.08,7.34,8.42,2,punch,91.1,block
100.0,100.0,7.06,2.9,9.96,0,idle,98.8,move_right
100.0,100.0,4.28,3.87,8.14,6,punch,98.0,idle
100.0,100.0,1.83,5.52,7.35,0,idle,97.0,move_right
28.0,40.0,0.3,8.5,8.2,3,move_left,90.6,idle
85.0,100.0,1.53,5.67,7.2,3,kick,95.2,idle
7.0,40.0,0.05,5.87,5.82,0,special,86.5,jump
100.0,100.0,1.09,7.66,8.74,0,move_left,96.4,kick
82.0,67.0,1.1,7.31,8.41,3,idle,94.8,idle
100.0,100.0,1.62,7.29,8.91,0,kick,95.5,jump
100.0,100.0,2.48,5.55,8.03,0,punch,97.8,jump
40.0,52.0,0.36,5.81,6.16,0,kick,92.7,jump
79.0,52.0,0.99,6.6,7.59,3,idle,95.0,idle
58.0,73.0,1.34,7.36,8.7,4,punch,96.5,idle
40.0,76.0,1.02,7.18,8.2,2,move_right,92.3,idle
82.0,88.0,1.42,6.32,7.74,3,idle,95.5,idle
100.0,76.0,1.3,7.22,8.52,1,kick,94.5,idle
100.0,100.0,2.84,6.86,9.7,1,idle,97.6,idle
76.0,85.0,1.51,7.93,9.43,1,kick,95.7,idle
64.0,94.0,1.28,7.08,8.35,0,move_right,97.3,kick
100.0,100.0,1.4,8.0,9.4,0,kick,96.5,jump
61.0,67.0,1.06,6.42,7.48,3,jump,93.3,idle
4.0,70.0,0.19,8.09,7.9,0,block,92.4,move_left
4.0,55.0,0.01,4.77,4.76,0,punch,92.4,jump
100.0,100.0,7.77,0.39,8.17,0,idle,99.0,move_right
31.0,64.0,0.52,5.16,5.68,0,move_left,94.4,punch
82.0,94.0,0.63,5.37,6.0,0,special,96.4,block
76.0,100.0,2.14,5.54,7.68,0,punch,95.7,move_right
100.0,100.0,3.72,4.7,8.42,0,block,97.9,move_right
52.0,94.0,1.45,5.23,6.68,3,move_right,94.2,idle
52.0,76.0,1.46,6.07,7.54,3,kick,94.8,idle
76.0,88.0,1.72,6.32,8.04,0,move_right,95.2,jump
100.0,100.0,2.77,5.45,8.22,0,jump,97.9,move_right
79.0,70.0,0.47,4.26,4.73,2,kick,94.7,punch
100.0,100.0,2.74,5.88,8.62,0,move_right,98.4,move_right
55.0,67.0,1.62,5.2,6.82,0,punch,94.6,move_right
58.0,64.0,1.31,6.56,7.88,3,jump,93.1,idle
49.0,34.0,1.59,5.88,7.46,3,jump,92.8,idle
19.0,67.0,0.16,8.8,8.96,0,jump,93.0,move_right
94.0,82.0,1.35,3.87,5.22,4,idle,98.1,idle
25.0,64.0,0.55,6.61,7.16,0,idle,94.2,move_right
85.0,100.0,1.83,5.67,7.5,0,move_right,95.6,move_right
100.0,100.0,4.56,2.51,7.06,0,kick,98.7,jump
94.0,100.0,1.33,5.05,6.38,0,jump,98.5,special
22.0,73.0,0.91,6.54,7.45,0,move_right,93.3,move_right
100.0,100.0,4.51,1.15,5.66,0,special,98.7,move_right
16.0,64.0,0.72,8.49,9.21,0,idle,87.9,move_right
100.0,100.0,6.42,2.49,8.91,0,block,97.5,move_right
91.0,100.0,1.51,6.54,8.05,0,move_left,96.5,jump
4.0,82.0,0.08,8.52,8.45,0,punch,90.7,block
100.0,94.0,1.42,5.72,7.14,3,jump,95.1,idle
40.0,61.0,1.7,7.05,8.75,3,kick,91.8,idle
100.0,100.0,5.54,2.71,8.24,3,punch,97.8,idle
64.0,61.0,0.69,6.7,7.39,5,jump,92.1,idle
100.0,94.0,1.42,6.02,7.44,3,move_right,94.5,idle
52.0,88.0,1.58,4.71,6.29,2,punch,95.6,idle
31.0,85.0,0.26,8.28,8.02,0,move_left,93.8,kick
16.0,58.0,0.6,9.7,9.1,0,move_left,88.0,move_left
79.0,76.0,1.55,8.45,10.0,3,jump,95.2,idle
100.0,100.0,4.39,5.61,10.0,0,jump,96.9,move_right
16.0,22.0,0.45,3.87,4.32,0,punch,92.6,block
91.0,88.0,1.57,4.02,5.59,3,jump,96.5,idle
94.0,70.0,1.28,7.05,8.33,2,idle,95.0,idle
13.0,37.0,0.44,8.66,9.1,0,punch,88.1,block
100.0,100.0,3.62,5.04,8.66,0,punch,95.3,jump
64.0,73.0,0.57,8.47,7.9,0,punch,92.1,block
61.0,82.0,0.38,4.97,5.35,3,special,96.9,block
100.0,100.0,2.66,6.17,8.83,0,kick,96.9,move_right
70.0,61.0,1.7,6.01,7.71,3,move_right,96.1,idle
100.0,100.0,4.48,0.98,5.46,0,jump,98.9,move_right
76.0,82.0,1.53,8.47,10.0,0,idle,92.6,jump
1.0,49.0,1.35,2.67,1.32,4,move_left,91.2,idle
85.0,67.0,0.41,3.45,3.86,0,move_right,94.9,kick
4.0,7.0,1.19,5.19,6.38,5,idle,91.5,idle
100.0,100.0,5.07,1.97,7.04,0,move_right,97.9,jump
100.0,88.0,1.48,7.89,9.37,2,move_right,93.5,idle
10.0,40.0,0.15,8.11,8.26,0,jump,90.1,kick
100.0,100.0,1.69,7.36,9.04,0,idle,96.6,jump
100.0,100.0,5.37,4.14,9.51,0,punch,97.0,block
100.0,100.0,4.29,3.68,7.97,0,block,97.4,move_right
25.0,61.0,1.4,7.31,8.71,0,idle,93.1,move_right
100.0,91.0,0.99,8.34,9.33,2,move_left,95.4,idle
100.0,100.0,1.86,6.22,8.08,0,kick,97.3,special
34.0,58.0,1.61,8.06,9.68,0,idle,90.0,move_right
100.0,100.0,6.12,2.87,8.99,0,move_right,98.7,move_right
79.0,88.0,1.2,6.92,8.12,0,punch,95.5,jump
4.0,19.0,1.33,6.8,8.13,2,idle,91.9,idle
100.0,100.0,7.32,1.49,8.82,0,idle,98.9,move_right
67.0,76.0,1.69,4.32,6.01,1,move_right,97.4,idle
49.0,76.0,0.78,6.58,7.36,3,jump,93.4,idle
58.0,67.0,1.56,5.8,7.36,0,kick,91.7,punch
100.0,100.0,2.11,4.79,6.9,0,punch,96.4,move_right
100.0,91.0,1.44,7.01,8.44,1,move_right,96.9,idle
100.0,94.0,1.09,6.28,7.37,0,punch,97.5,block
10.0,7.0,0.39,6.18,6.56,1,move_left,87.3,idle
100.0,100.0,6.88,1.3,8.18,0,kick,98.7,move_right
100.0,100.0,2.36,7.34,9.7,0,punch,96.0,move_right
46.0,55.0,1.32,8.15,9.47,4,punch,95.8,idle
4.0,70.0,0.19,7.49,7.3,0,move_left,92.2,move_left
88.0,100.0,1.6,5.99,7.59,1,jump,94.9,idle
85.0,79.0,1.39,6.28,7.67,0,move_right,95.9,special
25.0,16.0,1.12,5.21,6.34,0,special,90.9,block
64.0,73.0,0.12,4.91,5.04,1,jump,93.8,idle
28.0,13.0,1.22,7.09,5.87,3,idle,90.4,idle
100.0,100.0,3.16,4.91,8.07,0,jump,96.3,move_right
13.0,25.0,1.06,3.56,4.62,3,jump,92.5,idle
100.0,100.0,2.38,6.4,8.77,0,jump,98.3,move_right
100.0,100.0,1.32,5.61,6.93,0,jump,98.1,move_left
82.0,85.0,1.78,7.9,9.68,0,move_right,94.9,move_right
46.0,61.0,1.06,7.88,8.93,1,kick,93.2,block
100.0,91.0,1.16,8.54,9.7,2,move_left,95.8,idle
73.0,94.0,1.52,6.84,8.36,1,move_right,93.1,idle
28.0,49.0,0.86,8.54,9.4,0,kick,93.5,block
100.0,100.0,3.32,4.14,7.46,5,kick,96.1,idle
100.0,100.0,2.44,7.2,9.63,0,punch,96.1,move_right
82.0,76.0,0.43,6.07,6.49,2,move_right,95.5,idle
76.0,100.0,0.56,6.07,6.64,1,jump,96.8,idle
100.0,100.0,4.07,4.92,9.0,0,kick,98.0,jump
100.0,100.0,0.69,7.07,7.77,1,move_left,97.8,idle
100.0,67.0,0.41,3.45,3.86,2,punch,96.0,block
100.0,100.0,4.01,2.36,6.38,2,move_right,98.3,idle
100.0,100.0,4.91,1.46,6.38,0,move_right,98.9,move_right
100.0,100.0,1.43,7.06,8.49,1,block,97.0,idle
100.0,100.0,4.96,2.63,7.6,0,move_left,97.9,move_right
25.0,49.0,0.54,5.62,5.08,1,punch,91.1,block
67.0,70.0,1.5,3.74,5.24,0,block,94.0,punch
82.0,67.0,1.42,4.61,6.04,3,kick,98.2,idle
46.0,61.0,1.36,7.88,9.23,0,punch,93.0,jump
40.0,61.0,0.84,6.11,6.96,0,move_left,90.8,punch
100.0,100.0,3.9,4.1,8.0,0,move_left,98.2,jump
61.0,76.0,1.39,4.62,6.01,0,idle,96.6,kick
22.0,52.0,0.29,7.16,7.45,0,move_right,90.5,move_right
76.0,85.0,0.76,4.78,5.54,0,move_left,94.3,kick
64.0,73.0,1.19,4.29,5.48,5,punch,95.6,block
100.0,85.0,1.23,4.65,5.88,3,move_left,96.1,idle
100.0,100.0,4.83,1.47,6.3,0,move_left,98.9,move_right
28.0,49.0,1.77,8.47,6.7,0,block,89.9,move_left
61.0,67.0,1.99,4.02,6.01,0,punch,95.7,move_right
25.0,70.0,0.11,8.87,8.77,0,move_left,94.3,move_left
46.0,64.0,0.74,7.13,6.4,2,move_left,90.8,idle
100.0,82.0,1.78,4.04,5.82,1,move_right,97.0,idle
25.0,43.0,1.04,7.13,6.1,0,jump,88.9,special
100.0,100.0,1.33,6.28,7.61,0,idle,97.4,block
1.0,46.0,0.3,5.24,4.94,0,kick,87.4,jump
73.0,73.0,1.21,8.19,9.4,0,kick,93.3,block
73.0,91.0,1.4,5.41,6.81,1,special,94.1,idle
10.0,55.0,0.11,6.04,5.94,0,jump,92.2,move_left
37.0,55.0,1.81,6.85,8.66,0,move_right,88.3,move_right
100.0,100.0,3.45,4.11,7.55,0,punch,98.0,move_right
28.0,55.0,0.59,4.77,5.36,1,move_left,94.1,idle
100.0,73.0,2.82,6.7,9.52,1,move_right,95.8,idle
43.0,43.0,1.01,4.05,5.06,0,punch,91.7,block
85.0,67.0,0.11,3.45,3.56,0,move_left,95.5,block
37.0,61.0,1.4,8.6,10.0,2,punch,92.2,idle
85.0,100.0,0.54,8.56,9.1,0,punch,95.5,block
88.0,94.0,1.15,5.17,6.32,4,punch,97.8,block
61.0,49.0,0.46,3.86,4.32,1,jump,94.9,idle
7.0,25.0,0.38,7.43,7.06,2,kick,90.5,block
88.0,67.0,1.78,7.6,9.37,1,move_right,96.7,idle
100.0,100.0,2.73,6.37,9.1,0,kick,97.7,kick
100.0,91.0,1.85,5.15,7.0,1,punch,96.6,idle
73.0,58.0,0.69,4.95,5.64,3,move_left,93.8,idle
64.0,73.0,0.58,7.69,8.27,3,idle,93.3,idle
58.0,49.0,0.92,8.48,9.4,0,idle,91.1,punch
79.0,100.0,0.72,7.48,8.2,1,move_left,94.7,idle
52.0,34.0,2.0,7.52,9.52,0,punch,93.2,jump
100.0,100.0,3.3,6.7,10.0,0,idle,96.6,move_right
100.0,100.0,2.36,5.03,7.39,0,block,97.7,jump
40.0,61.0,1.14,6.11,7.26,0,kick,90.9,block
70.0,100.0,1.04,5.19,6.22,1,punch,96.5,block
100.0,100.0,1.84,7.68,9.52,0,jump,97.4,kick
100.0,100.0,6.16,2.2,8.36,0,jump,98.6,move_right
100.0,100.0,4.92,3.62,8.54,0,idle,99.0,jump
40.0,34.0,1.44,4.3,5.74,6,idle,92.4,idle
64.0,85.0,0.29,8.06,8.35,0,kick,93.6,jump
100.0,100.0,1.72,5.64,7.36,0,kick,96.7,move_right
91.0,79.0,1.31,5.96,7.28,0,punch,94.9,block
100.0,100.0,2.4,7.6,10.0,0,kick,96.1,move_right
100.0,100.0,2.77,6.63,9.4,0,idle,97.0,move_right
100.0,100.0,4.01,4.79,8.8,1,punch,98.7,idle
34.0,64.0,1.57,7.17,8.74,2,move_right,94.1,idle
67.0,43.0,1.34,5.53,6.87,4,special,94.6,idle
19.0,73.0,0.51,5.61,5.1,0,move_left,91.5,move_left
85.0,67.0,0.11,3.45,3.56,0,jump,95.4,jump
22.0,22.0,0.82,5.42,4.6,5,move_left,94.5,idle
100.0,88.0,1.14,6.9,8.04,0,move_right,95.7,block
100.0,94.0,1.3,8.7,10.0,0,punch,94.8,block
13.0,25.0,0.11,6.44,6.34,3,move_left,90.5,special
64.0,49.0,0.43,4.56,4.13,3,punch,93.8,block
100.0,100.0,3.36,3.1,6.46,0,block,98.8,move_right
22.0,55.0,0.37,7.67,7.3,1,punch,90.6,block
1.0,61.0,0.26,4.87,5.13,0,move_right,93.1,move_right
7.0,58.0,0.26,8.87,9.13,5,kick,88.3,block
64.0,49.0,1.22,8.48,9.7,2,block,91.7,idle
100.0,100.0,1.29,8.34,9.63,1,move_left,95.7,idle
1.0,25.0,0.95,8.45,9.4,0,move_right,91.3,kick
100.0,100.0,3.72,3.68,7.4,0,idle,99.0,move_right
28.0,73.0,1.28,8.42,9.7,0,punch,93.9,block
34.0,70.0,1.17,5.87,7.04,2,move_left,91.9,idle
100.0,100.0,4.18,1.28,5.46,0,idle,98.7,move_right
61.0,64.0,1.74,3.4,5.14,4,move_right,95.9,idle
25.0,85.0,0.26,8.28,8.02,0,move_left,93.4,move_left
100.0,100.0,1.53,5.07,6.6,3,jump,97.2,block
100.0,91.0,0.82,7.32,8.15,0,block,95.2,punch
100.0,100.0,4.8,1.81,6.6,0,idle,98.0,block
1.0,73.0,0.0,10.0,10.0,0,idle,92.2,kick
70.0,85.0,1.48,8.2,9.68,0,punch,94.4,jump
10.0,46.0,0.6,5.24,4.64,0,special,88.1,block
43.0,52.0,0.45,3.87,3.42,4,punch,95.8,block
28.0,67.0,0.45,5.67,6.12,1,idle,89.9,idle
100.0,100.0,6.67,2.48,9.15,0,idle,99.0,move_right
25.0,31.0,1.99,8.01,10.0,2,block,90.6,idle
64.0,40.0,1.18,8.5,9.67,2,punch,93.5,block
76.0,100.0,1.06,4.87,5.93,0,kick,98.5,block
43.0,46.0,0.06,7.01,6.94,3,move_left,93.9,idle
100.0,100.0,2.32,5.42,7.74,0,move_right,96.1,jump
76.0,85.0,1.56,7.12,8.68,0,idle,94.4,kick
100.0,100.0,4.12,2.93,7.06,0,move_right,98.6,move_right
100.0,100.0,2.64,5.51,8.14,0,punch,98.3,move_right
100.0,100.0,1.53,3.75,5.28,0,kick,97.1,punch
34.0,94.0,1.45,5.23,6.68,1,idle,94.0,idle
100.0,100.0,2.9,4.52,7.42,0,punch,98.7,move_right
55.0,82.0,1.23,8.47,9.7,2,jump,91.7,idle
64.0,82.0,1.55,5.75,7.3,0,move_right,95.2,block
31.0,67.0,0.93,5.37,6.3,1,punch,93.9,block
100.0,100.0,2.52,3.81,6.33,0,punch,98.8,move_right
100.0,100.0,3.81,5.47,9.27,0,idle,96.7,move_right
13.0,25.0,1.5,6.34,7.84,0,kick,90.6,block
40.0,46.0,0.44,7.67,8.11,1,jump,91.8,idle
34.0,67.0,1.67,7.93,9.6,0,move_right,92.8,move_right
61.0,22.0,0.64,4.43,5.07,2,move_left,92.8,idle
34.0,40.0,0.66,5.91,6.57,3,move_left,93.3,idle
46.0,76.0,1.17,6.69,7.87,1,punch,93.7,block
64.0,82.0,0.72,4.91,5.64,1,kick,94.8,block
94.0,100.0,1.85,7.25,9.1,0,punch,96.6,move_right
91.0,79.0,1.01,5.96,6.98,1,move_left,94.5,idle
28.0,37.0,1.43,7.66,9.09,2,move_left,90.7,idle
43.0,82.0,0.57,5.94,6.51,2,kick,94.6,block
100.0,100.0,3.77,1.86,5.63,2,idle,98.0,idle
64.0,70.0,0.9,8.5,9.4,4,move_right,93.2,idle
79.0,67.0,0.99,4.95,5.94,2,idle,94.8,idle
34.0,55.0,1.35,2.97,1.62,0,idle,93.1,punch
19.0,22.0,0.48,5.21,4.74,2,move_left,90.2,idle
37.0,61.0,1.58,3.97,5.55,5,special,94.3,idle
1.0,31.0,0.73,7.07,7.81,0,move_right,89.1,kick
100.0,100.0,1.36,5.05,6.41,0,kick,96.9,block
100.0,100.0,5.69,3.98,9.67,1,jump,98.7,idle
13.0,79.0,0.09,6.05,5.95,0,punch,92.2,block
73.0,94.0,1.69,4.22,5.91,3,move_right,97.8,idle
100.0,100.0,3.28,5.79,9.07,0,kick,96.2,move_right
58.0,46.0,0.14,7.67,7.81,1,move_left,93.1,idle
28.0,25.0,0.98,8.72,9.7,0,punch,91.7,block
1.0,64.0,0.21,8.18,7.97,0,idle,91.7,move_left
100.0,100.0,3.44,4.96,8.4,0,punch,98.7,move_right
10.0,64.0,0.18,5.61,5.43,3,idle,94.6,idle
10.0,40.0,0.9,8.5,7.6,0,move_left,89.9,kick
76.0,94.0,1.38,6.58,7.96,1,punch,94.9,idle
10.0,67.0,0.63,5.37,6.0,0,move_left,93.2,move_right
52.0,37.0,1.42,5.21,6.64,6,kick,93.5,idle
85.0,70.0,0.02,6.32,6.29,2,move_left,95.5,idle
91.0,76.0,1.28,4.4,5.68,6,kick,97.9,idle
7.0,52.0,0.07,7.63,7.56,0,block,88.6,move_left
22.0,58.0,1.04,8.66,9.7,2,punch,89.2,move_right
43.0,61.0,1.36,8.51,9.87,0,move_right,88.9,punch
28.0,88.0,0.98,5.01,5.99,2,punch,94.5,block
28.0,94.0,0.14,5.35,5.21,0,move_left,94.4,move_left
31.0,61.0,0.86,3.85,4.71,0,block,94.9,kick
49.0,52.0,1.39,6.14,7.54,3,idle,93.8,idle
100.0,100.0,5.12,2.81,7.93,0,punch,98.5,move_right
79.0,85.0,1.45,7.35,8.8,0,block,95.9,special
100.0,76.0,1.51,4.75,6.26,2,idle,95.2,idle
94.0,82.0,1.29,6.81,8.1,5,punch,97.6,idle
100.0,100.0,1.36,7.31,8.67,0,kick,94.6,block
70.0,88.0,1.9,6.32,8.21,1,kick,96.8,idle
55.0,58.0,1.9,6.92,8.81,1,move_right,93.6,idle
100.0,100.0,3.09,4.91,8.0,0,move_right,97.3,move_right
25.0,49.0,0.08,5.48,5.56,1,block,93.7,idle
100.0,100.0,5.86,1.91,7.77,0,block,98.4,move_right
31.0,67.0,0.93,5.37,6.3,2,block,93.6,idle
37.0,67.0,0.95,8.45,9.4,0,move_left,94.5,punch
85.0,70.0,1.56,7.82,9.38,2,jump,92.5,idle
91.0,100.0,1.24,7.98,9.22,2,move_left,96.7,idle
28.0,67.0,0.57,6.27,5.7,3,punch,90.3,block
73.0,58.0,1.59,7.11,8.7,3,jump,95.4,idle
100.0,100.0,3.94,4.89,8.83,0,idle,96.6,move_right
82.0,79.0,1.83,5.7,7.52,0,idle,95.2,move_right
73.0,94.0,0.74,8.66,9.4,4,kick,92.5,block
58.0,85.0,0.68,5.18,5.86,0,jump,96.4,punch
100.0,100.0,3.98,5.61,9.59,0,punch,98.0,move_right
1.0,58.0,0.16,7.29,7.12,0,idle,91.5,move_left
13.0,55.0,0.17,4.41,4.58,0,punch,92.5,block
52.0,88.0,0.58,7.78,7.2,1,move_left,93.0,idle
82.0,85.0,1.3,5.99,7.29,2,punch,94.0,idle
73.0,94.0,1.99,4.22,6.21,1,move_right,97.6,idle
100.0,100.0,3.15,5.24,8.39,5,kick,98.0,idle
100.0,100.0,5.87,0.34,6.21,0,special,98.9,move_right
34.0,28.0,1.37,7.32,8.7,2,move_right,91.6,idle
100.0,100.0,4.89,3.08,7.97,0,punch,97.6,move_right
100.0,100.0,2.62,4.52,7.14,0,move_left,97.3,kick
100.0,100.0,4.81,4.74,9.55,0,move_left,98.9,move_right
82.0,100.0,1.32,7.0,8.32,0,special,95.3,jump
37.0,43.0,1.33,6.8,8.13,0,kick,93.8,block
40.0,61.0,2.3,7.05,9.35,1,move_right,91.6,idle
1.0,85.0,0.26,7.68,7.42,0,jump,92.4,move_left
100.0,100.0,5.08,1.31,6.4,0,idle,99.0,move_right
85.0,82.0,0.38,4.97,5.35,5,idle,97.1,idle
22.0,37.0,1.04,7.67,8.71,0,jump,91.2,punch
94.0,94.0,1.08,7.24,8.32,3,move_left,96.2,idle
100.0,82.0,1.5,5.41,6.9,5,punch,95.9,idle
76.0,88.0,1.9,6.02,7.91,0,move_right,97.5,move_right
43.0,55.0,0.85,5.87,6.72,4,move_left,90.2,idle
100.0,100.0,4.06,4.6,8.66,0,idle,97.5,move_right
100.0,100.0,4.32,5.15,9.47,0,idle,98.9,move_right
73.0,100.0,1.05,6.81,7.85,3,move_left,95.7,idle
73.0,100.0,1.7,5.41,7.11,0,move_right,94.5,jump
100.0,100.0,1.81,6.49,8.3,0,jump,97.9,jump
100.0,100.0,4.22,1.67,5.89,0,jump,97.9,jump
73.0,70.0,0.92,7.73,8.65,0,kick,94.6,jump
100.0,100.0,4.66,2.32,6.97,1,punch,98.0,idle
19.0,37.0,0.64,8.54,7.9,0,idle,90.0,special
100.0,100.0,3.61,4.35,7.96,0,punch,96.9,jump
7.0,28.0,0.03,6.12,6.15,0,move_left,90.6,punch
52.0,85.0,0.66,7.88,7.22,0,special,94.1,jump
100.0,100.0,1.8,7.0,8.8,0,kick,96.2,move_right
49.0,88.0,1.35,6.91,8.26,0,idle,96.0,block
16.0,64.0,0.2,7.1,6.9,0,punch,93.9,block
49.0,7.0,0.08,8.42,8.5,0,move_left,90.4,special
100.0,100.0,3.35,5.15,8.5,0,kick,98.0,move_right
55.0,28.0,1.53,7.2,8.72,0,jump,91.0,punch
61.0,76.0,1.16,6.07,7.24,0,punch,95.3,block
100.0,100.0,6.43,2.62,9.04,0,kick,98.8,move_right
13.0,25.0,1.2,7.1,8.3,1,idle,90.6,idle
37.0,37.0,0.07,8.23,8.31,2,idle,93.4,idle
73.0,79.0,1.82,4.07,5.89,0,move_right,94.9,jump
91.0,76.0,2.41,5.05,7.46,2,move_right,94.3,idle
25.0,64.0,1.57,7.17,8.74,1,kick,94.0,idle
100.0,100.0,7.03,2.02,9.04,0,idle,99.0,move_right
85.0,100.0,1.33,5.05,6.38,0,kick,97.8,block
94.0,91.0,1.33,7.86,9.19,0,kick,97.0,block
46.0,64.0,0.97,7.17,8.14,2,kick,95.5,block
61.0,79.0,0.03,6.27,6.3,1,punch,92.4,block
100.0,100.0,2.1,3.94,6.04,0,kick,97.5,move_right
94.0,100.0,0.74,7.51,8.24,0,move_left,94.8,kick
49.0,55.0,0.33,4.65,4.98,0,punch,93.5,jump
67.0,79.0,1.12,7.22,8.34,3,move_left,93.2,idle
100.0,100.0,3.54,3.71,7.26,0,move_right,98.6,move_right
100.0,100.0,1.82,3.77,5.59,0,move_right,97.0,move_right
100.0,100.0,1.94,8.06,10.0,4,move_right,96.6,idle
73.0,88.0,0.72,7.18,7.9,1,move_left,93.8,idle
100.0,100.0,2.1,4.51,6.6,0,move_left,96.4,move_right
76.0,58.0,1.18,4.04,5.22,3,move_left,95.3,idle
100.0,100.0,3.53,5.56,9.09,0,punch,98.5,move_right
100.0,82.0,1.81,4.45,6.26,0,idle,95.5,move_right
37.0,61.0,0.6,4.34,4.94,0,kick,91.8,block
49.0,49.0,1.21,8.49,9.7,3,kick,91.0,idle
91.0,94.0,1.34,8.66,10.0,3,kick,93.7,idle
82.0,85.0,1.57,7.93,9.51,2,special,96.8,idle
73.0,91.0,0.75,5.97,6.72,0,move_left,94.2,kick
10.0,64.0,0.03,7.67,7.64,0,punch,89.8,jump
46.0,49.0,1.29,7.11,8.4,1,kick,93.8,idle
88.0,88.0,1.2,8.5,9.7,0,kick,94.3,block
28.0,34.0,0.17,4.94,5.1,1,move_left,92.7,idle
91.0,94.0,0.84,5.81,6.66,0,move_left,95.5,kick
10.0,10.0,0.01,8.81,8.8,6,move_right,89.4,idle
100.0,100.0,1.63,6.17,7.81,0,idle,97.1,move_right
100.0,100.0,2.19,5.5,7.69,0,move_right,96.0,move_right
76.0,100.0,1.23,7.57,8.8,0,jump,95.1,punch
100.0,82.0,0.11,3.75,3.86,1,idle,97.4,idle
100.0,94.0,0.12,5.02,5.14,1,jump,96.8,idle
100.0,100.0,8.41,1.05,9.46,0,move_left,98.9,move_right
100.0,100.0,6.09,0.21,6.3,0,kick,98.9,jump
100.0,100.0,1.33,4.5,5.83,0,block,97.7,special
79.0,76.0,1.14,5.81,6.96,1,move_right,93.3,idle
16.0,64.0,1.07,6.04,7.11,0,punch,91.0,block
100.0,100.0,3.54,5.54,9.08,0,special,98.2,move_right
94.0,73.0,1.53,5.82,7.35,6,punch,96.7,idle
100.0,100.0,5.6,2.55,8.15,0,move_right,98.5,move_right
76.0,88.0,1.72,6.92,8.64,0,move_right,94.8,jump
61.0,67.0,1.21,6.79,8.0,2,move_right,95.4,idle
40.0,67.0,1.23,5.37,6.6,4,kick,94.8,idle
70.0,82.0,1.06,6.42,7.48,3,move_left,94.6,idle
100.0,100.0,4.98,3.14,8.12,4,jump,97.9,idle
100.0,100.0,2.18,7.82,10.0,0,idle,96.5,jump
100.0,100.0,3.08,5.28,8.35,0,jump,98.7,move_right
64.0,88.0,1.57,7.83,9.4,2,punch,95.5,idle
16.0,73.0,0.38,6.27,6.64,0,idle,92.1,move_right
13.0,43.0,0.99,7.11,8.1,1,kick,93.2,block
34.0,79.0,1.06,5.47,6.53,0,jump,94.8,kick
40.0,46.0,0.3,8.5,8.8,0,punch,91.2,block
43.0,79.0,1.47,6.3,7.77,2,move_right,96.1,idle
25.0,37.0,0.44,8.66,9.1,1,move_left,88.7,idle
37.0,43.0,0.14,8.51,8.37,3,move_left,86.9,idle
100.0,100.0,3.66,3.41,7.06,0,kick,98.3,move_right
85.0,94.0,1.78,6.49,8.27,0,punch,95.3,jump
82.0,85.0,1.46,3.25,4.71,0,punch,97.3,jump
49.0,82.0,0.42,6.77,7.19,0,special,95.1,block
100.0,100.0,7.32,1.59,8.91,3,kick,98.3,idle
37.0,64.0,1.6,6.34,7.93,0,move_left,91.0,punch
100.0,94.0,1.83,3.75,5.58,3,move_right,97.0,idle
49.0,82.0,1.37,7.93,9.3,0,jump,94.0,kick
67.0,91.0,0.68,5.18,5.86,2,special,97.4,block
94.0,79.0,0.86,5.93,6.79,3,move_left,95.9,idle
94.0,82.0,1.42,7.13,8.56,6,punch,95.7,idle
55.0,67.0,1.59,4.08,5.66,2,idle,96.2,idle
100.0,82.0,0.41,3.75,4.16,3,move_left,97.6,idle
49.0,82.0,1.37,7.93,9.3,2,idle,94.2,idle
100.0,76.0,1.9,6.92,8.82,0,punch,94.9,move_right
94.0,94.0,0.81,4.55,5.35,3,idle,96.6,idle
52.0,49.0,1.59,4.95,6.54,5,block,92.8,idle
10.0,82.0,0.25,6.95,6.7,0,move_left,93.9,move_left
25.0,49.0,0.68,5.48,6.16,6,punch,94.2,block
46.0,46.0,1.56,5.8,7.36,3,idle,90.1,idle
94.0,100.0,1.23,4.72,5.95,0,punch,98.4,block
19.0,37.0,0.8,7.81,8.61,0,kick,87.8,block
19.0,7.0,1.37,7.62,9.0,2,kick,89.8,idle
100.0,100.0,7.21,2.04,9.25,0,move_right,98.6,move_right
64.0,82.0,0.52,7.43,7.96,0,kick,93.4,jump
49.0,7.0,0.38,8.42,8.8,3,move_right,90.8,idle
100.0,100.0,4.23,2.37,6.6,0,idle,98.5,move_right
100.0,100.0,1.74,7.96,9.7,0,idle,97.6,jump
58.0,73.0,0.36,5.81,6.16,0,kick,94.4,jump
100.0,94.0,2.04,6.3,8.34,0,idle,97.2,jump
100.0,100.0,3.93,3.27,7.2,0,move_right,98.3,move_right
7.0,19.0,0.62,8.48,9.1,1,idle,88.8,idle
73.0,91.0,0.64,8.28,8.92,6,idle,95.2,idle
1.0,52.0,0.3,8.5,8.8,0,kick,90.5,jump
55.0,88.0,1.67,4.84,6.51,1,punch,94.2,idle
76.0,85.0,1.48,8.2,9.68,0,punch,94.6,block
34.0,73.0,0.91,5.39,6.3,0,move_left,93.0,kick
82.0,73.0,0.93,8.47,9.4,2,jump,93.6,idle
52.0,79.0,1.17,5.27,6.44,3,punch,94.3,block
100.0,100.0,8.37,1.46,9.83,0,punch,98.4,move_right
100.0,94.0,1.44,6.98,8.42,1,move_left,97.6,idle
100.0,94.0,1.9,6.02,7.92,0,move_right,96.0,move_right
19.0,16.0,0.99,6.18,7.16,3,kick,88.2,block
52.0,46.0,1.33,7.07,8.41,6,move_right,92.4,idle
100.0,100.0,5.68,2.49,8.17,0,kick,98.6,jump
58.0,40.0,0.17,4.56,4.73,1,punch,92.8,block
55.0,61.0,1.02,8.42,9.44,0,move_right,92.4,block
73.0,76.0,0.36,6.9,6.54,3,move_left,94.2,idle
100.0,100.0,4.51,5.42,9.93,0,block,98.2,move_right
16.0,46.0,1.48,6.32,7.79,2,move_right,92.5,idle
55.0,67.0,1.32,4.3,5.62,0,kick,95.4,block
1.0,55.0,0.21,8.51,8.3,0,kick,90.2,jump
40.0,67.0,1.38,7.24,8.62,5,punch,93.8,idle
55.0,46.0,1.13,5.2,6.34,2,idle,94.7,idle
94.0,91.0,1.56,5.31,6.87,2,punch,97.4,idle
88.0,91.0,1.19,8.18,9.37,2,punch,96.8,block
55.0,85.0,1.88,3.67,5.55,0,block,95.1,move_right
100.0,100.0,4.58,2.69,7.27,0,punch,98.6,move_right
100.0,100.0,3.24,3.71,6.96,0,punch,98.7,jump
79.0,82.0,2.2,6.7,8.9,0,kick,95.3,move_right
37.0,70.0,0.69,4.37,5.06,3,block,95.6,idle
16.0,73.0,0.49,7.96,8.44,0,move_right,91.7,move_right
100.0,100.0,3.06,4.01,7.06,0,punch,98.1,move_right
28.0,40.0,0.6,8.5,7.9,0,jump,90.3,punch
1.0,55.0,0.04,6.23,6.19,0,move_left,91.7,move_left
100.0,94.0,1.9,5.72,7.62,0,move_right,96.1,move_right
76.0,82.0,1.36,6.42,7.78,1,punch,94.9,idle
94.0,85.0,1.1,6.75,7.85,3,idle,95.8,idle
100.0,100.0,1.95,6.98,8.93,0,punch,96.8,move_right
40.0,46.0,0.74,7.67,8.41,0,move_right,91.7,kick
82.0,100.0,1.39,5.52,6.91,0,move_left,97.8,kick
16.0,31.0,0.97,8.13,9.1,2,punch,91.9,block
100.0,100.0,2.78,5.25,8.03,0,punch,97.9,move_right
49.0,88.0,1.54,3.25,4.78,0,punch,96.1,kick
1.0,7.0,0.28,4.04,4.32,4,move_right,91.4,idle
34.0,49.0,1.18,7.69,8.87,3,punch,91.7,block
100.0,100.0,4.86,2.02,6.88,0,move_right,98.6,move_right
13.0,19.0,1.23,7.5,8.72,1,kick,89.8,idle
10.0,61.0,0.76,9.24,10.0,0,punch,87.5,block
100.0,100.0,1.49,7.88,9.37,0,kick,97.0,kick
49.0,73.0,1.37,7.93,9.3,3,idle,93.9,idle
40.0,13.0,1.52,5.99,7.5,4,move_right,89.2,idle
46.0,61.0,0.82,6.62,7.44,2,punch,91.6,block
22.0,31.0,0.28,4.04,4.32,0,move_right,92.9,punch
1.0,85.0,0.26,7.68,7.42,0,move_left,92.6,move_left
31.0,64.0,1.27,5.41,6.68,0,kick,93.4,block
10.0,7.0,0.02,4.04,4.02,6,punch,91.6,block
82.0,100.0,1.05,5.67,6.72,0,kick,95.9,jump
100.0,100.0,7.73,2.27,10.0,0,kick,98.5,move_right
37.0,43.0,0.83,7.66,8.49,0,idle,92.5,jump
31.0,43.0,0.48,7.34,7.82,2,jump,92.3,kick
100.0,100.0,2.4,6.4,8.8,0,move_right,96.5,jump
100.0,100.0,3.2,4.7,7.9,0,move_right,97.6,move_right
100.0,100.0,1.78,3.74,5.52,0,kick,97.7,move_right
94.0,100.0,1.38,7.24,8.62,0,idle,96.3,punch
100.0,100.0,6.42,2.0,8.42,0,punch,98.9,move_right
100.0,100.0,1.83,5.07,6.9,0,move_right,97.2,move_right
1.0,25.0,1.2,6.34,7.54,2,punch,90.2,block
100.0,100.0,7.51,1.14,8.65,0,kick,98.9,move_right
52.0,37.0,1.42,5.21,6.64,2,idle,93.1,idle
25.0,49.0,0.61,8.51,7.9,4,kick,91.8,block
100.0,100.0,1.41,7.87,9.27,2,idle,95.2,idle
40.0,46.0,0.3,8.5,8.8,2,idle,91.4,idle
100.0,100.0,6.17,3.12,9.3,0,move_right,98.8,move_right
13.0,46.0,0.38,7.05,7.43,2,kick,92.0,block
94.0,91.0,1.79,3.99,5.78,0,jump,97.0,move_right
100.0,100.0,3.03,2.55,5.58,0,jump,98.0,move_right
31.0,49.0,1.74,6.11,7.86,3,move_right,89.6,idle
100.0,100.0,5.86,2.21,8.07,5,move_right,98.1,idle
43.0,49.0,0.35,6.01,6.36,1,kick,94.4,block
91.0,91.0,1.26,4.9,6.16,0,idle,95.8,block
31.0,61.0,0.6,4.04,4.64,1,idle,90.8,idle
91.0,100.0,1.53,5.07,6.6,2,kick,96.7,idle
100.0,100.0,5.36,4.34,9.7,0,move_left,97.2,move_right
46.0,61.0,0.46,7.88,8.33,2,move_left,93.7,jump
34.0,31.0,0.3,6.91,7.2,0,kick,89.4,block
100.0,100.0,1.52,4.79,6.3,0,block,96.9,kick
100.0,100.0,3.38,4.57,7.95,0,special,97.3,move_right
40.0,61.0,0.06,7.88,7.82,2,kick,92.7,block
67.0,73.0,0.53,7.07,7.6,5,idle,93.9,idle
13.0,31.0,0.73,7.07,7.81,0,idle,90.3,block
100.0,94.0,1.06,4.42,5.47,3,move_left,98.1,idle
100.0,94.0,2.08,7.59,9.67,0,move_right,94.4,kick
82.0,94.0,1.89,4.07,5.96,0,move_right,97.4,move_right
100.0,100.0,4.74,3.72,8.45,0,idle,97.5,move_right
100.0,100.0,6.38,3.21,9.59,0,idle,99.0,move_right
16.0,22.0,1.58,4.4,5.98,0,special,94.0,move_right
100.0,94.0,1.6,5.14,6.73,0,jump,98.1,punch
67.0,76.0,1.56,6.82,8.38,0,move_left,94.0,special
100.0,100.0,2.7,5.3,8.0,0,idle,97.6,move_right
1.0,73.0,0.12,7.74,7.86,0,idle,91.0,move_right
10.0,55.0,0.11,6.34,6.24,0,kick,93.1,block
67.0,88.0,0.14,8.66,8.8,0,jump,92.9,block
100.0,91.0,1.58,6.45,8.03,3,punch,97.0,idle
67.0,58.0,0.3,7.3,7.6,1,idle,93.4,idle
49.0,52.0,1.39,6.44,7.84,0,move_left,93.4,punch
37.0,70.0,1.35,7.51,8.86,0,block,93.3,special
100.0,100.0,1.39,5.54,6.94,1,special,97.9,idle
91.0,91.0,1.02,5.49,6.51,0,move_left,96.7,kick
100.0,100.0,1.62,5.2,6.82,0,jump,97.9,jump
100.0,100.0,7.49,2.05,9.53,0,special,98.5,move_right
100.0,100.0,3.44,3.39,6.82,0,jump,98.0,move_right
4.0,52.0,0.1,9.7,9.6,0,idle,89.0,move_left
94.0,85.0,1.44,7.88,9.32,2,move_left,95.4,idle
100.0,94.0,1.28,4.4,5.68,0,kick,98.2,jump
19.0,67.0,1.46,8.54,10.0,0,kick,90.6,block
40.0,46.0,0.52,7.22,7.74,0,idle,90.5,block
100.0,100.0,3.15,4.71,7.85,0,move_right,97.6,move_right
100.0,100.0,5.1,3.2,8.3,0,jump,98.5,move_right
100.0,91.0,1.92,5.5,7.42,0,kick,97.3,move_right
100.0,100.0,1.35,3.87,5.22,0,idle,98.4,special
13.0,25.0,1.36,4.16,5.52,0,block,92.0,block
100.0,100.0,4.02,2.5,6.52,0,special,98.7,move_right
91.0,76.0,1.56,7.82,9.38,0,special,93.1,punch
70.0,61.0,1.32,7.22,8.54,0,idle,94.7,move_left
64.0,82.0,1.21,5.39,6.6,1,move_right,94.6,idle
76.0,79.0,1.42,7.22,8.64,0,block,94.2,block
10.0,7.0,0.69,6.18,6.86,2,jump,87.4,idle
4.0,94.0,0.16,4.75,4.91,0,block,93.5,move_right
55.0,88.0,0.99,4.37,5.36,0,move_right,96.1,kick
34.0,52.0,0.3,7.3,7.6,3,jump,92.7,idle
61.0,67.0,0.63,4.65,5.28,0,move_left,94.8,punch
37.0,64.0,1.07,6.04,7.11,2,idle,91.7,idle
25.0,55.0,0.28,3.38,3.66,0,special,90.0,move_right
79.0,85.0,1.86,5.31,7.17,3,move_right,97.1,idle
52.0,94.0,0.76,5.05,5.81,3,idle,95.0,idle
4.0,37.0,0.53,5.49,6.02,3,kick,90.9,block
64.0,73.0,0.88,7.69,8.57,1,kick,93.1,block
100.0,94.0,0.98,3.67,4.65,2,idle,98.0,idle
55.0,82.0,1.4,6.2,7.59,0,block,96.9,kick
100.0,100.0,4.47,3.09,7.57,0,punch,97.9,move_right
100.0,91.0,1.44,6.71,8.14,2,jump,97.6,idle
82.0,91.0,0.28,3.68,3.96,0,move_left,96.2,kick
43.0,46.0,1.58,4.4,5.98,3,punch,95.6,idle
76.0,100.0,0.84,8.56,9.4,0,kick,94.7,block
28.0,67.0,0.15,5.67,5.82,0,move_left,89.8,move_right
76.0,73.0,0.36,5.81,6.16,0,idle,94.8,block
100.0,100.0,1.36,7.3,8.66,0,punch,95.9,block
16.0,22.0,0.45,3.87,4.32,1,punch,92.7,block
16.0,25.0,0.72,6.9,7.62,1,idle,91.7,idle
73.0,70.0,0.6,4.04,4.64,0,block,94.4,kick
40.0,46.0,0.74,7.67,8.41,0,punch,92.2,block
100.0,100.0,7.7,1.78,9.48,2,punch,98.7,idle
49.0,91.0,1.33,8.16,9.49,0,idle,95.7,block
100.0,100.0,1.58,8.42,10.0,2,punch,96.0,idle
100.0,100.0,7.32,1.94,9.25,0,jump,98.3,move_right
100.0,100.0,1.4,8.0,9.4,0,punch,96.6,block
100.0,100.0,1.34,8.66,10.0,0,move_right,93.8,punch
76.0,91.0,1.29,8.27,9.57,1,move_left,96.2,idle
91.0,91.0,1.26,4.9,6.16,0,kick,96.0,block
19.0,73.0,0.84,9.16,10.0,0,move_right,92.0,move_right
85.0,100.0,1.53,5.97,7.5,0,jump,95.5,move_left
7.0,85.0,0.04,7.98,8.02,0,punch,92.9,block
79.0,67.0,1.63,6.53,8.16,0,move_right,95.0,move_right
100.0,100.0,5.76,2.92,8.68,0,idle,99.0,move_right
100.0,94.0,1.72,6.32,8.04,3,move_right,97.1,idle
100.0,100.0,7.19,2.36,9.55,0,block,98.9,move_right
100.0,85.0,0.73,6.28,7.01,0,kick,96.5,block
100.0,100.0,4.92,2.69,7.61,0,kick,98.5,move_right
100.0,100.0,3.38,6.62,10.0,0,kick,96.9,move_right
55.0,79.0,1.24,6.44,7.68,0,move_right,92.1,kick
58.0,73.0,1.5,8.5,10.0,0,move_right,92.3,punch
7.0,73.0,0.3,9.7,9.4,0,move_left,91.0,move_left
10.0,19.0,1.28,7.79,9.07,2,idle,89.0,idle
91.0,94.0,1.87,3.72,5.59,0,punch,97.0,move_right
100.0,94.0,1.53,5.15,6.68,2,jump,97.6,idle
43.0,73.0,1.29,4.11,5.4,0,kick,93.8,jump
94.0,82.0,1.03,4.5,5.53,4,move_left,97.4,idle
100.0,100.0,6.92,2.08,9.0,2,kick,98.8,idle
100.0,100.0,2.56,3.58,6.14,2,move_right,97.4,idle
76.0,88.0,1.87,7.53,9.4,0,move_right,95.8,move_right
25.0,10.0,1.42,5.21,6.64,2,kick,90.6,idle
28.0,13.0,0.68,8.42,9.1,3,block,90.6,idle
64.0,61.0,0.72,8.42,9.14,1,jump,93.0,idle
10.0,55.0,0.21,9.17,8.97,0,punch,93.1,block
67.0,100.0,1.45,5.53,6.98,1,special,95.4,idle
43.0,64.0,0.38,5.71,6.09,0,punch,94.2,block
28.0,76.0,1.27,7.55,8.82,0,jump,93.2,move_right
37.0,73.0,0.23,6.77,7.0,1,jump,92.4,idle
46.0,25.0,1.28,8.72,10.0,0,punch,92.0,jump
28.0,49.0,1.17,8.17,7.0,0,move_right,89.7,kick
13.0,58.0,0.27,9.43,9.7,0,punch,92.8,block
49.0,64.0,0.6,8.5,9.1,3,jump,92.3,idle
100.0,88.0,0.84,6.9,7.74,6,move_left,95.5,idle
91.0,82.0,2.1,4.84,6.94,2,punch,96.5,idle
70.0,85.0,0.24,7.88,8.12,0,punch,94.7,block
100.0,100.0,5.9,4.1,10.0,0,idle,98.2,jump
94.0,91.0,1.36,7.58,8.93,2,jump,96.6,idle
16.0,82.0,0.95,6.05,7.0,0,idle,94.4,move_right
94.0,91.0,1.43,6.73,8.16,2,move_right,95.3,idle
19.0,10.0,1.15,8.25,9.4,3,kick,88.1,block
28.0,31.0,0.96,5.91,6.87,1,move_right,91.8,idle
34.0,73.0,1.21,5.39,6.6,0,kick,93.6,jump
94.0,91.0,1.39,7.66,9.04,2,move_right,96.2,idle
34.0,64.0,1.47,5.87,7.34,3,block,91.5,idle
10.0,64.0,0.87,6.47,7.34,0,jump,90.7,move_right
100.0,100.0,2.97,4.07,7.04,0,special,97.0,move_right
94.0,82.0,0.72,4.08,4.8,4,move_left,97.8,idle
73.0,61.0,1.72,4.61,6.34,3,move_right,97.3,idle
100.0,100.0,1.62,6.17,7.79,0,move_left,96.9,move_right
100.0,100.0,3.49,5.56,9.04,0,move_right,97.9,move_right
73.0,25.0,0.01,5.55,5.56,0,punch,90.7,block
43.0,52.0,0.72,6.8,7.52,0,move_left,93.1,jump
34.0,76.0,1.57,7.25,8.82,3,punch,94.0,idle
100.0,100.0,5.98,2.2,8.18,0,punch,98.4,jump
31.0,52.0,0.23,7.03,7.26,0,move_right,90.1,kick
100.0,94.0,1.06,6.42,7.48,3,move_left,96.5,idle
100.0,100.0,4.94,4.76,9.7,0,move_left,95.8,move_right
100.0,91.0,1.57,7.93,9.51,3,special,97.3,idle
91.0,91.0,0.74,8.36,9.1,1,kick,95.6,block
28.0,28.0,0.45,3.87,4.32,0,jump,93.8,punch
1.0,73.0,0.18,5.02,4.84,0,move_left,93.2,move_left
64.0,100.0,1.32,7.0,8.32,2,special,95.0,idle
100.0,100.0,2.22,4.0,6.22,0,move_left,98.2,move_right
31.0,52.0,1.02,6.4,7.42,0,move_left,91.3,punch
7.0,13.0,1.13,7.66,8.79,1,punch,89.8,block
31.0,52.0,1.15,7.35,8.5,3,punch,93.8,block
73.0,16.0,0.61,7.52,8.13,3,punch,93.0,block
37.0,67.0,1.16,7.97,9.13,0,special,92.7,block
100.0,94.0,2.34,7.32,9.65,1,move_right,95.2,idle
70.0,73.0,0.36,5.62,5.98,2,move_left,94.1,idle
49.0,49.0,1.81,8.19,10.0,3,move_right,92.1,idle
1.0,55.0,0.23,7.67,7.9,0,punch,89.8,block
100.0,100.0,4.13,3.09,7.22,0,idle,97.9,move_right
88.0,70.0,0.47,5.01,5.48,4,idle,96.2,move_right
94.0,94.0,1.59,6.41,8.0,2,special,96.2,idle
100.0,94.0,0.96,5.46,6.42,2,jump,96.2,idle
100.0,100.0,3.1,4.82,7.91,0,punch,98.8,move_right
100.0,100.0,1.32,7.22,8.54,0,block,97.3,kick
100.0,100.0,1.93,4.87,6.79,0,kick,98.8,move_right
100.0,94.0,1.22,7.78,9.0,6,kick,95.6,idle
1.0,61.0,0.27,6.9,7.17,0,move_right,92.6,move_right
40.0,13.0,1.22,5.99,7.2,0,move_left,88.8,punch
55.0,70.0,0.92,7.73,8.65,2,punch,93.2,block
85.0,91.0,1.86,7.12,8.98,2,move_right,95.5,idle
82.0,100.0,1.58,5.97,7.54,2,kick,96.5,idle
16.0,46.0,1.18,6.32,7.49,0,move_left,92.3,punch
100.0,100.0,1.26,5.46,6.72,0,move_left,96.4,punch
100.0,100.0,5.25,3.86,9.11,0,move_left,97.9,move_right
52.0,73.0,1.34,7.36,8.7,0,punch,96.0,block
100.0,94.0,1.9,4.84,6.73,1,kick,98.3,idle
100.0,82.0,1.28,7.71,8.99,3,kick,96.3,idle
100.0,82.0,1.51,4.75,6.26,3,punch,95.8,idle
1.0,73.0,0.18,5.02,4.84,0,kick,93.0,move_left
100.0,82.0,0.71,3.75,4.46,4,move_left,97.7,idle
70.0,76.0,0.48,7.24,7.72,3,move_left,95.2,idle
100.0,100.0,3.89,5.95,9.83,0,punch,96.9,jump
91.0,82.0,1.09,6.47,7.57,4,move_left,97.3,idle
31.0,64.0,0.79,5.44,6.24,2,punch,94.7,move_left
76.0,73.0,1.32,7.22,8.54,0,special,96.2,jump
34.0,22.0,1.12,5.21,6.34,1,punch,92.2,block
100.0,100.0,1.42,5.72,7.14,2,punch,95.6,idle
61.0,73.0,1.12,5.16,6.28,4,jump,95.6,idle
76.0,100.0,0.53,5.49,6.02,0,punch,96.1,block
79.0,79.0,0.84,7.01,7.84,5,move_left,95.2,idle
55.0,85.0,0.72,5.78,6.5,0,idle,96.5,block
100.0,100.0,3.85,4.65,8.5,0,kick,98.7,jump
100.0,100.0,3.75,3.81,7.55,0,move_left,98.2,move_right
34.0,58.0,1.04,8.66,9.7,0,move_left,89.7,special
88.0,58.0,0.77,4.94,5.7,4,move_left,96.3,idle
22.0,64.0,1.52,7.73,9.25,1,kick,92.6,idle
76.0,85.0,1.3,5.99,7.29,1,punch,93.9,idle
67.0,88.0,0.97,4.02,4.99,0,kick,95.0,block
13.0,73.0,0.54,9.46,10.0,0,block,91.7,move_right
76.0,76.0,1.06,8.34,9.4,0,move_left,94.3,kick
100.0,100.0,3.76,4.02,7.78,0,kick,98.2,move_right
100.0,100.0,3.09,5.87,8.97,0,idle,98.7,move_right
79.0,82.0,1.9,6.7,8.6,2,punch,95.6,idle
28.0,52.0,0.61,8.06,7.45,0,kick,91.3,block
34.0,13.0,1.34,4.78,3.44,6,move_left,89.5,idle
7.0,61.0,0.56,4.27,4.83,0,move_right,93.7,move_right
76.0,43.0,1.01,3.45,4.46,2,special,93.9,block
70.0,79.0,1.45,4.97,6.42,1,punch,92.5,idle
43.0,88.0,1.28,4.71,5.99,2,idle,95.2,idle
52.0,37.0,0.92,7.09,6.17,5,jump,92.1,idle
13.0,25.0,1.36,3.56,4.92,1,move_right,92.3,idle
94.0,94.0,1.41,4.55,5.95,0,move_right,96.1,kick
52.0,46.0,1.04,7.67,8.71,0,move_right,92.6,punch
31.0,67.0,0.33,5.02,5.35,1,punch,96.1,block
100.0,100.0,5.0,2.9,7.9,0,move_left,98.7,jump
100.0,100.0,4.59,3.38,7.97,0,idle,97.5,move_right
37.0,73.0,0.58,5.81,6.4,0,jump,94.5,punch
61.0,82.0,0.42,4.08,4.5,1,kick,96.9,block
100.0,100.0,3.55,4.9,8.45,0,kick,96.4,move_right
100.0,100.0,2.48,7.52,10.0,0,punch,96.6,move_right
100.0,100.0,2.68,2.84,5.52,1,jump,98.3,idle
37.0,76.0,0.19,4.22,4.41,3,idle,95.0,idle
22.0,73.0,1.62,5.34,6.96,0,move_right,94.5,move_right
34.0,58.0,1.61,8.06,9.68,1,idle,90.4,punch
52.0,61.0,1.07,7.32,8.4,0,kick,93.5,block
100.0,100.0,2.86,2.08,4.94,0,punch,98.5,move_right
100.0,100.0,1.85,6.95,8.8,0,punch,97.3,move_right
82.0,100.0,1.28,7.27,8.55,2,special,94.9,move_left
43.0,43.0,0.85,5.17,6.02,3,punch,94.3,block
100.0,100.0,4.06,3.53,7.6,0,jump,97.6,jump
37.0,67.0,1.34,5.19,6.52,3,move_right,94.4,idle
55.0,94.0,1.37,4.84,6.21,0,jump,94.6,punch
46.0,76.0,1.09,5.44,6.54,0,move_left,95.5,block
79.0,100.0,0.8,6.5,7.3,0,kick,96.0,block
16.0,76.0,0.72,8.38,9.1,0,idle,91.0,move_right
100.0,100.0,3.25,5.85,9.1,0,move_right,98.2,move_right
61.0,73.0,0.98,6.59,7.57,0,move_right,94.4,kick
94.0,91.0,0.52,7.32,7.85,0,move_left,94.8,punch
82.0,67.0,0.79,6.14,6.94,2,punch,95.9,block
76.0,88.0,1.53,7.87,9.4,2,idle,93.8,idle
100.0,100.0,4.28,1.27,5.55,0,idle,99.0,move_right
100.0,100.0,4.12,3.53,7.66,0,move_right,98.3,move_right
85.0,49.0,0.64,4.43,5.07,0,idle,95.0,punch
100.0,100.0,0.08,4.97,5.05,3,block,98.9,idle
1.0,10.0,0.44,8.51,8.07,3,move_right,85.0,idle
46.0,73.0,1.04,7.66,8.7,0,jump,94.6,special
25.0,61.0,1.1,7.61,8.71,0,jump,93.0,move_right
94.0,82.0,0.92,7.73,8.65,0,move_left,96.3,kick
100.0,100.0,4.73,4.36,9.09,0,special,98.9,move_right
76.0,88.0,1.6,6.02,7.61,1,idle,97.6,idle
100.0,100.0,4.25,5.45,9.7,0,jump,98.1,move_right
94.0,76.0,0.68,7.71,8.39,2,block,95.2,idle
28.0,76.0,0.23,9.35,9.12,0,idle,92.2,move_left
100.0,100.0,5.89,4.11,10.0,0,kick,97.4,move_right
13.0,13.0,1.64,4.48,2.84,1,move_right,88.0,idle
37.0,67.0,0.31,8.51,8.2,2,idle,92.5,idle
76.0,76.0,1.4,7.22,8.62,4,punch,96.5,idle
49.0,46.0,1.62,6.0,7.62,5,idle,94.8,idle
40.0,37.0,0.74,7.67,8.41,3,kick,91.6,block
100.0,91.0,0.9,7.3,8.2,1,kick,95.6,block
7.0,64.0,0.92,8.51,9.43,0,move_right,91.5,move_right
100.0,91.0,1.85,5.45,7.3,0,idle,96.3,move_right
34.0,31.0,0.3,6.91,7.2,2,special,89.9,block
94.0,46.0,1.57,8.13,9.7,2,move_left,92.8,idle
34.0,64.0,1.27,7.17,8.44,3,punch,94.2,idle
10.0,16.0,1.16,8.84,10.0,2,move_right,91.6,idle
70.0,61.0,1.32,8.42,9.74,0,idle,93.8,punch
67.0,88.0,0.74,8.66,9.4,3,idle,93.3,idle
55.0,85.0,1.58,3.97,5.55,0,punch,94.9,punch
100.0,94.0,1.45,4.87,6.32,2,idle,98.8,idle
94.0,94.0,1.35,5.41,6.76,3,jump,98.4,idle
100.0,100.0,6.75,1.71,8.45,0,kick,98.9,move_right
100.0,100.0,3.79,3.74,7.54,0,idle,98.8,move_right
94.0,70.0,1.85,4.23,6.08,0,kick,95.8,move_right
25.0,52.0,0.23,7.03,7.26,0,kick,89.5,block
49.0,64.0,0.96,5.81,6.76,0,jump,93.5,block
25.0,55.0,0.28,3.38,3.66,0,move_right,90.2,move_right
49.0,64.0,0.72,4.91,5.64,3,punch,93.1,block
91.0,100.0,1.54,7.98,9.52,3,move_right,96.3,idle
70.0,49.0,0.46,4.42,4.87,0,kick,95.1,kick
94.0,100.0,0.53,7.03,7.56,3,move_left,95.9,idle
55.0,64.0,0.7,7.22,7.91,1,jump,94.2,idle
64.0,76.0,1.36,8.34,9.7,0,punch,92.0,block
10.0,25.0,0.97,8.43,9.4,3,move_right,87.7,idle
40.0,67.0,1.17,6.69,7.87,2,jump,93.4,idle
100.0,100.0,4.82,5.18,10.0,0,move_right,97.9,move_right
40.0,67.0,0.57,6.27,5.7,3,move_left,91.1,idle
10.0,64.0,0.27,7.07,7.34,0,idle,90.4,move_right
1.0,73.0,0.3,9.4,9.7,0,move_right,91.9,move_right
37.0,55.0,0.24,5.62,5.38,2,move_right,92.8,idle
100.0,100.0,2.86,6.38,9.23,0,move_right,97.4,move_left
25.0,82.0,0.8,6.2,6.99,0,move_left,95.7,move_right
82.0,85.0,1.06,4.78,5.84,0,idle,95.2,jump
100.0,100.0,1.93,5.9,7.83,0,punch,97.2,move_right
49.0,67.0,0.78,7.34,8.12,0,punch,94.0,block
22.0,73.0,1.32,5.64,6.96,5,move_right,94.2,idle
37.0,64.0,0.59,4.77,5.36,0,punch,94.5,block
28.0,49.0,1.29,7.11,8.4,0,special,93.7,block
64.0,73.0,0.57,8.47,7.9,0,jump,91.9,idle
55.0,76.0,1.59,4.08,5.66,2,punch,97.5,idle
28.0,64.0,0.07,7.37,7.3,0,idle,91.3,move_left
13.0,25.0,1.5,6.34,7.84,0,jump,90.5,jump
100.0,100.0,5.09,4.45,9.53,0,special,97.5,move_right
46.0,49.0,1.29,7.11,8.4,2,idle,93.9,idle
100.0,100.0,3.47,2.44,5.91,0,jump,98.0,move_right
67.0,76.0,0.6,7.3,7.9,2,punch,94.4,block
100.0,91.0,1.57,7.93,9.51,0,kick,97.0,punch
55.0,79.0,0.81,4.85,5.65,1,block,93.8,idle
79.0,94.0,1.33,5.35,6.68,0,punch,96.8,jump
34.0,55.0,0.38,4.2,4.58,0,kick,94.0,block
100.0,100.0,3.09,4.8,7.89,0,punch,98.9,move_right
61.0,70.0,1.5,3.74,5.24,3,punch,93.9,kick
4.0,82.0,0.1,7.4,7.29,0,punch,94.3,block
100.0,100.0,5.56,2.21,7.77,2,move_left,97.8,idle
22.0,76.0,0.53,9.65,9.12,0,move_left,91.7,move_left
43.0,61.0,1.06,8.51,9.57,1,block,89.0,idle
100.0,100.0,3.37,6.13,9.51,0,move_left,98.2,jump
28.0,76.0,0.67,8.75,9.42,0,block,92.7,move_right
40.0,67.0,1.46,3.85,5.31,0,idle,95.4,punch
100.0,100.0,1.16,5.93,7.09,1,jump,97.0,idle
100.0,100.0,2.82,4.58,7.4,0,kick,98.6,move_right
34.0,13.0,0.13,4.56,4.43,2,jump,91.7,idle
31.0,52.0,0.58,6.32,6.89,1,move_left,93.2,idle
55.0,67.0,1.62,5.5,7.12,2,move_right,94.1,idle
10.0,55.0,0.11,6.34,6.24,0,punch,92.4,idle
28.0,61.0,0.46,6.97,7.43,0,move_right,92.7,move_right
100.0,100.0,6.74,2.96,9.7,0,jump,96.9,block
94.0,94.0,1.08,7.24,8.32,2,idle,96.1,idle
100.0,100.0,1.43,7.06,8.49,2,move_right,97.1,idle
28.0,31.0,0.42,5.21,5.64,2,move_left,90.6,block
28.0,55.0,0.57,6.88,7.45,1,kick,91.8,idle
100.0,88.0,1.14,6.9,8.04,0,jump,95.6,special
100.0,100.0,1.43,4.6,6.04,0,special,98.3,block
43.0,70.0,1.1,8.6,9.7,1,special,93.2,block
13.0,52.0,0.22,6.67,6.45,0,punch,92.1,block
100.0,100.0,2.95,2.53,5.48,0,block,98.5,move_right
100.0,100.0,5.39,3.98,9.37,0,move_left,98.6,move_right
85.0,100.0,1.83,5.37,7.2,0,punch,95.7,move_right
49.0,82.0,1.37,7.93,9.3,1,punch,94.1,idle
37.0,64.0,1.52,7.73,9.25,3,special,92.8,block
85.0,94.0,1.53,5.97,7.5,3,jump,94.3,idle
31.0,46.0,0.83,5.49,6.32,0,idle,91.6,kick
100.0,100.0,3.35,3.61,6.96,0,idle,98.3,move_right
100.0,100.0,3.88,2.51,6.4,0,move_right,98.6,move_right
34.0,64.0,0.18,5.79,5.61,1,move_left,93.4,idle
67.0,79.0,0.83,7.07,7.9,2,kick,94.9,block
37.0,52.0,1.58,4.27,5.85,3,move_right,93.5,idle
100.0,100.0,5.43,1.17,6.6,0,idle,99.0,move_right
67.0,64.0,1.33,4.2,5.53,1,punch,95.6,idle
10.0,58.0,0.22,6.06,6.28,0,kick,93.2,kick
100.0,100.0,4.41,0.65,5.05,0,idle,99.0,move_right
1.0,31.0,0.43,7.07,7.51,1,move_left,89.2,idle
7.0,82.0,0.22,8.88,8.65,0,kick,95.3,block
94.0,82.0,1.5,6.8,8.3,6,punch,96.3,idle
94.0,91.0,0.91,5.55,6.46,3,punch,95.1,block
82.0,94.0,0.14,7.13,7.0,0,move_left,94.1,kick
79.0,61.0,0.88,8.52,9.4,1,idle,92.8,idle
73.0,67.0,0.36,6.9,6.54,0,idle,93.5,kick
100.0,100.0,2.86,4.12,6.97,0,kick,97.1,move_right
82.0,79.0,1.15,4.97,6.12,5,move_right,92.9,idle
100.0,100.0,1.57,7.17,8.74,2,jump,97.1,idle
100.0,100.0,1.58,4.11,5.69,0,move_left,97.2,block
100.0,100.0,1.64,6.91,8.54,0,move_right,95.5,move_right
43.0,64.0,2.21,6.86,9.08,2,punch,91.4,idle
52.0,73.0,0.42,3.94,3.52,2,punch,96.2,block
52.0,70.0,0.86,6.67,7.54,2,idle,93.2,idle
100.0,91.0,1.46,8.54,10.0,3,move_right,95.9,idle
100.0,100.0,7.05,2.36,9.41,0,punch,98.4,move_right
100.0,100.0,1.83,4.47,6.3,0,move_left,97.5,jump
100.0,100.0,1.12,4.86,5.98,0,move_left,97.9,kick
100.0,100.0,4.56,3.02,7.58,0,punch,98.4,move_right
34.0,67.0,0.88,8.18,7.3,3,idle,92.3,idle
100.0,100.0,1.44,7.94,9.38,0,punch,97.3,block
58.0,58.0,0.35,6.01,6.36,0,idle,94.7,kick
100.0,100.0,4.01,1.35,5.36,0,move_right,98.8,move_right
16.0,61.0,0.5,9.11,9.61,0,block,92.4,move_right
82.0,79.0,1.46,5.93,7.39,2,move_right,95.4,idle
100.0,100.0,2.71,5.34,8.05,0,jump,97.4,move_right
79.0,49.0,0.88,8.5,9.37,2,punch,94.6,block
91.0,76.0,1.86,7.52,9.38,0,kick,93.2,move_right
79.0,67.0,0.85,7.35,8.2,3,kick,95.5,block
46.0,70.0,1.44,8.56,10.0,0,jump,91.9,punch
13.0,25.0,1.2,7.1,8.3,2,idle,90.7,idle
67.0,52.0,1.12,7.22,8.34,0,block,91.5,kick
34.0,13.0,1.37,7.62,9.0,0,jump,90.5,kick
88.0,67.0,1.48,7.6,9.07,3,kick,96.9,idle
82.0,82.0,1.17,5.94,7.11,2,move_left,96.4,idle
67.0,82.0,0.97,4.02,4.99,0,punch,94.3,block
94.0,79.0,0.04,4.27,4.23,2,jump,95.4,idle
67.0,76.0,0.15,7.64,7.79,2,block,93.7,idle
10.0,67.0,0.27,5.97,5.7,0,punch,92.5,block
100.0,100.0,6.09,1.88,7.97,0,kick,98.2,move_right
100.0,100.0,4.43,2.79,7.22,0,punch,98.0,move_right
58.0,79.0,1.87,7.83,9.7,2,idle,94.7,idle
61.0,58.0,1.55,8.45,10.0,4,jump,94.8,idle
100.0,100.0,2.56,5.33,7.9,0,kick,95.9,move_right
19.0,61.0,0.46,7.02,7.48,0,jump,91.7,move_right
82.0,73.0,1.16,8.54,9.7,2,punch,95.5,block
19.0,10.0,0.23,8.23,8.01,0,special,91.3,block
91.0,88.0,1.38,3.94,5.32,3,jump,98.3,idle
52.0,49.0,1.09,5.82,6.91,0,block,93.4,block
55.0,82.0,0.44,8.66,9.1,2,punch,92.3,block
16.0,49.0,1.35,2.67,1.32,1,idle,91.8,idle
79.0,70.0,1.43,5.2,6.64,0,punch,96.4,block
31.0,85.0,1.05,6.81,7.85,0,block,93.3,punch
4.0,19.0,1.62,7.6,9.22,0,move_right,87.9,move_right
34.0,79.0,1.0,5.99,6.99,0,move_right,91.9,punch
25.0,43.0,1.04,7.13,6.1,1,idle,89.0,idle
70.0,76.0,1.36,7.58,8.93,1,idle,95.0,idle
64.0,94.0,1.62,4.44,6.06,0,special,96.7,move_right
34.0,49.0,0.75,2.67,1.92,6,jump,92.3,idle
100.0,100.0,3.33,3.95,7.28,0,move_right,98.5,block
28.0,28.0,2.05,7.95,10.0,2,move_right,88.9,idle
28.0,28.0,2.05,7.95,10.0,4,move_right,89.1,idle
100.0,100.0,3.08,2.17,5.25,0,move_left,98.7,move_right
94.0,91.0,0.5,8.9,9.4,1,punch,94.6,block
100.0,100.0,1.62,6.8,8.42,0,punch,96.4,block
61.0,43.0,0.46,3.86,4.32,0,move_right,94.4,jump
100.0,100.0,2.79,6.17,8.97,0,punch,98.6,move_right
76.0,79.0,1.42,7.22,8.64,1,move_left,94.3,idle
67.0,100.0,1.23,4.63,5.86,4,punch,96.7,idle
100.0,100.0,2.63,5.83,8.46,0,kick,97.6,move_right
58.0,79.0,1.44,8.56,10.0,0,jump,93.1,punch
67.0,76.0,0.45,7.64,8.09,6,move_left,94.1,idle
100.0,100.0,2.16,4.26,6.42,0,move_left,97.0,move_right
37.0,52.0,0.42,6.8,7.22,0,kick,92.6,jump
25.0,76.0,0.79,7.67,8.47,0,move_right,95.2,move_right
100.0,100.0,5.58,2.24,7.82,0,move_left,98.5,move_right
76.0,61.0,1.32,7.22,8.54,2,move_right,95.1,idle
88.0,82.0,1.44,8.54,9.98,0,punch,95.8,block
67.0,73.0,0.86,8.24,9.1,0,punch,92.6,block
1.0,37.0,0.87,4.65,3.78,3,move_right,91.0,idle
43.0,49.0,0.77,4.94,5.7,2,move_right,94.8,idle
100.0,100.0,1.7,3.61,5.31,0,punch,98.3,jump
4.0,82.0,0.08,8.52,8.45,0,idle,90.6,move_left
94.0,100.0,1.77,7.18,8.95,2,punch,96.1,idle
22.0,73.0,0.11,8.56,8.44,0,punch,92.8,block
52.0,61.0,0.33,8.47,8.8,2,jump,91.5,idle
22.0,73.0,0.58,5.81,6.4,1,idle,93.8,idle
67.0,70.0,1.66,7.61,9.27,0,move_right,90.9,move_right
40.0,61.0,0.62,3.68,3.06,2,jump,92.6,idle
28.0,31.0,1.58,4.4,5.98,0,idle,94.4,kick
67.0,76.0,1.56,7.12,8.68,1,idle,94.1,move_left
31.0,46.0,1.13,5.49,6.62,0,idle,92.2,punch
58.0,58.0,0.44,7.67,8.11,2,move_right,94.0,idle
40.0,37.0,0.4,8.6,8.2,4,move_left,91.4,idle
49.0,58.0,1.04,4.78,3.74,0,block,91.0,block
10.0,19.0,1.68,7.34,9.02,3,move_right,90.3,idle
55.0,55.0,1.3,8.7,10.0,2,block,92.1,idle
82.0,76.0,1.07,7.02,8.1,3,idle,95.5,idle
100.0,100.0,1.33,6.28,7.61,0,idle,97.3,punch
100.0,100.0,2.02,5.42,7.44,0,block,96.2,jump
91.0,85.0,1.81,7.63,9.43,0,move_right,96.4,move_right
100.0,82.0,1.48,6.32,7.79,6,punch,97.8,idle
94.0,91.0,1.06,3.86,4.92,3,punch,98.5,block
34.0,67.0,1.18,8.18,7.0,1,idle,92.5,idle
46.0,73.0,0.72,7.89,8.61,0,move_right,89.4,kick
82.0,79.0,1.2,4.04,5.24,0,punch,95.0,block
58.0,43.0,1.31,3.45,4.76,2,kick,93.5,idle
100.0,100.0,3.48,4.48,7.96,0,idle,98.3,move_right
79.0,82.0,0.86,8.24,9.1,2,move_left,93.3,idle
79.0,25.0,0.29,5.55,5.26,3,idle,91.2,idle
40.0,16.0,0.1,8.6,8.5,1,kick,89.4,block
49.0,67.0,1.29,6.41,7.7,2,kick,93.7,idle
100.0,100.0,1.62,5.19,6.81,0,idle,98.4,jump
76.0,100.0,0.53,5.49,6.02,0,idle,96.0,punch
91.0,100.0,1.57,3.42,4.99,0,punch,97.6,punch
91.0,61.0,1.25,8.15,9.4,1,idle,94.8,idle
82.0,94.0,1.7,6.32,8.02,2,move_right,97.7,idle
67.0,73.0,0.12,8.19,8.31,3,jump,91.0,idle
22.0,4.0,0.34,4.43,4.77,3,move_left,91.1,idle
100.0,100.0,4.66,2.32,6.97,3,kick,98.2,idle
28.0,64.0,1.14,8.56,9.7,1,special,91.6,block
100.0,100.0,2.96,4.43,7.39,0,idle,98.0,move_right
100.0,85.0,0.01,8.81,8.8,3,jump,94.4,idle
37.0,73.0,0.44,8.66,9.1,2,special,91.9,block
100.0,100.0,3.52,4.92,8.45,0,jump,97.3,move_right
100.0,100.0,6.43,2.08,8.51,0,idle,99.0,move_right
31.0,34.0,1.08,7.34,8.42,0,move_right,91.8,block
10.0,10.0,0.23,8.23,8.01,0,kick,91.2,block
37.0,73.0,0.92,4.67,5.59,0,punch,92.7,jump
37.0,52.0,1.06,8.51,9.57,4,kick,87.8,block
34.0,76.0,1.01,4.09,5.1,0,move_right,96.3,kick
94.0,85.0,1.72,6.24,7.96,2,move_right,95.5,idle
43.0,70.0,1.2,4.34,5.54,2,move_left,92.9,idle
43.0,79.0,0.88,7.78,6.9,4,special,91.6,block
73.0,67.0,1.29,6.41,7.7,0,jump,94.1,special
40.0,61.0,2.0,7.35,9.35,0,punch,91.2,jump
34.0,16.0,1.12,5.21,6.34,1,punch,91.4,block
100.0,100.0,4.05,4.34,8.39,1,jump,98.6,idle
46.0,67.0,1.46,8.24,9.7,0,kick,91.6,block
58.0,82.0,1.0,6.04,7.03,2,kick,93.4,block
100.0,100.0,7.62,1.29,8.91,0,special,98.5,move_right
22.0,64.0,0.92,8.03,8.95,0,move_left,92.4,move_right
61.0,100.0,0.72,5.69,6.42,0,move_right,95.5,block
100.0,100.0,2.79,7.14,9.93,0,move_right,97.3,move_right
100.0,91.0,1.85,5.41,7.26,0,jump,97.2,move_right
61.0,82.0,0.15,3.87,4.02,0,move_left,97.1,punch
100.0,82.0,0.68,5.12,5.8,0,idle,98.3,punch
100.0,100.0,2.57,2.76,5.33,0,block,97.1,move_right
1.0,70.0,0.01,6.84,6.85,0,idle,90.6,move_right
88.0,79.0,2.05,4.37,6.42,2,move_right,94.1,idle
73.0,79.0,1.22,4.37,5.59,6,move_left,94.5,idle
70.0,67.0,1.7,5.71,7.41,0,kick,96.3,move_right
100.0,100.0,1.06,6.42,7.48,0,move_left,96.8,block
94.0,88.0,1.12,6.32,7.44,3,special,93.9,block
64.0,79.0,0.29,8.06,8.35,3,kick,93.4,block
100.0,100.0,1.43,6.43,7.86,0,kick,96.4,block
100.0,100.0,6.04,2.19,8.23,0,kick,98.5,punch
100.0,100.0,1.06,5.05,6.11,6,move_left,96.7,idle
100.0,82.0,0.91,6.79,7.7,4,kick,97.3,block
82.0,79.0,1.46,5.93,7.39,0,kick,95.2,block
100.0,100.0,3.01,2.65,5.66,0,punch,97.5,jump
82.0,100.0,0.53,5.49,6.02,0,kick,96.3,block
100.0,88.0,0.96,5.46,6.42,3,jump,95.8,idle
76.0,73.0,1.76,7.37,9.13,1,jump,94.7,idle
100.0,100.0,4.57,3.05,7.62,0,move_left,98.9,move_right
37.0,73.0,0.45,5.67,6.12,0,jump,90.2,punch
85.0,73.0,1.63,5.63,7.26,2,move_right,96.4,idle
100.0,100.0,6.58,1.59,8.17,0,idle,99.0,move_right
100.0,100.0,4.81,4.52,9.33,0,idle,99.0,move_right
37.0,25.0,0.23,8.23,8.01,2,block,92.6,idle
100.0,100.0,4.1,5.3,9.4,0,jump,97.7,move_right
70.0,76.0,1.81,6.55,8.36,0,move_right,90.6,punch
58.0,40.0,1.48,8.52,10.0,3,block,89.9,idle
100.0,100.0,2.33,6.16,8.49,0,idle,98.0,move_right
100.0,94.0,2.68,7.29,9.97,1,kick,94.1,idle
16.0,34.0,1.34,8.66,10.0,3,move_right,88.4,idle
64.0,79.0,0.88,7.39,8.27,0,punch,93.6,block
79.0,61.0,1.33,6.83,8.16,3,move_left,93.8,idle
94.0,70.0,0.76,7.91,8.67,1,punch,91.8,block
67.0,61.0,1.39,6.28,7.67,5,jump,95.7,idle
100.0,100.0,3.23,5.53,8.76,0,move_left,97.8,move_right
55.0,82.0,1.53,8.47,10.0,2,kick,92.2,idle
94.0,76.0,0.77,4.26,5.03,6,jump,95.5,idle
91.0,100.0,1.44,8.56,10.0,0,punch,96.9,block
100.0,94.0,1.51,7.33,8.83,1,punch,97.0,idle
49.0,76.0,1.36,5.62,6.97,0,idle,94.5,block
22.0,58.0,1.33,5.95,7.28,0,move_right,93.8,move_right
100.0,100.0,6.78,1.64,8.42,0,special,98.9,jump
82.0,91.0,1.05,5.97,7.02,2,jump,94.5,idle
22.0,73.0,0.46,7.81,7.34,0,move_left,90.7,move_left
94.0,82.0,1.29,4.95,6.24,0,jump,95.6,block
43.0,73.0,1.29,4.11,5.4,0,jump,94.0,jump
43.0,85.0,1.8,8.2,10.0,4,move_right,91.9,idle
37.0,67.0,0.33,5.02,5.35,3,punch,96.3,block
22.0,61.0,1.66,8.34,10.0,0,move_right,88.3,move_right
100.0,100.0,2.41,6.92,9.33,0,move_left,97.5,move_right
100.0,100.0,3.45,2.37,5.82,0,move_right,98.9,move_right
67.0,31.0,0.96,7.82,8.78,0,kick,90.2,block
16.0,76.0,1.02,8.08,9.1,0,idle,91.1,move_right
82.0,85.0,0.13,6.07,6.19,2,move_left,96.5,idle
100.0,100.0,2.8,4.52,7.32,0,jump,97.2,jump
22.0,85.0,1.23,5.15,6.38,0,kick,93.4,jump
28.0,40.0,0.0,8.5,8.5,2,punch,90.9,block
43.0,64.0,0.17,5.31,5.48,0,move_left,94.4,punch
16.0,58.0,0.06,8.62,8.68,0,idle,91.3,move_right
73.0,85.0,1.22,8.18,9.4,1,kick,94.4,idle
100.0,100.0,3.88,1.94,5.82,0,move_right,98.9,move_right
19.0,73.0,0.12,5.31,5.43,0,jump,94.9,move_right
52.0,76.0,1.17,6.69,7.87,2,move_left,93.8,idle
58.0,61.0,1.44,6.11,7.56,0,block,91.9,block
58.0,82.0,0.18,3.94,4.12,3,move_left,97.2,idle
100.0,100.0,1.55,4.53,6.08,0,move_left,97.8,kick
34.0,76.0,0.71,4.09,4.8,0,move_left,96.7,punch
13.0,73.0,0.36,7.26,7.62,0,move_left,91.1,move_right
49.0,91.0,1.03,8.16,9.19,0,move_left,95.5,special
100.0,100.0,1.96,6.23,8.2,0,block,95.3,jump
55.0,76.0,0.53,7.03,7.56,5,move_right,93.1,idle
64.0,82.0,1.6,6.04,7.63,0,kick,94.1,kick
100.0,100.0,1.62,3.54,5.16,0,move_left,98.7,move_right
7.0,55.0,0.03,6.28,6.25,0,move_left,90.3,move_left
94.0,49.0,0.68,8.42,9.1,4,move_left,93.2,idle
58.0,64.0,0.45,8.65,9.1,0,punch,92.4,block
85.0,85.0,0.81,4.55,5.35,1,move_right,95.1,move_right
100.0,91.0,1.12,7.13,8.26,1,punch,96.3,block
64.0,67.0,0.79,6.14,6.94,1,block,95.1,idle
40.0,58.0,0.87,8.47,7.6,0,punch,90.9,block
91.0,76.0,1.86,7.52,9.38,0,block,93.4,jump
73.0,55.0,1.28,4.2,5.48,6,move_left,95.4,idle
100.0,100.0,5.52,3.4,8.92,0,move_right,98.7,move_right
61.0,70.0,1.83,6.0,7.82,0,punch,94.1,move_right
100.0,100.0,1.47,6.3,7.77,0,jump,97.7,kick
100.0,100.0,2.02,6.53,8.56,0,punch,96.9,move_right
19.0,25.0,1.29,5.55,6.84,3,kick,90.0,idle
37.0,40.0,0.58,4.04,4.62,1,kick,93.8,block
67.0,52.0,1.12,7.22,8.34,1,move_left,91.7,idle
100.0,100.0,4.63,4.42,9.04,0,punch,98.1,move_right
82.0,100.0,1.62,6.7,8.32,0,punch,95.4,move_right
100.0,82.0,0.77,7.02,7.8,6,move_left,96.7,idle
73.0,79.0,0.39,6.7,7.09,0,block,92.7,block
76.0,88.0,0.67,4.02,4.69,0,punch,95.5,idle
31.0,70.0,1.22,7.31,8.53,2,move_left,93.1,idle
100.0,100.0,3.31,5.17,8.48,4,special,96.9,idle
100.0,100.0,4.77,1.67,6.44,1,punch,98.2,idle
52.0,58.0,1.58,4.4,5.98,2,punch,96.8,idle
61.0,67.0,1.21,6.79,8.0,1,punch,95.3,idle
100.0,88.0,1.0,8.7,9.7,1,idle,94.4,idle
100.0,100.0,1.64,4.93,6.57,0,punch,98.3,move_right
19.0,40.0,0.08,5.48,5.56,0,jump,92.7,special
61.0,76.0,0.25,6.01,6.26,0,idle,95.5,punch
49.0,46.0,1.09,6.44,7.54,0,idle,92.9,block
100.0,94.0,2.34,7.32,9.65,0,idle,95.1,move_right
100.0,100.0,5.46,1.61,7.06,0,idle,99.0,move_right
100.0,100.0,3.92,6.08,10.0,0,kick,97.6,move_right
100.0,100.0,2.54,7.16,9.7,0,kick,97.4,jump
94.0,73.0,1.78,7.6,9.37,1,jump,97.2,idle
100.0,100.0,2.53,7.04,9.57,0,punch,97.0,move_right
49.0,58.0,1.09,6.14,7.24,1,punch,94.0,block
100.0,67.0,1.23,4.65,5.88,6,jump,95.8,idle
88.0,85.0,0.83,7.03,7.86,1,punch,94.2,block
7.0,70.0,0.59,7.74,7.15,0,move_left,91.5,move_left
31.0,73.0,1.32,5.04,6.36,3,kick,94.9,idle
100.0,100.0,7.95,1.76,9.71,0,kick,98.7,move_right
100.0,100.0,2.98,5.8,8.77,0,move_left,98.5,move_right
49.0,67.0,0.48,6.14,5.66,1,block,95.1,idle
100.0,100.0,4.6,4.7,9.3,0,idle,97.6,jump
100.0,100.0,2.56,5.33,7.9,0,kick,96.1,jump
31.0,70.0,1.22,7.31,8.53,3,move_left,93.7,idle
76.0,91.0,1.26,4.9,6.16,4,move_left,94.8,idle
4.0,37.0,0.49,5.74,6.24,6,move_right,92.0,idle
73.0,70.0,1.3,7.6,8.9,0,move_right,94.3,punch
10.0,37.0,0.61,7.15,7.76,3,move_left,86.3,special
16.0,22.0,1.58,4.4,5.98,1,punch,94.1,idle
76.0,73.0,1.49,4.29,5.78,3,idle,96.1,idle
79.0,82.0,0.12,4.08,4.2,0,idle,97.2,punch
49.0,64.0,1.57,5.41,6.98,3,idle,93.7,idle
37.0,67.0,0.31,8.81,8.5,1,move_right,92.8,idle
55.0,73.0,0.53,7.07,7.6,0,move_left,93.3,block
16.0,52.0,0.43,8.24,8.67,3,kick,92.9,block
49.0,46.0,1.55,4.53,6.08,0,jump,94.1,punch
58.0,55.0,1.29,8.27,9.57,5,kick,95.4,idle
7.0,55.0,0.46,9.54,10.0,0,jump,89.7,move_right
82.0,88.0,0.82,6.32,7.14,0,punch,93.5,block
100.0,100.0,6.07,3.68,9.75,0,special,98.6,move_right
100.0,100.0,2.48,7.11,9.59,0,kick,97.2,jump
100.0,100.0,5.79,2.48,8.27,0,move_right,98.0,jump
10.0,82.0,1.04,8.66,9.7,0,move_right,92.2,move_right
46.0,64.0,0.67,7.17,7.84,3,move_right,95.2,idle
55.0,58.0,0.14,4.78,4.64,0,kick,92.5,jump
100.0,100.0,2.56,6.11,8.67,0,idle,95.0,move_right
100.0,100.0,6.53,1.03,7.56,0,block,98.3,move_right
100.0,100.0,1.23,4.72,5.95,1,move_right,98.5,idle
85.0,100.0,1.4,3.91,5.31,0,special,95.9,jump
64.0,94.0,1.04,8.66,9.7,1,kick,91.7,block
76.0,82.0,1.39,7.66,9.04,0,kick,95.5,kick
100.0,100.0,4.17,2.87,7.04,0,block,97.4,move_right
70.0,85.0,1.51,7.44,8.95,0,special,95.6,punch
94.0,100.0,1.7,5.9,7.6,1,move_right,96.8,idle
100.0,100.0,4.66,2.32,6.97,6,kick,98.5,idle
34.0,79.0,1.0,5.99,6.99,1,idle,91.6,idle
100.0,100.0,1.92,5.69,7.62,3,special,97.0,idle
100.0,100.0,6.74,2.96,9.7,0,kick,97.1,move_right
22.0,28.0,0.43,5.47,5.89,3,move_right,91.7,idle
82.0,94.0,1.59,4.37,5.96,0,jump,97.3,jump
52.0,49.0,2.49,4.95,7.44,1,move_right,92.4,idle
61.0,85.0,1.23,5.15,6.38,1,special,96.5,idle
10.0,73.0,0.11,7.96,7.84,0,move_left,90.4,move_left
100.0,100.0,2.82,4.0,6.82,0,punch,98.6,move_right
10.0,28.0,0.31,8.81,8.5,0,idle,89.5,special
25.0,22.0,0.9,6.91,7.8,1,move_right,88.4,idle
13.0,79.0,1.35,6.81,8.15,0,jump,92.9,move_right
79.0,76.0,0.84,5.81,6.66,2,kick,93.8,block
85.0,67.0,0.11,3.45,3.56,2,move_right,95.1,idle
100.0,100.0,2.42,6.24,8.66,2,move_right,94.4,idle
28.0,79.0,0.28,8.08,7.8,0,kick,89.7,block
100.0,91.0,1.55,4.53,6.08,3,idle,97.7,idle
58.0,82.0,0.02,3.68,3.66,0,idle,95.3,punch
55.0,67.0,1.46,8.24,9.7,2,punch,91.8,idle
79.0,85.0,1.15,7.35,8.5,1,punch,96.4,block
100.0,100.0,4.44,3.71,8.14,0,idle,99.0,move_right
7.0,73.0,0.12,3.94,3.82,1,kick,94.8,block
100.0,91.0,1.44,7.01,8.44,0,punch,97.3,block
82.0,82.0,1.8,6.8,8.6,0,move_left,95.7,block
16.0,55.0,0.21,8.51,8.3,0,move_left,90.8,move_left
67.0,43.0,0.13,6.07,6.19,5,move_left,94.3,idle
67.0,67.0,1.33,6.5,7.83,2,move_right,95.5,idle
100.0,100.0,2.11,6.24,8.35,0,punch,98.1,move_right
52.0,43.0,1.1,7.22,8.32,0,kick,93.8,jump
82.0,55.0,1.58,4.2,5.78,6,jump,95.9,idle
31.0,76.0,0.07,7.03,6.96,0,move_left,91.8,special
100.0,100.0,3.13,5.76,8.89,0,kick,98.6,jump
16.0,67.0,0.04,4.86,4.82,0,punch,92.3,jump
100.0,100.0,1.63,5.98,7.61,0,move_left,97.6,move_right
37.0,16.0,1.5,8.5,10.0,0,move_right,91.7,move_right
94.0,85.0,1.72,6.24,7.96,0,block,95.3,jump
19.0,58.0,0.56,8.27,8.83,0,move_right,90.7,move_right
100.0,100.0,4.28,3.28,7.57,0,idle,99.0,move_right
61.0,94.0,0.94,6.44,7.38,2,move_left,93.9,idle
100.0,100.0,6.12,2.57,8.69,0,kick,98.8,move_right
100.0,100.0,8.14,1.8,9.93,0,idle,98.8,move_right
100.0,100.0,2.92,5.12,8.04,0,move_left,97.7,move_right
100.0,100.0,7.19,2.36,9.55,0,idle,99.0,jump
100.0,100.0,4.94,3.31,8.24,0,move_left,97.1,move_right
76.0,79.0,1.23,6.0,7.22,2,block,94.9,idle
22.0,64.0,0.4,6.8,7.2,0,move_right,94.2,move_right
52.0,73.0,1.5,5.74,7.24,0,jump,94.0,punch
43.0,76.0,0.03,5.02,5.05,1,move_left,96.5,idle
25.0,58.0,0.43,8.24,8.67,0,special,93.0,punch
61.0,70.0,1.83,6.6,8.42,0,move_right,93.9,move_right
34.0,67.0,0.87,6.27,5.4,1,move_right,90.5,idle
43.0,76.0,0.88,8.18,7.3,0,move_left,92.9,block
22.0,88.0,0.68,5.01,5.69,0,punch,94.2,jump
94.0,94.0,1.59,6.41,8.0,0,block,96.0,block
1.0,73.0,0.3,9.1,9.4,0,move_right,90.7,move_right
100.0,100.0,1.76,3.37,5.13,0,punch,97.6,move_right
40.0,43.0,0.02,8.48,8.5,2,punch,90.3,block
7.0,22.0,1.58,5.0,6.58,0,move_right,93.4,move_right
70.0,82.0,0.59,8.18,8.77,1,move_left,96.3,idle
100.0,73.0,1.32,8.2,9.52,0,jump,94.8,jump
100.0,100.0,2.18,3.51,5.69,0,idle,97.6,jump
100.0,100.0,6.7,2.6,9.3,0,kick,98.4,move_right
100.0,100.0,4.5,1.84,6.34,0,move_left,98.4,move_right
10.0,28.0,0.79,6.58,7.37,1,kick,93.4,block
46.0,64.0,1.14,8.56,9.7,3,move_left,91.8,idle
37.0,46.0,0.96,7.0,7.96,3,kick,87.7,block
58.0,76.0,1.21,7.93,9.13,0,jump,94.6,kick
31.0,43.0,1.63,6.8,8.43,3,move_right,93.1,idle
46.0,58.0,0.28,6.32,6.59,0,punch,93.9,block
16.0,37.0,0.57,4.65,4.08,4,move_left,91.9,idle
100.0,100.0,5.23,4.34,9.57,0,punch,98.3,jump
10.0,37.0,0.38,4.2,4.58,2,move_left,92.4,idle
31.0,43.0,1.03,6.8,7.83,2,move_left,93.4,jump
79.0,100.0,1.7,4.51,6.21,0,idle,95.0,move_right
88.0,100.0,1.46,7.94,9.4,0,punch,94.7,block
4.0,70.0,0.11,8.09,8.2,0,kick,92.9,block
94.0,100.0,0.08,4.97,5.05,1,move_left,98.3,idle
28.0,61.0,1.0,7.6,8.6,0,kick,91.4,block
100.0,100.0,4.86,2.46,7.32,1,punch,97.8,idle
100.0,100.0,7.11,1.27,8.37,0,move_right,98.8,move_right
94.0,100.0,1.37,7.33,8.7,0,idle,96.9,block
79.0,67.0,0.39,4.95,5.34,0,move_left,94.6,kick
100.0,91.0,1.55,5.41,6.96,2,idle,97.4,idle
52.0,55.0,1.7,7.51,9.21,0,idle,89.0,move_right
40.0,79.0,0.14,7.51,7.64,0,jump,92.0,punch
40.0,85.0,1.23,5.15,6.38,0,kick,95.2,block
58.0,73.0,1.34,7.36,8.7,0,move_left,96.1,jump
91.0,88.0,1.02,6.8,7.82,2,punch,95.6,block
34.0,31.0,0.3,6.91,7.2,3,idle,90.0,idle
94.0,76.0,0.77,4.94,5.7,0,move_left,96.6,special
100.0,94.0,1.44,7.92,9.35,0,punch,94.8,block
10.0,40.0,0.61,9.39,10.0,3,move_right,88.7,idle
25.0,25.0,1.34,6.23,4.9,0,block,87.9,punch
58.0,73.0,1.5,5.44,6.94,0,jump,94.7,block
79.0,76.0,0.84,5.81,6.66,1,special,93.7,block
73.0,58.0,0.69,4.95,5.64,2,kick,93.7,block
100.0,100.0,1.96,6.53,8.5,0,kick,95.1,jump
100.0,100.0,1.96,6.71,8.67,0,punch,94.8,move_right
100.0,100.0,1.67,4.64,6.3,0,block,98.1,move_right
100.0,100.0,3.24,4.01,7.26,0,punch,98.5,jump
82.0,91.0,0.72,5.49,6.21,0,move_right,95.9,punch
28.0,73.0,0.19,8.56,8.74,0,punch,93.2,block
70.0,64.0,0.28,7.09,7.37,3,punch,94.7,block
100.0,100.0,1.62,4.08,5.7,0,move_left,98.3,jump
64.0,82.0,1.58,6.28,7.87,2,punch,95.2,idle
55.0,70.0,1.24,6.74,7.98,3,move_left,91.5,idle
10.0,64.0,0.0,9.7,9.7,0,punch,89.8,block
13.0,25.0,0.9,7.1,8.0,2,move_left,91.1,idle
7.0,55.0,0.27,5.98,6.25,0,punch,90.2,jump
100.0,100.0,1.53,5.15,6.68,0,idle,97.8,punch
94.0,94.0,0.87,7.18,8.05,2,move_left,95.7,idle
100.0,100.0,2.42,5.21,7.63,0,special,97.6,move_right
40.0,37.0,0.13,5.47,5.59,0,punch,92.1,jump
100.0,94.0,1.19,8.51,9.7,2,kick,95.2,block
91.0,100.0,1.58,5.98,7.57,1,kick,96.8,idle
70.0,91.0,1.02,5.78,6.8,0,block,97.2,punch
1.0,28.0,1.1,7.81,8.91,3,special,87.6,block
43.0,34.0,1.89,5.88,7.76,5,punch,92.2,move_right
100.0,100.0,1.42,6.32,7.74,0,idle,97.2,punch
67.0,88.0,0.97,4.02,4.99,0,jump,94.7,punch
43.0,52.0,1.06,8.51,9.57,3,kick,88.4,block
100.0,100.0,3.84,3.9,7.74,0,idle,98.8,move_right
100.0,100.0,3.13,5.76,8.89,0,special,98.5,move_right
1.0,73.0,0.13,9.66,9.79,0,kick,93.3,block
100.0,100.0,2.18,5.67,7.84,0,punch,96.8,move_right
40.0,46.0,0.6,8.5,9.1,5,special,91.7,block
85.0,61.0,0.73,5.98,6.71,0,jump,95.2,kick
7.0,4.0,1.28,8.42,9.7,3,move_left,88.5,special
100.0,100.0,5.82,2.79,8.61,0,move_left,97.4,move_right
100.0,100.0,2.07,5.7,7.77,0,punch,98.0,move_right
100.0,100.0,3.82,4.52,8.34,0,punch,97.9,move_right
73.0,49.0,0.76,3.86,4.62,4,kick,95.6,block
100.0,100.0,1.34,6.91,8.24,0,block,95.6,block
31.0,58.0,0.23,7.03,7.26,6,move_right,91.7,idle
55.0,67.0,1.46,7.97,9.43,3,move_right,93.2,idle
34.0,67.0,0.88,8.18,7.3,0,move_right,92.4,punch
76.0,67.0,1.82,8.18,10.0,2,kick,93.0,idle
91.0,94.0,1.35,7.28,8.63,1,block,96.3,idle
34.0,37.0,1.13,5.2,6.34,0,idle,92.7,special
88.0,94.0,1.45,4.07,5.52,0,punch,95.4,block
100.0,100.0,2.23,3.6,5.83,0,jump,98.9,jump
70.0,61.0,1.08,8.32,9.4,0,move_right,93.5,punch
16.0,61.0,1.06,8.94,10.0,0,jump,87.7,move_right
79.0,82.0,2.2,6.7,8.9,0,move_right,95.4,jump
34.0,28.0,0.15,3.87,3.72,4,kick,94.7,block
79.0,100.0,1.1,4.62,5.72,0,block,97.5,punch
100.0,100.0,3.5,5.51,9.01,0,idle,97.6,move_right
88.0,100.0,1.37,7.63,9.0,2,punch,96.4,idle
88.0,91.0,0.72,8.15,8.87,2,block,97.2,idle
7.0,73.0,0.48,6.84,6.36,0,move_left,92.3,move_left
100.0,100.0,4.01,2.36,6.38,0,kick,98.1,move_right
40.0,91.0,0.41,4.39,4.8,2,block,97.8,idle
100.0,100.0,4.27,5.43,9.7,0,move_left,97.5,move_right
88.0,67.0,0.79,6.14,6.94,3,jump,96.0,idle
88.0,85.0,1.1,5.71,6.81,0,punch,97.5,jump
82.0,100.0,1.62,6.7,8.32,0,move_left,95.5,jump
88.0,91.0,0.89,8.18,9.07,0,idle,96.6,kick
100.0,82.0,1.18,4.04,5.22,6,jump,97.5,idle
100.0,100.0,2.57,6.13,8.7,0,block,98.0,jump
64.0,70.0,0.6,8.5,9.1,3,move_left,93.1,idle
94.0,91.0,1.17,5.27,6.44,0,punch,96.2,block
31.0,46.0,1.13,5.49,6.62,3,kick,92.1,block
91.0,91.0,1.02,5.49,6.51,0,block,97.1,punch
64.0,67.0,1.55,8.15,9.7,5,punch,96.1,idle
10.0,19.0,1.89,5.55,7.44,0,move_right,89.3,move_right
46.0,28.0,1.12,5.21,6.34,3,punch,92.8,block
31.0,88.0,0.98,7.08,8.05,1,jump,96.6,idle
34.0,31.0,1.04,4.78,3.74,0,idle,89.6,special
40.0,61.0,1.4,7.31,8.71,2,jump,93.4,idle
85.0,67.0,1.65,8.18,9.83,0,block,93.8,jump
16.0,79.0,0.02,7.78,7.8,0,punch,89.1,block
79.0,88.0,1.16,8.24,9.4,0,jump,93.5,punch
100.0,94.0,1.03,6.28,7.31,1,punch,97.0,block
52.0,70.0,0.45,7.64,7.19,3,move_left,92.2,idle
52.0,49.0,0.93,6.12,7.05,1,move_left,93.4,idle
100.0,100.0,4.5,2.11,6.6,0,punch,97.8,move_right
7.0,25.0,0.08,7.43,7.36,0,block,90.7,punch
37.0,43.0,1.51,7.99,9.5,0,kick,92.0,block
10.0,19.0,1.28,7.79,9.07,1,idle,88.9,idle
40.0,55.0,1.4,7.95,9.35,3,punch,90.8,idle
55.0,64.0,0.24,5.62,5.38,2,move_left,93.5,idle
1.0,22.0,0.73,7.07,7.81,3,idle,89.0,idle
100.0,100.0,1.35,7.64,8.99,0,move_left,96.5,kick
46.0,64.0,0.54,5.62,5.08,0,move_left,93.1,block
100.0,100.0,6.68,1.57,8.25,0,idle,98.9,move_right
100.0,82.0,1.55,5.71,7.26,2,block,96.8,idle
100.0,100.0,2.92,4.52,7.44,0,punch,96.9,jump
19.0,76.0,0.33,9.07,9.4,0,idle,88.4,move_right
61.0,70.0,1.1,8.6,9.7,2,jump,93.3,idle
100.0,100.0,5.84,2.11,7.94,0,move_left,98.5,jump
76.0,100.0,1.84,5.24,7.08,1,punch,96.2,idle
70.0,76.0,1.1,7.22,8.32,2,move_left,96.3,idle
100.0,100.0,2.96,5.87,8.83,2,kick,97.3,idle
94.0,73.0,1.02,7.22,8.24,4,idle,96.6,idle
22.0,37.0,0.13,5.47,5.59,0,special,91.9,block
10.0,7.0,0.02,4.04,4.02,3,block,92.0,idle
43.0,70.0,1.65,6.91,8.56,0,move_left,95.1,move_right
94.0,82.0,0.6,7.3,7.9,3,jump,95.0,idle
43.0,46.0,0.06,7.01,6.94,2,punch,93.8,block
100.0,91.0,1.17,5.27,6.44,2,move_left,96.4,idle
79.0,22.0,0.91,7.52,8.43,5,punch,93.6,block
88.0,79.0,1.15,4.97,6.12,0,move_left,93.3,idle
55.0,76.0,0.07,7.03,6.96,3,move_left,92.9,idle
52.0,46.0,0.32,7.09,6.77,0,move_right,93.0,block
40.0,28.0,1.33,8.33,9.66,0,punch,90.7,block
22.0,46.0,0.91,7.15,8.06,2,move_left,87.2,idle
52.0,82.0,0.15,4.17,4.32,2,punch,96.1,block
34.0,79.0,1.0,5.99,6.99,2,idle,91.7,idle
100.0,100.0,1.83,4.42,6.25,0,jump,98.9,move_right
10.0,25.0,0.97,8.43,9.4,1,move_left,88.9,idle
61.0,91.0,1.03,7.86,8.89,6,punch,96.4,block
91.0,100.0,1.88,5.68,7.57,0,move_right,97.3,jump
55.0,67.0,1.59,4.08,5.66,0,idle,96.4,punch
55.0,82.0,0.72,7.18,7.9,3,idle,92.8,idle
16.0,46.0,0.3,5.24,4.94,3,move_left,88.4,idle
79.0,79.0,0.84,7.01,7.84,4,jump,95.1,idle
1.0,46.0,0.38,7.22,6.84,0,punch,89.1,kick
28.0,40.0,0.6,8.5,7.9,2,punch,90.1,block
19.0,49.0,0.12,8.32,8.2,0,move_left,90.2,block
100.0,100.0,2.05,6.7,8.75,2,punch,95.5,idle
94.0,94.0,0.47,5.01,5.48,0,move_right,96.9,punch
100.0,100.0,2.21,4.46,6.68,0,punch,96.9,move_right
13.0,58.0,0.26,8.57,8.83,0,idle,90.1,move_right
100.0,100.0,2.62,5.42,8.04,0,kick,97.5,move_right
16.0,19.0,0.47,5.68,5.21,3,move_left,91.5,idle
88.0,70.0,0.9,8.5,9.4,5,block,94.0,idle
100.0,100.0,3.15,6.08,9.23,0,block,97.1,move_right
88.0,88.0,1.19,4.77,5.96,3,move_left,97.9,idle
37.0,28.0,0.72,8.42,9.14,6,move_left,91.3,idle
1.0,55.0,0.23,7.67,7.9,0,idle,89.7,move_right
73.0,61.0,0.2,8.6,8.8,5,special,93.0,block
91.0,91.0,1.35,8.65,10.0,2,kick,94.7,idle
100.0,61.0,1.03,5.98,7.01,6,move_left,95.8,idle
52.0,70.0,1.44,8.56,10.0,2,idle,92.5,idle
37.0,70.0,0.61,7.44,8.05,0,punch,93.7,block
100.0,100.0,6.32,0.84,7.16,0,idle,98.7,move_right
100.0,67.0,1.55,8.15,9.7,1,move_right,95.2,idle
55.0,58.0,1.6,7.22,8.81,0,idle,93.3,punch
100.0,100.0,6.76,3.08,9.83,0,idle,98.9,jump
100.0,100.0,2.81,5.99,8.8,0,move_right,97.0,move_right
40.0,79.0,1.47,5.87,7.34,0,punch,92.8,block
100.0,100.0,5.25,2.61,7.85,0,idle,98.6,move_right
100.0,100.0,1.83,7.27,9.1,0,idle,95.8,move_right
55.0,67.0,1.62,5.5,7.12,0,kick,93.9,move_right
16.0,73.0,1.32,5.64,6.96,2,punch,93.9,idle
76.0,88.0,1.26,5.62,6.88,0,move_left,95.4,punch
100.0,100.0,1.4,7.01,8.41,2,kick,96.4,idle
10.0,25.0,0.67,8.43,9.1,0,move_left,87.8,kick
100.0,100.0,3.44,6.26,9.7,2,special,96.6,special
100.0,100.0,2.19,4.9,7.09,0,move_left,96.9,idle
94.0,100.0,1.13,6.43,7.56,0,move_left,96.2,idle
55.0,64.0,0.06,5.62,5.68,3,move_left,93.6,idle
37.0,46.0,1.32,8.42,9.74,1,punch,91.5,idle
73.0,40.0,1.25,8.45,9.7,0,jump,93.1,punch
49.0,31.0,1.22,5.99,7.2,0,idle,89.5,special
16.0,16.0,0.6,6.91,7.5,3,kick,88.1,block
94.0,100.0,1.09,4.24,5.34,2,punch,98.8,block
100.0,100.0,2.68,4.61,7.3,0,kick,97.8,jump
67.0,79.0,0.83,7.07,7.9,1,punch,94.8,block
46.0,58.0,0.87,8.47,7.6,1,block,91.2,idle
100.0,100.0,6.46,1.9,8.36,0,move_left,98.7,move_right
28.0,52.0,0.61,7.76,7.15,0,move_left,91.1,move_left
100.0,94.0,1.3,8.7,10.0,3,idle,95.2,idle
73.0,100.0,1.4,5.41,6.81,0,move_left,94.4,kick
40.0,37.0,1.5,7.4,8.9,3,idle,92.8,idle
13.0,55.0,0.07,7.67,7.6,0,move_right,90.4,move_left
22.0,64.0,1.0,7.24,8.23,0,move_right,90.3,move_right
100.0,100.0,5.94,2.52,8.45,0,move_left,97.9,move_right
91.0,100.0,0.94,8.28,9.22,0,kick,95.9,jump
10.0,25.0,0.44,8.51,8.07,1,move_left,85.9,idle
79.0,61.0,1.56,7.82,9.38,3,punch,92.1,idle
79.0,46.0,0.52,5.12,4.6,4,move_left,96.3,idle
55.0,88.0,1.67,4.84,6.51,2,punch,94.3,idle
100.0,100.0,1.92,4.89,6.81,0,move_left,98.7,jump
73.0,85.0,1.06,3.86,4.92,0,punch,97.6,block
55.0,85.0,1.23,5.15,6.38,1,special,96.1,idle
100.0,100.0,7.72,0.72,8.45,0,punch,98.9,move_right
91.0,70.0,1.52,5.99,7.5,2,move_right,94.2,idle
100.0,100.0,4.36,0.88,5.24,0,punch,98.9,move_right
10.0,16.0,1.51,7.99,9.5,0,jump,90.4,move_right
16.0,25.0,0.02,4.04,4.02,0,move_left,92.5,kick
100.0,100.0,4.05,4.34,8.39,3,move_right,98.8,idle
10.0,64.0,0.1,8.14,8.23,0,kick,88.7,jump
73.0,85.0,1.52,7.01,8.53,0,move_right,94.8,block
67.0,1.0,0.89,5.55,4.66,1,move_left,89.7,idle
79.0,52.0,0.69,6.6,7.29,0,punch,94.6,block
70.0,61.0,1.32,7.22,8.54,0,kick,94.5,block
76.0,73.0,1.21,6.79,8.0,0,move_right,96.0,kick
46.0,67.0,0.57,8.47,7.9,1,special,91.5,kick
10.0,16.0,1.21,7.99,9.2,3,idle,91.1,idle
37.0,25.0,0.23,8.23,8.01,1,block,92.5,idle
16.0,43.0,0.95,8.45,9.4,0,kick,93.1,jump
100.0,100.0,3.41,4.79,8.2,1,punch,98.1,punch
61.0,58.0,1.55,8.45,10.0,2,move_right,94.6,idle
100.0,100.0,2.93,4.03,6.96,0,idle,97.3,move_right
46.0,43.0,0.57,6.12,5.55,2,move_left,92.0,idle
49.0,61.0,1.0,7.6,8.6,3,idle,92.3,idle
85.0,82.0,0.08,5.12,5.2,0,punch,97.8,block
1.0,64.0,0.09,7.88,7.97,0,punch,90.7,block
94.0,100.0,1.87,6.95,8.82,3,move_right,96.4,idle
43.0,34.0,0.43,5.98,6.41,0,punch,92.9,block
100.0,100.0,4.13,2.83,6.96,0,move_left,97.7,move_right
100.0,100.0,4.75,2.5,7.25,0,punch,98.5,move_right
34.0,76.0,1.32,7.18,8.5,0,punch,92.0,block
28.0,55.0,0.86,5.93,6.79,2,special,93.2,block
91.0,100.0,1.35,6.81,8.15,1,idle,96.4,idle
100.0,100.0,2.67,4.37,7.04,0,punch,96.9,move_right
58.0,76.0,0.3,6.92,7.22,1,move_left,94.6,idle
37.0,46.0,1.86,6.7,8.56,1,kick,89.1,idle
43.0,76.0,0.15,3.87,3.72,0,kick,96.6,block
28.0,49.0,0.77,4.94,5.7,0,kick,94.6,jump
1.0,58.0,0.44,6.99,7.42,0,move_right,91.4,move_right
58.0,70.0,1.7,6.91,8.61,3,idle,91.1,idle
70.0,88.0,1.57,7.83,9.4,3,punch,95.6,idle
100.0,100.0,3.6,3.61,7.2,0,move_right,97.2,move_right
100.0,100.0,5.6,2.6,8.2,0,punch,98.8,move_right
49.0,85.0,0.91,7.44,8.35,0,idle,94.5,kick
37.0,52.0,1.81,6.79,8.6,1,block,94.4,idle
4.0,82.0,0.2,7.1,7.29,0,move_right,94.1,move_right
91.0,100.0,1.44,3.7,5.14,3,idle,97.9,idle
22.0,82.0,1.25,5.75,7.0,0,block,94.7,move_right
34.0,16.0,1.12,5.21,6.34,2,idle,91.5,idle
100.0,91.0,1.88,5.69,7.57,3,move_right,97.2,idle
100.0,100.0,6.12,3.14,9.25,0,punch,97.9,move_right
91.0,64.0,1.52,5.99,7.5,3,punch,93.9,idle
28.0,13.0,0.98,8.42,9.4,1,move_right,90.4,idle
43.0,64.0,0.13,5.31,5.18,3,move_left,94.3,idle
31.0,58.0,0.79,7.71,8.5,0,jump,91.8,kick
13.0,25.0,1.62,7.0,8.62,0,block,88.8,move_right
28.0,37.0,1.43,7.66,9.09,3,idle,91.2,idle
13.0,13.0,1.64,3.58,1.94,3,move_left,87.4,idle
19.0,55.0,0.03,6.88,6.85,4,move_left,91.0,idle
52.0,46.0,0.44,7.67,8.11,0,punch,92.9,block
100.0,100.0,2.16,6.32,8.48,0,move_right,96.4,move_right
58.0,82.0,0.58,3.68,4.26,3,punch,95.6,block
67.0,58.0,0.25,7.35,7.6,0,move_left,94.8,jump
4.0,67.0,0.04,4.86,4.82,0,punch,91.0,block
10.0,7.0,0.09,6.18,6.26,2,move_left,86.9,idle
100.0,91.0,1.46,3.96,5.42,0,jump,96.9,kick
100.0,100.0,1.73,7.03,8.76,3,kick,97.1,idle
19.0,31.0,0.19,5.82,6.01,3,punch,91.0,block
100.0,100.0,0.76,4.87,5.63,0,idle,99.0,kick
94.0,100.0,0.53,7.03,7.56,0,kick,95.6,move_left
55.0,52.0,0.93,6.9,7.82,4,move_left,93.5,idle
82.0,94.0,1.38,6.58,7.96,2,move_left,95.0,idle
40.0,88.0,0.18,5.69,5.52,0,move_left,93.9,kick
100.0,100.0,5.55,3.38,8.93,0,kick,98.5,move_right
22.0,61.0,0.4,7.9,8.3,0,jump,90.9,move_right
94.0,82.0,1.57,7.25,8.82,6,jump,95.7,idle
70.0,73.0,0.91,6.79,7.7,0,move_left,95.6,punch
85.0,91.0,1.86,7.12,8.98,0,jump,95.3,jump
85.0,82.0,1.39,7.71,9.1,0,jump,94.0,punch
100.0,100.0,4.22,5.03,9.25,0,punch,98.5,move_right
100.0,100.0,3.6,4.82,8.42,0,punch,97.3,move_right
61.0,100.0,1.37,4.54,5.91,0,punch,96.3,block
100.0,100.0,2.42,6.24,8.66,1,punch,94.3,idle
73.0,73.0,0.9,5.44,6.34,1,block,95.6,idle
55.0,46.0,1.23,6.9,8.12,1,idle,92.8,idle
88.0,79.0,1.75,4.37,6.12,2,move_right,94.5,idle
100.0,100.0,3.93,3.72,7.65,0,jump,97.8,move_right
100.0,100.0,4.36,3.23,7.6,0,block,97.7,move_right
94.0,67.0,1.28,8.42,9.7,0,move_left,93.5,special
13.0,19.0,1.06,4.46,5.52,0,move_left,91.4,punch
100.0,94.0,1.03,7.94,8.97,2,move_left,96.5,punch
100.0,100.0,3.93,3.12,7.05,0,idle,98.4,move_right
43.0,25.0,1.72,7.74,9.46,3,move_right,90.4,idle
94.0,100.0,1.87,6.95,8.82,1,idle,96.2,move_left
100.0,91.0,1.4,7.01,8.41,3,idle,96.1,idle
100.0,100.0,3.6,3.31,6.9,0,idle,97.3,move_right
85.0,79.0,1.51,6.54,8.05,2,punch,95.3,idle
73.0,67.0,1.42,4.61,6.04,0,move_left,97.5,jump
100.0,100.0,1.94,4.59,6.52,0,punch,97.6,move_right
64.0,67.0,1.1,7.31,8.41,1,jump,94.6,idle
28.0,73.0,0.11,8.56,8.44,0,jump,93.5,move_left
31.0,73.0,1.22,4.67,5.89,0,jump,92.2,special
16.0,94.0,0.25,6.13,6.38,0,kick,92.2,block
7.0,25.0,0.08,7.43,7.36,0,special,90.8,block
1.0,64.0,0.03,7.97,7.94,0,jump,89.2,move_left
22.0,61.0,0.56,3.85,4.41,2,move_left,94.7,idle
19.0,43.0,0.01,8.81,8.8,0,move_right,90.8,kick
70.0,64.0,0.47,4.26,4.73,0,idle,94.3,punch
85.0,100.0,1.4,3.91,5.31,3,idle,96.4,idle
37.0,37.0,0.34,8.54,8.2,0,move_right,90.4,punch
85.0,100.0,1.7,3.91,5.61,0,move_right,95.8,move_right
16.0,61.0,0.46,8.48,8.93,0,move_right,89.6,move_right
100.0,100.0,3.53,3.39,6.92,0,move_left,97.7,move_right
100.0,100.0,4.6,3.59,8.19,3,move_right,97.2,idle
82.0,100.0,1.35,7.64,8.99,6,idle,95.7,idle
43.0,13.0,0.24,7.82,7.58,1,jump,88.2,idle
85.0,73.0,0.7,6.8,7.5,0,jump,95.5,block
49.0,55.0,0.1,8.6,8.5,2,move_left,91.9,idle
28.0,13.0,1.52,7.09,5.57,2,move_left,90.7,idle
76.0,88.0,1.36,6.42,7.78,3,jump,95.7,idle
10.0,70.0,1.32,8.09,9.41,3,move_right,93.6,idle
100.0,91.0,1.55,5.75,7.3,0,kick,96.2,punch
100.0,94.0,1.53,5.15,6.68,3,idle,97.7,idle
100.0,100.0,3.87,3.69,7.57,0,punch,97.7,move_right
4.0,31.0,0.52,6.06,6.58,3,punch,92.3,block
100.0,100.0,2.14,7.38,9.52,0,punch,97.5,move_right
79.0,40.0,0.61,7.52,8.13,3,jump,94.1,idle
61.0,82.0,0.72,4.08,4.8,0,move_right,96.7,punch
34.0,55.0,0.72,8.15,8.87,0,jump,94.9,punch
100.0,100.0,5.49,2.48,7.97,0,move_left,97.9,move_right
94.0,94.0,1.14,7.58,8.72,3,block,96.5,idle
22.0,73.0,0.16,7.51,7.34,6,move_left,91.5,idle
94.0,88.0,1.57,3.61,5.18,2,move_right,97.9,idle
76.0,52.0,0.88,4.04,4.92,0,punch,94.6,jump
100.0,100.0,3.41,4.79,8.2,3,jump,98.0,idle
25.0,22.0,0.65,4.83,5.48,0,block,92.6,kick
34.0,40.0,1.32,6.9,8.22,0,punch,93.1,block
88.0,85.0,1.45,4.37,5.82,2,idle,95.0,idle
10.0,82.0,0.35,6.65,7.0,0,punch,94.1,block
58.0,55.0,0.68,4.2,4.88,0,jump,94.7,block
100.0,100.0,2.16,4.0,6.16,0,block,98.1,jump
67.0,76.0,0.45,7.64,8.09,4,idle,93.9,idle
64.0,67.0,1.14,5.81,6.96,0,jump,92.7,punch
100.0,100.0,3.8,4.65,8.45,0,move_left,97.7,move_right
94.0,94.0,0.17,5.01,5.18,0,punch,97.0,jump
10.0,31.0,1.0,7.22,8.21,0,kick,91.7,block
100.0,100.0,3.3,3.91,7.2,0,kick,97.0,jump
43.0,64.0,0.17,5.31,5.48,2,move_right,94.2,idle
49.0,67.0,0.66,6.9,6.24,3,punch,92.5,block
82.0,82.0,1.32,5.61,6.93,5,special,97.7,idle
10.0,58.0,0.22,7.51,7.29,0,punch,90.7,block
79.0,82.0,0.43,7.94,8.37,0,idle,94.9,punch
40.0,37.0,0.4,8.6,8.2,3,idle,91.3,idle
25.0,25.0,1.59,6.18,7.76,1,punch,88.9,jump
94.0,100.0,1.09,4.24,5.34,0,jump,98.6,kick
100.0,100.0,2.12,6.11,8.23,0,punch,96.9,move_right
100.0,100.0,4.04,3.91,7.94,0,move_left,96.9,move_right
100.0,100.0,3.31,4.63,7.93,0,jump,98.8,move_right
100.0,100.0,3.38,6.62,10.0,0,punch,97.0,jump
100.0,76.0,1.07,7.02,8.1,3,kick,95.9,block
31.0,52.0,0.74,8.66,9.4,0,block,90.5,kick
4.0,73.0,0.32,6.41,6.1,0,move_left,92.4,move_left
100.0,100.0,5.13,2.22,7.35,0,move_left,98.9,move_right
94.0,94.0,1.5,6.92,8.42,1,punch,96.1,idle
10.0,82.0,0.35,6.65,7.0,0,punch,94.2,block
100.0,100.0,5.34,3.12,8.45,0,punch,97.7,move_right
91.0,76.0,2.41,5.35,7.76,2,idle,93.8,idle
94.0,100.0,1.32,7.48,8.8,0,punch,95.6,block
19.0,22.0,0.38,5.48,5.86,4,move_right,92.4,idle
91.0,91.0,0.72,5.49,6.21,3,move_left,96.6,idle
100.0,100.0,3.61,4.69,8.3,0,punch,98.7,move_right
31.0,70.0,1.52,7.31,8.83,0,kick,93.8,punch
100.0,100.0,3.1,4.6,7.7,0,kick,98.4,move_right
37.0,70.0,0.99,4.37,5.36,1,punch,95.4,block
43.0,43.0,0.83,7.66,8.49,0,punch,92.8,block
79.0,85.0,2.16,5.31,7.47,0,move_right,96.6,jump
58.0,61.0,1.74,5.81,7.56,0,punch,92.3,jump
67.0,52.0,1.12,7.22,8.34,0,kick,91.6,jump
70.0,61.0,0.8,7.22,8.02,3,jump,95.2,idle
100.0,100.0,2.78,7.22,10.0,0,punch,96.7,move_right
100.0,100.0,5.84,2.71,8.54,2,move_right,97.7,idle
73.0,70.0,0.9,4.04,4.94,2,move_left,94.6,idle
34.0,40.0,1.49,4.29,5.78,2,kick,93.9,idle
61.0,88.0,0.28,7.78,7.5,3,move_left,93.6,idle
40.0,37.0,0.2,8.6,8.8,0,move_right,90.6,kick
73.0,61.0,1.07,7.32,8.4,0,move_left,93.9,block
82.0,94.0,1.33,5.47,6.79,3,jump,97.9,idle
100.0,91.0,2.18,5.69,7.87,2,move_right,97.1,idle
7.0,73.0,0.18,5.32,5.14,0,move_left,93.8,move_left
100.0,100.0,4.72,3.62,8.34,0,jump,98.2,move_right
58.0,64.0,0.45,8.65,9.1,1,kick,92.5,block
100.0,100.0,2.05,4.63,6.68,0,kick,97.3,jump
100.0,100.0,2.09,7.16,9.25,0,idle,96.6,move_right
100.0,100.0,3.54,6.46,10.0,0,block,98.3,move_right
91.0,94.0,1.44,5.81,7.26,3,kick,96.3,idle
16.0,76.0,1.32,7.78,9.1,0,idle,91.2,move_right
100.0,100.0,1.52,6.71,8.23,0,jump,96.7,kick
70.0,67.0,1.23,4.65,5.88,2,special,95.4,idle
88.0,82.0,1.06,7.58,8.63,3,special,96.2,block
76.0,67.0,1.32,7.22,8.54,3,idle,95.9,idle
1.0,73.0,0.6,10.0,9.4,0,move_left,91.5,move_left
100.0,100.0,1.8,6.5,8.3,3,move_right,97.0,idle
10.0,52.0,0.42,6.8,7.22,0,idle,92.3,move_right
43.0,73.0,0.58,5.81,6.4,3,jump,94.8,idle
100.0,100.0,3.99,4.58,8.57,0,move_right,97.1,move_right
43.0,76.0,1.32,4.68,6.0,0,kick,95.1,block
100.0,100.0,4.18,4.22,8.39,0,punch,98.7,move_right
100.0,100.0,4.05,2.37,6.42,0,idle,98.5,jump
4.0,55.0,0.31,5.07,4.76,0,move_left,92.5,move_left
100.0,100.0,5.52,2.99,8.52,0,kick,98.4,jump
88.0,79.0,1.48,8.52,10.0,1,block,93.6,idle
28.0,73.0,0.51,5.31,4.8,0,idle,92.0,move_left
100.0,94.0,1.22,8.18,9.4,6,punch,96.1,idle
55.0,88.0,1.24,3.25,4.48,3,move_left,96.4,idle
82.0,100.0,1.52,6.84,8.36,1,move_left,93.5,idle
7.0,70.0,0.01,7.44,7.45,0,punch,91.8,block
100.0,100.0,4.56,2.61,7.17,0,move_right,98.7,move_right
85.0,82.0,1.5,5.71,7.2,2,jump,94.5,idle
100.0,100.0,5.86,2.8,8.66,0,move_left,98.3,move_right
19.0,25.0,0.74,5.53,6.27,1,block,92.3,idle
28.0,49.0,0.86,8.54,9.4,4,punch,93.0,block
10.0,64.0,0.99,6.38,7.37,1,move_left,93.6,idle
100.0,100.0,6.76,1.43,8.2,0,jump,98.9,jump
61.0,85.0,1.23,5.15,6.38,3,move_left,96.7,idle
37.0,88.0,0.79,4.22,5.01,0,move_right,95.5,punch
55.0,76.0,1.59,4.08,5.66,0,block,96.9,kick
70.0,94.0,1.06,4.87,5.93,1,kick,98.1,block
52.0,94.0,0.03,4.63,4.66,0,idle,95.9,kick
91.0,91.0,1.33,6.77,8.11,3,jump,96.5,jump
61.0,76.0,1.59,4.08,5.66,4,punch,97.7,idle
100.0,100.0,5.47,4.33,9.81,0,jump,98.8,move_right
58.0,46.0,0.14,7.67,7.81,3,move_left,93.3,idle
82.0,100.0,1.65,5.67,7.32,1,move_right,95.1,idle
100.0,100.0,3.16,4.9,8.06,0,move_left,97.0,move_right
100.0,100.0,6.06,1.22,7.28,0,idle,99.0,move_right
91.0,85.0,0.56,4.56,5.12,1,move_left,95.8,idle
40.0,19.0,1.58,6.59,8.17,3,punch,90.9,idle
34.0,70.0,0.76,6.97,7.73,1,move_left,93.5,idle
100.0,94.0,1.44,8.22,9.65,0,jump,94.5,kick
73.0,88.0,1.2,6.92,8.12,0,punch,95.4,block
4.0,61.0,0.34,3.55,3.21,2,move_right,93.5,idle
100.0,100.0,1.89,5.5,7.39,0,special,96.1,jump
58.0,61.0,1.15,5.17,6.32,3,jump,95.1,idle
22.0,52.0,0.73,4.2,4.93,2,kick,93.2,block
100.0,100.0,4.27,1.62,5.89,0,move_right,98.6,move_right
67.0,73.0,1.16,8.24,9.4,2,punch,92.3,block
37.0,52.0,1.51,7.09,8.6,2,idle,94.0,idle
16.0,28.0,0.79,6.58,7.37,4,jump,93.7,idle
22.0,73.0,0.32,5.27,5.59,0,move_right,90.8,move_right
1.0,64.0,0.21,8.18,7.97,0,kick,91.8,block
16.0,67.0,0.27,6.35,6.08,6,kick,91.8,block
100.0,100.0,3.74,4.97,8.71,0,move_right,98.3,move_right
61.0,73.0,1.26,5.91,7.17,0,special,95.5,block
85.0,79.0,1.09,6.28,7.37,2,block,96.1,idle
100.0,82.0,1.25,8.15,9.4,1,punch,96.0,idle
16.0,61.0,0.14,8.78,8.63,0,punch,90.3,block
52.0,100.0,1.45,5.23,6.68,0,jump,94.4,jump
49.0,64.0,0.1,6.8,6.9,2,kick,94.7,block
100.0,100.0,7.77,2.06,9.83,0,punch,98.2,jump
19.0,16.0,0.99,6.18,7.16,0,move_left,88.3,punch
49.0,85.0,2.05,7.9,9.95,1,move_right,92.8,idle
94.0,91.0,1.08,7.04,8.12,0,idle,95.5,punch
31.0,88.0,0.98,7.08,8.05,0,jump,96.4,punch
52.0,43.0,1.1,7.22,8.32,0,move_right,93.9,block
76.0,100.0,1.54,5.24,6.78,0,kick,96.5,punch
28.0,52.0,0.91,8.36,7.45,0,move_left,91.4,move_left
88.0,91.0,0.58,3.68,4.26,1,idle,96.4,idle
7.0,67.0,0.03,7.29,7.27,0,punch,91.9,block
100.0,100.0,3.28,5.8,9.08,0,special,96.9,move_right
31.0,37.0,1.5,7.4,8.9,2,kick,92.7,idle
100.0,100.0,4.57,5.23,9.81,0,special,98.5,move_right
46.0,61.0,0.8,6.75,7.55,5,kick,93.6,block
25.0,49.0,1.69,7.71,9.4,0,move_right,91.4,move_right
43.0,37.0,0.24,7.01,7.24,3,move_right,93.5,idle
91.0,94.0,1.31,5.36,6.68,0,block,96.0,kick
67.0,70.0,1.2,3.74,4.94,2,move_right,94.2,idle
100.0,100.0,1.98,6.64,8.62,0,punch,97.1,move_right
100.0,100.0,6.29,2.95,9.23,0,move_left,98.2,jump
100.0,100.0,2.23,5.57,7.81,0,kick,97.4,move_right
79.0,49.0,0.58,8.5,9.07,0,kick,94.9,block
13.0,13.0,1.64,3.58,1.94,0,block,87.1,move_left
100.0,100.0,1.16,5.93,7.09,2,move_left,97.1,idle
100.0,100.0,7.7,1.78,9.48,3,move_left,98.1,idle
100.0,100.0,2.46,3.7,6.16,3,punch,98.5,idle
52.0,61.0,1.4,6.91,8.31,0,move_right,90.4,special
55.0,73.0,0.18,4.91,4.74,3,kick,93.6,block
76.0,88.0,1.6,6.32,7.91,0,idle,97.4,special
52.0,49.0,0.52,7.43,7.96,3,punch,92.2,block
100.0,100.0,3.06,4.31,7.36,0,move_right,97.7,move_right
100.0,94.0,0.93,5.37,6.3,2,move_left,96.9,idle
100.0,82.0,0.38,5.12,5.5,6,jump,98.7,punch
94.0,70.0,1.12,6.84,7.96,3,jump,94.4,idle
64.0,40.0,0.17,4.56,4.73,2,move_right,92.9,idle
79.0,70.0,1.43,4.9,6.34,2,idle,96.7,idle
52.0,73.0,1.16,5.93,7.09,1,punch,94.3,block
40.0,46.0,1.5,7.4,8.9,0,move_right,92.9,kick
100.0,76.0,1.84,4.43,6.27,2,punch,97.2,idle
100.0,100.0,6.4,1.79,8.19,0,block,98.4,move_right
37.0,28.0,1.23,7.2,8.42,1,jump,90.7,idle
1.0,46.0,0.3,5.24,4.94,0,kick,87.3,block
82.0,79.0,1.01,5.96,6.98,0,kick,94.4,block
94.0,70.0,1.42,6.84,8.26,2,move_right,94.3,idle
43.0,55.0,0.85,5.87,6.72,2,kick,90.0,block
100.0,100.0,4.29,5.04,9.33,0,jump,98.1,move_right
37.0,34.0,1.06,3.56,4.62,0,punch,93.2,jump
100.0,100.0,2.78,4.18,6.97,0,idle,98.4,jump
76.0,82.0,1.8,6.01,7.8,0,move_right,93.6,jump
37.0,79.0,0.69,4.37,5.06,0,idle,95.7,kick
55.0,58.0,0.28,6.32,6.59,2,special,94.3,block
73.0,73.0,0.86,8.24,9.1,2,move_left,92.8,idle
16.0,10.0,0.43,8.33,8.76,0,kick,88.5,jump
100.0,100.0,5.15,2.41,7.56,0,idle,99.0,move_right
100.0,100.0,3.96,2.91,6.87,0,move_left,98.6,move_right
82.0,91.0,1.14,3.4,4.54,0,move_left,97.1,kick
43.0,64.0,1.91,6.86,8.78,4,move_right,91.6,idle
100.0,100.0,4.08,5.14,9.22,0,idle,97.6,move_right
100.0,100.0,1.63,8.02,9.64,0,jump,95.7,move_right
94.0,94.0,1.01,7.49,8.5,2,punch,96.1,block
100.0,94.0,1.3,8.7,10.0,0,punch,94.9,block
10.0,61.0,0.14,6.67,6.53,0,special,91.8,block
76.0,100.0,1.54,5.24,6.78,3,idle,96.4,idle
88.0,82.0,1.42,7.13,8.56,0,move_right,94.7,jump
52.0,55.0,1.26,5.8,7.06,0,punch,90.8,jump
70.0,100.0,1.54,6.14,7.68,4,jump,95.2,idle
85.0,67.0,1.08,8.32,9.4,1,move_left,94.2,idle
46.0,49.0,0.63,6.12,6.75,1,punch,92.7,block
7.0,73.0,0.3,10.0,9.7,0,move_left,91.1,move_left
94.0,85.0,1.81,7.14,8.95,0,punch,96.7,punch
13.0,64.0,0.67,6.61,7.28,0,kick,92.6,block
100.0,94.0,1.52,7.78,9.3,0,kick,95.8,block
88.0,100.0,1.16,7.94,9.1,0,move_left,94.6,punch
100.0,100.0,5.18,3.37,8.55,0,move_right,97.8,jump
37.0,58.0,0.49,7.71,8.2,0,punch,92.5,block
1.0,49.0,1.02,8.15,9.17,1,block,93.9,idle
1.0,64.0,0.09,6.98,7.07,2,kick,93.0,block
52.0,55.0,2.0,6.91,8.91,0,punch,89.2,move_right
94.0,73.0,1.87,4.51,6.38,0,idle,96.2,move_right
100.0,100.0,2.84,6.86,9.7,0,jump,97.5,move_right
34.0,82.0,0.71,4.39,5.1,2,move_right,97.4,idle
40.0,31.0,1.04,4.78,3.74,1,move_left,90.0,idle
82.0,85.0,1.3,5.99,7.29,3,punch,94.1,idle
22.0,13.0,0.94,4.43,5.37,1,move_right,91.3,idle
64.0,40.0,1.18,8.52,9.7,3,move_left,90.6,idle
58.0,61.0,1.1,7.31,8.41,3,jump,94.3,idle
73.0,16.0,0.91,7.52,8.43,1,jump,92.8,idle
10.0,67.0,0.04,5.16,5.12,0,punch,91.5,jump
100.0,94.0,1.1,5.71,6.81,1,kick,98.1,block
28.0,73.0,0.61,6.54,7.15,0,kick,93.5,block
100.0,94.0,2.04,7.32,9.35,2,special,95.3,idle
73.0,61.0,1.42,4.91,6.34,0,idle,96.7,kick
10.0,64.0,0.27,7.37,7.64,0,jump,89.5,move_right
100.0,100.0,3.9,4.52,8.42,0,kick,97.5,move_right
49.0,49.0,1.59,4.98,6.56,1,jump,93.8,idle
100.0,100.0,4.92,3.7,8.62,0,move_left,98.6,move_right
100.0,100.0,3.26,5.57,8.83,0,kick,97.6,move_right
55.0,79.0,1.88,3.97,5.85,1,punch,94.6,idle
43.0,46.0,1.58,4.4,5.98,1,idle,95.8,idle
100.0,100.0,2.49,5.2,7.69,0,jump,97.6,special
91.0,64.0,0.92,5.99,6.9,0,idle,93.4,special
85.0,100.0,1.83,5.67,7.5,0,punch,94.9,move_right
4.0,28.0,0.73,4.94,4.2,0,move_left,91.7,punch
100.0,100.0,1.96,6.98,8.93,0,special,97.0,move_right
1.0,10.0,0.55,8.25,8.8,2,idle,87.3,idle
100.0,100.0,1.53,5.37,6.9,0,kick,97.1,punch
31.0,58.0,0.07,7.03,6.96,1,move_left,91.2,idle
37.0,70.0,0.71,7.79,8.5,1,punch,93.5,block
85.0,37.0,0.64,4.43,5.07,1,jump,94.2,idle
88.0,49.0,0.58,8.5,9.07,4,punch,95.3,block
19.0,73.0,0.6,9.4,10.0,0,punch,92.9,block
94.0,88.0,1.48,7.89,9.37,0,punch,93.2,block
43.0,55.0,0.98,7.41,8.39,2,punch,93.1,block
22.0,67.0,0.12,5.84,5.96,0,jump,94.2,move_right
37.0,58.0,0.3,6.92,7.22,1,idle,92.9,idle
100.0,100.0,3.93,3.12,7.05,0,idle,98.5,jump
100.0,100.0,3.85,4.6,8.45,3,punch,96.8,idle
100.0,100.0,5.77,4.03,9.81,0,kick,98.9,move_right
70.0,88.0,1.9,6.32,8.21,2,idle,96.9,idle
100.0,85.0,0.26,4.27,4.53,2,kick,95.9,block
22.0,55.0,0.03,4.65,4.68,0,punch,92.5,block
31.0,67.0,0.56,4.56,5.12,2,punch,93.8,block
22.0,67.0,0.42,5.54,5.96,0,move_right,94.6,move_right
55.0,67.0,1.59,4.38,5.96,0,jump,95.8,special
19.0,4.0,0.18,5.21,5.04,1,kick,89.3,block
100.0,100.0,1.04,7.51,8.54,0,move_left,95.2,kick
100.0,100.0,4.06,3.22,7.27,0,move_right,97.6,jump
88.0,94.0,1.19,4.77,5.96,3,move_right,98.3,idle
52.0,46.0,0.32,7.09,6.77,2,move_left,93.2,idle
100.0,100.0,4.15,3.7,7.85,0,idle,97.2,move_right
94.0,91.0,1.19,4.29,5.48,0,move_left,96.7,kick
100.0,100.0,2.95,4.81,7.76,0,punch,98.5,move_right
40.0,22.0,0.1,8.6,8.5,1,kick,89.9,block
100.0,100.0,2.26,3.85,6.11,0,move_right,97.3,move_right
22.0,43.0,0.14,8.51,8.37,0,punch,86.6,jump
37.0,61.0,0.3,4.34,4.64,3,move_left,91.5,idle
100.0,100.0,6.02,2.98,9.0,0,jump,98.2,jump
55.0,46.0,1.63,7.13,8.76,2,move_right,92.8,idle
100.0,100.0,4.92,3.62,8.54,0,jump,98.6,move_right
43.0,34.0,0.1,6.91,6.81,0,move_right,93.7,punch
100.0,100.0,1.44,8.26,9.7,0,kick,97.2,block
82.0,82.0,1.12,7.43,8.56,0,move_left,94.0,jump
19.0,13.0,0.48,5.21,4.74,3,move_left,89.9,idle
28.0,22.0,0.64,4.43,5.07,0,punch,92.3,block
34.0,46.0,0.22,7.22,7.44,2,block,90.1,idle
46.0,43.0,0.27,6.12,5.85,3,move_left,92.1,idle
7.0,82.0,0.12,7.07,7.19,0,kick,94.4,block
34.0,37.0,1.13,5.2,6.34,6,jump,92.6,idle
100.0,100.0,2.22,2.81,5.04,0,move_right,98.5,jump
82.0,79.0,2.13,5.4,7.52,1,kick,95.4,block
31.0,52.0,1.32,6.1,7.42,3,kick,91.9,idle
82.0,85.0,1.55,8.15,9.7,1,jump,96.4,idle
94.0,94.0,1.9,5.74,7.63,0,move_right,95.9,move_right
94.0,79.0,0.03,8.47,8.5,3,block,92.9,idle
94.0,94.0,1.01,7.49,8.5,1,block,96.0,idle
40.0,55.0,0.45,4.17,3.72,6,punch,95.1,block
67.0,82.0,0.72,5.61,6.33,3,move_left,96.9,idle
58.0,64.0,1.13,5.49,6.62,1,idle,93.7,idle
34.0,70.0,1.36,6.07,7.43,0,punch,94.2,block
34.0,55.0,0.32,3.68,3.36,1,punch,92.0,block
34.0,16.0,0.69,6.7,7.39,6,move_right,89.5,idle
49.0,43.0,0.46,3.86,4.32,0,punch,94.2,jump
100.0,100.0,4.58,2.01,6.59,0,block,98.5,move_right
70.0,79.0,0.88,7.39,8.27,2,move_left,93.8,idle
100.0,100.0,3.06,4.82,7.88,0,move_left,97.4,move_right
94.0,100.0,1.48,5.59,7.07,0,punch,97.6,block
37.0,37.0,0.23,8.23,8.01,1,move_left,93.3,block
88.0,91.0,1.09,6.14,7.24,0,punch,96.7,block
100.0,100.0,5.67,1.07,6.74,0,idle,98.7,move_right
94.0,94.0,1.15,5.17,6.32,0,idle,98.1,special
91.0,94.0,1.32,7.89,9.21,0,kick,94.7,block
43.0,76.0,1.62,4.38,6.0,0,move_right,95.7,jump
28.0,61.0,1.54,6.74,8.28,3,kick,90.4,idle
13.0,13.0,1.34,3.88,2.54,0,punch,87.7,block
100.0,94.0,1.9,5.44,7.33,3,move_right,97.0,idle
13.0,73.0,0.66,7.26,7.92,0,punch,91.2,block
46.0,73.0,1.94,7.66,9.6,1,move_right,94.0,idle
43.0,22.0,0.36,7.82,8.18,2,jump,88.7,idle
46.0,73.0,1.64,7.66,9.3,4,move_right,94.3,idle
76.0,82.0,1.5,5.71,7.2,0,punch,93.9,block
73.0,94.0,1.82,6.84,8.66,0,move_right,93.0,move_right
100.0,100.0,2.1,3.74,5.84,0,move_left,98.0,move_right
19.0,49.0,0.55,5.87,6.42,3,punch,88.4,block
31.0,64.0,1.09,5.14,6.24,0,kick,94.5,jump
49.0,85.0,1.75,7.9,9.65,3,jump,93.0,idle
100.0,100.0,6.3,0.31,6.6,0,special,98.9,jump
61.0,94.0,1.07,4.54,5.61,1,move_right,95.4,idle
64.0,88.0,0.72,7.18,7.9,0,kick,93.7,punch
16.0,55.0,0.4,9.0,9.4,0,kick,90.9,block
40.0,46.0,0.3,8.5,8.8,4,move_left,91.6,idle
25.0,82.0,0.38,8.82,8.45,0,move_left,92.1,move_left
64.0,76.0,1.36,5.32,6.67,2,kick,95.2,idle
82.0,91.0,1.05,5.97,7.02,1,jump,94.4,idle
100.0,100.0,0.79,4.22,5.01,3,move_left,98.3,idle
52.0,70.0,0.14,7.13,7.0,4,jump,91.4,idle
100.0,100.0,1.69,5.87,7.57,0,kick,98.1,jump
94.0,100.0,0.38,4.97,5.35,1,jump,97.5,idle
73.0,67.0,1.42,4.61,6.04,3,block,97.8,idle
94.0,79.0,1.27,4.21,5.48,1,idle,97.2,idle
64.0,79.0,1.46,5.93,7.39,0,special,95.0,punch
4.0,67.0,0.14,8.34,8.2,0,move_left,90.4,move_left
58.0,58.0,1.34,8.66,10.0,4,punch,90.2,idle
100.0,100.0,1.83,4.03,5.86,0,jump,98.5,move_right
100.0,100.0,3.58,1.88,5.46,0,punch,98.3,move_right
43.0,70.0,1.35,7.21,8.56,2,move_right,94.3,idle
100.0,100.0,2.0,5.41,7.41,0,idle,98.5,move_right
64.0,73.0,0.12,4.91,5.04,2,punch,93.9,block
25.0,49.0,1.39,8.31,9.7,0,jump,91.1,special
100.0,100.0,4.77,2.27,7.04,0,special,97.7,jump
100.0,100.0,5.63,1.63,7.26,0,idle,98.1,move_right
70.0,76.0,1.4,5.71,7.11,0,move_right,96.7,kick
70.0,76.0,1.51,6.85,8.36,0,kick,90.1,punch
100.0,100.0,2.47,6.93,9.4,0,block,96.9,jump
28.0,58.0,0.15,8.65,8.8,3,kick,90.7,block
64.0,55.0,1.1,6.61,7.71,1,punch,95.0,block
37.0,46.0,1.26,7.0,8.26,1,move_left,88.6,idle
100.0,100.0,2.65,5.8,8.45,0,idle,96.1,move_right
88.0,91.0,0.58,3.68,4.26,2,kick,96.5,block
67.0,100.0,0.75,6.81,7.55,0,move_left,95.3,kick
22.0,64.0,0.1,6.8,6.9,0,kick,94.3,jump
55.0,67.0,1.89,4.08,5.96,2,punch,96.7,idle
100.0,100.0,3.68,1.87,5.55,0,move_right,98.8,move_right
52.0,22.0,0.47,4.56,5.03,5,move_right,92.4,idle
100.0,100.0,1.96,5.02,6.97,0,move_right,96.5,jump
100.0,82.0,1.07,7.02,8.1,1,idle,96.2,idle
85.0,94.0,1.83,5.97,7.8,1,idle,93.8,idle
100.0,82.0,1.5,5.71,7.2,0,kick,95.3,block
34.0,31.0,0.0,7.21,7.2,3,idle,89.0,move_left
67.0,64.0,1.03,4.2,5.23,3,move_left,95.4,idle
61.0,49.0,1.39,4.92,6.31,6,jump,95.2,idle
100.0,100.0,3.7,4.19,7.89,0,block,96.6,move_right
100.0,100.0,1.59,6.38,7.97,0,jump,96.1,block
34.0,43.0,0.09,6.7,6.79,1,block,90.1,idle
58.0,70.0,2.0,6.01,8.01,1,jump,91.9,idle
88.0,88.0,0.15,4.17,4.32,0,punch,97.1,block
100.0,100.0,3.41,4.79,8.2,1,move_left,97.8,idle
16.0,61.0,0.14,8.78,8.63,0,punch,90.4,block
58.0,82.0,0.18,3.94,4.12,0,kick,96.9,block
94.0,67.0,1.58,8.42,10.0,0,idle,93.6,jump
100.0,100.0,1.42,6.72,8.15,3,jump,96.4,idle
4.0,22.0,1.12,5.42,4.3,3,kick,93.9,block
100.0,88.0,2.14,3.53,5.67,2,move_right,98.4,idle
31.0,52.0,0.37,7.03,6.66,0,jump,90.3,block
25.0,67.0,0.61,8.51,7.9,0,punch,92.1,special
22.0,55.0,0.01,4.77,4.76,0,jump,93.4,move_left
49.0,49.0,1.89,4.98,6.86,0,move_right,93.7,jump
13.0,25.0,1.5,6.34,7.84,0,kick,90.7,block
79.0,55.0,0.29,5.55,5.26,3,punch,92.8,block
100.0,100.0,4.32,1.72,6.04,0,idle,99.0,move_right
100.0,100.0,5.98,2.19,8.17,0,kick,98.8,move_right
100.0,100.0,1.64,8.06,9.7,0,special,96.2,move_right
94.0,88.0,1.02,6.6,7.62,1,punch,97.1,block
16.0,40.0,1.34,8.66,10.0,1,kick,88.6,idle
25.0,52.0,0.23,7.03,7.26,0,kick,89.7,jump
100.0,91.0,1.85,5.41,7.26,1,move_right,97.3,idle
58.0,61.0,0.97,8.23,9.21,3,kick,95.0,block
4.0,7.0,1.35,3.57,4.92,0,punch,91.7,jump
67.0,76.0,1.7,5.41,7.11,1,idle,93.3,idle
22.0,49.0,1.57,8.13,9.7,1,punch,92.5,idle
94.0,73.0,2.17,4.21,6.38,1,kick,96.4,idle
22.0,64.0,1.0,7.84,8.83,0,move_right,90.1,move_right
1.0,4.0,0.47,4.56,5.03,0,idle,90.2,special
52.0,88.0,1.18,7.78,6.6,0,block,92.4,kick
1.0,19.0,1.02,6.9,7.92,1,jump,90.5,idle
94.0,88.0,1.6,6.04,7.63,0,move_right,95.1,punch
46.0,73.0,1.26,6.66,7.92,3,punch,91.8,idle
19.0,34.0,0.57,8.17,7.6,2,move_right,89.1,idle
22.0,52.0,0.73,4.2,4.93,1,idle,93.1,idle
94.0,49.0,0.38,8.42,8.8,2,move_left,93.0,idle
52.0,70.0,0.87,7.18,8.05,2,move_left,93.0,idle
43.0,73.0,0.92,4.67,5.59,2,kick,93.0,block
100.0,100.0,3.65,4.85,8.5,0,kick,98.2,move_right
55.0,73.0,0.89,4.29,5.18,1,kick,95.2,block
34.0,49.0,0.38,4.2,4.58,3,special,93.3,block
82.0,94.0,1.59,4.08,5.66,0,special,98.2,block
25.0,49.0,0.31,8.51,8.2,6,move_right,92.0,idle
76.0,94.0,0.83,5.49,6.32,3,idle,95.4,punch
55.0,37.0,1.23,6.9,8.12,2,idle,92.5,idle
100.0,100.0,3.57,4.48,8.05,0,idle,99.0,move_right
10.0,64.0,0.77,6.34,7.11,0,move_right,90.7,move_right
100.0,100.0,3.91,4.57,8.48,0,kick,97.9,move_right
58.0,70.0,1.32,7.3,8.62,5,idle,93.4,idle
73.0,88.0,0.9,6.92,7.82,0,move_left,95.3,punch
79.0,85.0,2.0,7.4,9.4,0,idle,94.5,move_right
100.0,100.0,3.71,2.66,6.38,3,jump,97.9,idle
85.0,82.0,1.35,8.18,9.53,0,idle,94.6,kick
31.0,64.0,0.1,6.8,6.9,0,special,94.4,jump
100.0,100.0,1.13,7.03,8.16,0,jump,96.8,punch
58.0,31.0,0.92,5.99,6.9,4,move_right,90.0,idle
100.0,100.0,1.81,6.54,8.35,0,kick,98.0,jump
100.0,100.0,2.87,3.51,6.38,0,kick,98.3,idle
40.0,28.0,0.84,5.81,4.96,2,idle,91.1,idle
46.0,43.0,1.58,6.59,8.17,2,move_right,92.3,idle
100.0,100.0,1.74,5.4,7.14,0,move_left,98.1,jump
76.0,91.0,1.39,5.52,6.91,2,punch,97.6,jump
100.0,100.0,1.58,5.11,6.69,0,kick,97.9,kick
37.0,25.0,1.89,6.48,8.36,1,move_right,90.2,kick
1.0,37.0,0.57,4.65,4.08,1,move_right,90.8,idle
67.0,88.0,0.89,4.77,5.66,1,punch,97.3,block
43.0,79.0,1.84,3.25,5.08,0,move_right,95.2,move_right
100.0,100.0,1.92,7.25,9.17,0,move_left,98.0,move_right
31.0,40.0,1.34,8.66,10.0,3,kick,88.8,idle
22.0,70.0,0.01,7.74,7.75,0,move_left,92.8,move_right
88.0,82.0,1.5,6.8,8.3,4,kick,96.1,idle
7.0,82.0,0.12,7.67,7.79,0,jump,94.0,move_right
64.0,76.0,1.34,8.66,10.0,1,move_right,90.7,idle
70.0,73.0,0.66,5.62,6.28,3,move_right,94.2,idle
22.0,25.0,1.5,6.34,7.84,1,jump,90.8,idle
100.0,100.0,1.36,6.42,7.78,0,idle,96.6,punch
37.0,64.0,1.4,4.62,6.02,1,punch,95.0,idle
67.0,73.0,1.5,6.61,8.1,2,kick,92.4,idle
100.0,100.0,2.54,5.86,8.4,0,idle,98.2,jump
100.0,100.0,1.45,5.53,6.98,2,jump,96.5,idle
55.0,70.0,0.92,7.73,8.65,0,move_right,94.2,kick
61.0,58.0,0.49,7.71,8.2,1,block,92.9,idle
16.0,73.0,0.13,9.06,9.19,0,idle,93.9,move_right
31.0,61.0,1.06,8.34,9.4,2,special,91.1,block
58.0,70.0,1.13,5.49,6.62,0,move_right,94.0,punch
79.0,70.0,1.29,6.81,8.1,2,idle,96.2,idle
49.0,46.0,0.53,5.2,5.74,2,jump,94.3,idle
100.0,100.0,3.38,4.77,8.14,0,block,97.1,move_right
85.0,100.0,1.15,5.53,6.68,3,idle,96.1,idle
67.0,88.0,0.97,4.02,4.99,0,block,94.8,block
76.0,67.0,0.46,8.34,8.8,1,move_left,93.5,idle
34.0,40.0,0.96,5.91,6.87,0,idle,93.0,jump
25.0,61.0,1.1,7.91,9.01,0,move_right,92.9,move_right
100.0,100.0,3.08,2.4,5.48,0,move_left,98.3,move_right
49.0,58.0,1.26,6.82,8.08,3,idle,93.1,idle
100.0,100.0,6.72,1.7,8.42,0,idle,99.0,move_right
100.0,100.0,1.93,6.96,8.89,0,punch,97.8,move_right
37.0,73.0,0.88,5.81,6.7,3,move_right,94.4,idle
73.0,100.0,1.4,5.11,6.51,0,punch,94.7,block
28.0,34.0,0.47,4.94,5.4,1,move_left,93.1,idle
49.0,67.0,1.33,6.5,7.83,0,idle,95.3,punch
52.0,55.0,0.24,7.01,7.24,1,special,94.5,block
100.0,100.0,4.7,3.2,7.9,0,move_left,98.2,jump
100.0,94.0,1.9,5.44,7.33,3,idle,96.7,idle
82.0,88.0,1.19,4.77,5.96,1,punch,97.7,block
37.0,43.0,0.46,8.51,8.97,1,move_left,87.1,idle
31.0,16.0,0.2,6.91,7.11,1,move_right,92.3,idle
28.0,64.0,0.87,6.17,7.04,0,idle,91.1,move_right
100.0,100.0,4.27,3.35,7.62,0,block,98.8,jump
76.0,91.0,1.56,4.9,6.46,1,jump,94.5,idle
13.0,25.0,1.32,7.3,8.62,0,punch,88.5,block
100.0,100.0,2.73,4.25,6.98,0,kick,98.3,move_right
79.0,79.0,0.54,7.01,7.54,3,move_left,95.0,idle
100.0,100.0,1.65,6.51,8.15,0,punch,96.8,move_right
100.0,100.0,1.88,6.07,7.95,5,punch,96.2,idle
16.0,55.0,0.16,6.91,6.74,5,punch,89.6,block
73.0,67.0,1.06,3.86,4.92,3,idle,97.1,idle
91.0,100.0,0.83,5.49,6.32,2,kick,96.5,block
67.0,82.0,0.59,4.77,5.36,4,special,96.5,block
100.0,91.0,1.58,5.11,6.69,3,punch,97.4,idle
37.0,43.0,0.95,8.45,9.4,1,punch,93.6,block
37.0,85.0,1.52,7.74,9.26,0,punch,90.1,punch
94.0,85.0,1.72,6.24,7.96,1,punch,95.4,jump
88.0,91.0,0.89,7.76,8.65,0,move_right,95.2,kick
73.0,73.0,1.51,8.19,9.7,3,special,93.7,idle
70.0,61.0,0.5,6.75,7.25,5,move_left,94.4,idle
37.0,40.0,1.65,7.81,9.46,3,move_right,92.0,idle
100.0,100.0,1.55,4.53,6.08,2,jump,98.1,idle
22.0,22.0,0.45,3.87,4.32,0,idle,93.0,punch
37.0,67.0,1.46,8.54,10.0,1,move_right,91.0,idle
22.0,94.0,0.16,5.05,5.21,0,punch,94.3,block
1.0,64.0,0.09,7.88,7.97,0,idle,91.9,move_right
49.0,82.0,0.93,8.47,9.4,0,punch,91.4,block
100.0,100.0,1.94,8.06,10.0,0,move_right,95.2,jump
79.0,58.0,0.91,7.52,8.43,1,jump,94.7,idle
61.0,73.0,1.26,5.91,7.17,1,block,95.6,idle
100.0,94.0,1.34,5.23,6.57,0,punch,97.5,block
52.0,70.0,0.14,7.13,7.0,5,punch,91.5,block
37.0,19.0,0.52,7.44,7.96,0,move_left,89.4,kick
100.0,100.0,4.65,4.28,8.93,0,move_right,98.1,move_right
100.0,76.0,2.2,6.32,8.52,0,punch,95.2,block
67.0,43.0,0.43,5.77,6.19,1,block,93.9,idle
4.0,25.0,0.66,5.91,6.57,4,jump,90.5,idle
100.0,100.0,3.12,4.28,7.4,0,punch,98.8,move_right
58.0,16.0,1.51,7.52,9.03,0,move_right,92.2,move_right
85.0,85.0,0.81,4.55,5.35,3,move_left,95.3,idle
100.0,100.0,4.98,3.14,8.12,6,special,98.1,idle
1.0,58.0,0.16,7.29,7.12,0,punch,91.6,block
100.0,76.0,0.67,8.13,8.8,1,punch,95.2,block
100.0,100.0,3.74,6.26,10.0,0,kick,94.9,move_right
4.0,64.0,0.43,8.44,8.01,0,punch,89.6,jump
94.0,100.0,1.41,4.25,5.65,0,punch,96.8,move_right
76.0,94.0,1.53,7.27,8.8,3,jump,94.6,idle
100.0,100.0,5.17,4.58,9.75,0,special,98.2,jump
55.0,28.0,1.33,8.03,9.36,0,idle,91.3,punch
100.0,100.0,2.4,5.6,8.0,0,punch,97.5,move_right
16.0,61.0,0.14,8.78,8.63,0,punch,91.0,block
100.0,100.0,5.26,2.63,7.9,1,special,98.0,idle
52.0,61.0,1.32,7.6,8.92,1,move_right,93.0,idle
100.0,100.0,3.9,4.0,7.9,0,kick,97.9,punch
85.0,88.0,0.63,6.27,6.9,0,punch,93.0,jump
100.0,100.0,2.54,7.16,9.7,0,jump,97.3,move_right
16.0,37.0,1.14,6.71,7.86,1,block,87.8,idle
37.0,61.0,0.9,4.34,5.24,3,move_left,92.2,idle
76.0,82.0,1.39,7.66,9.04,0,punch,95.6,block
94.0,85.0,1.81,7.14,8.95,3,idle,96.6,idle
67.0,61.0,0.43,6.07,6.49,3,block,94.5,special
76.0,91.0,1.59,8.27,9.87,2,punch,96.3,idle
28.0,31.0,0.72,5.21,5.94,3,move_left,90.7,idle
100.0,100.0,2.48,7.11,9.59,0,punch,97.3,jump
100.0,100.0,3.45,5.24,8.69,3,move_right,97.8,idle
61.0,58.0,0.94,8.54,7.6,1,move_right,93.0,idle
100.0,100.0,1.45,6.01,7.46,0,kick,97.9,block
19.0,64.0,0.55,5.71,6.26,0,move_right,93.0,punch
34.0,64.0,0.86,6.67,7.54,1,move_left,92.6,idle
64.0,67.0,1.06,7.88,8.93,0,punch,94.0,block
100.0,94.0,1.27,7.53,8.8,3,jump,96.6,punch
16.0,76.0,0.48,9.28,8.8,0,move_left,90.7,idle
10.0,43.0,1.21,8.49,9.7,0,jump,88.4,kick
100.0,100.0,3.52,3.62,7.14,0,idle,97.7,move_right
100.0,100.0,1.36,7.61,8.97,0,kick,94.4,block
100.0,100.0,1.78,6.49,8.27,0,idle,97.7,move_right
79.0,79.0,1.26,5.91,7.17,3,move_left,96.2,idle
100.0,100.0,2.18,3.07,5.25,0,jump,98.4,move_right
100.0,100.0,3.98,5.56,9.54,0,idle,98.7,jump
16.0,64.0,0.02,8.33,8.35,0,jump,91.7,move_right
25.0,37.0,0.49,6.44,6.94,1,punch,91.6,jump
100.0,100.0,2.46,3.7,6.16,1,block,98.3,idle
100.0,100.0,5.07,2.04,7.11,0,idle,98.9,jump
73.0,76.0,0.56,4.56,5.12,0,kick,95.3,block
76.0,94.0,1.16,6.07,7.24,1,idle,96.4,idle
100.0,91.0,1.85,7.55,9.4,3,move_right,97.0,idle
31.0,79.0,0.18,5.69,5.52,1,block,93.1,idle
73.0,85.0,1.22,8.18,9.4,2,move_right,94.5,idle
100.0,100.0,4.32,3.44,7.76,0,kick,98.8,move_right
13.0,58.0,0.34,9.17,8.83,0,move_left,89.8,move_left
100.0,100.0,6.09,0.21,6.3,0,jump,98.7,move_right
37.0,25.0,1.59,6.18,7.76,4,idle,89.2,idle
19.0,67.0,0.46,8.2,8.66,0,jump,93.3,move_right
64.0,58.0,0.65,6.01,6.66,2,punch,95.1,block
100.0,100.0,2.68,5.29,7.97,0,punch,98.3,jump
40.0,91.0,1.09,5.82,6.91,0,kick,95.6,jump
46.0,100.0,0.42,5.69,6.12,0,move_left,94.9,punch
100.0,100.0,8.07,0.54,8.61,0,special,98.8,jump
43.0,73.0,0.67,3.72,4.39,6,punch,93.2,block
100.0,100.0,4.43,4.66,9.09,0,kick,98.8,move_right
100.0,100.0,1.64,8.06,9.7,5,punch,96.7,idle
70.0,91.0,0.88,5.81,6.7,1,block,95.4,idle
100.0,100.0,4.62,4.94,9.55,0,move_left,97.2,move_right
40.0,79.0,1.32,5.04,6.36,0,jump,95.0,punch
73.0,76.0,0.56,4.56,5.12,1,move_right,94.9,kick
25.0,25.0,1.34,7.13,5.8,5,idle,88.7,idle
91.0,70.0,1.56,7.82,9.38,2,punch,92.9,idle
13.0,31.0,1.5,7.1,8.6,3,jump,92.0,idle
13.0,67.0,0.16,8.8,8.96,0,idle,92.0,move_right
1.0,64.0,0.21,7.88,7.67,0,move_left,90.9,move_left
16.0,37.0,1.14,6.71,7.86,3,punch,87.6,block
100.0,100.0,1.15,4.87,6.02,0,idle,99.0,punch
100.0,100.0,3.71,2.66,6.38,2,punch,97.8,idle
22.0,10.0,0.52,7.44,7.96,2,punch,89.2,jump
100.0,100.0,5.46,0.82,6.28,0,idle,99.0,move_right
46.0,94.0,0.12,5.69,5.82,0,move_left,94.4,punch
55.0,49.0,0.99,7.11,8.1,0,punch,94.4,block
67.0,76.0,1.09,4.62,5.71,0,move_left,97.0,block
100.0,100.0,4.07,2.01,6.08,0,punch,98.9,move_right
100.0,100.0,4.45,3.4,7.85,3,move_right,97.6,idle
55.0,79.0,0.69,4.37,5.06,3,move_left,96.0,idle
100.0,100.0,3.31,2.05,5.36,0,punch,97.7,move_right
4.0,25.0,1.32,7.6,8.92,1,punch,91.7,idle
22.0,73.0,0.32,4.97,5.29,0,move_left,91.3,move_right
34.0,43.0,0.49,5.82,6.31,3,idle,92.4,idle
4.0,67.0,0.03,6.27,6.3,0,jump,88.7,kick
28.0,52.0,0.61,8.06,7.45,0,idle,91.2,move_left
73.0,100.0,1.83,4.63,6.46,0,idle,97.2,jump
70.0,43.0,0.43,5.98,6.41,6,move_left,93.9,idle
100.0,100.0,5.56,2.21,7.77,0,kick,98.3,special
58.0,91.0,1.39,5.82,7.21,0,kick,96.4,block
100.0,100.0,2.26,5.63,7.9,0,move_right,95.6,move_right
7.0,40.0,0.88,8.52,9.4,3,punch,88.4,block
10.0,43.0,1.21,8.19,9.4,2,idle,87.8,idle
85.0,79.0,1.34,5.53,6.87,0,idle,95.0,special
100.0,100.0,5.18,3.07,8.25,0,jump,98.3,move_right
64.0,52.0,0.98,7.05,8.03,0,punch,94.0,block
100.0,91.0,2.15,7.55,9.7,0,punch,96.7,move_right
91.0,88.0,1.26,5.46,6.72,2,move_left,95.2,idle
100.0,100.0,3.38,4.98,8.35,0,move_right,98.8,move_right
100.0,100.0,1.02,4.72,5.74,0,move_left,97.6,punch
1.0,55.0,0.51,8.51,8.0,0,move_left,90.1,move_left
43.0,40.0,1.55,4.53,6.08,1,block,93.8,idle
58.0,76.0,0.6,6.92,7.52,2,move_right,94.3,idle
100.0,100.0,4.92,3.62,8.54,0,kick,98.7,jump
100.0,100.0,1.58,4.4,5.98,0,kick,98.7,block
100.0,100.0,1.44,7.62,9.05,0,idle,95.5,punch
67.0,76.0,0.45,7.64,8.09,1,move_right,93.6,idle
34.0,70.0,1.3,5.99,7.29,1,punch,90.9,idle
100.0,100.0,2.18,3.3,5.48,0,punch,98.0,move_right
58.0,100.0,1.36,5.05,6.41,0,kick,95.6,block
100.0,100.0,4.25,5.45,9.7,0,move_left,98.2,jump
10.0,52.0,0.12,7.1,7.22,0,idle,92.2,move_right
79.0,61.0,1.42,6.54,7.96,1,move_right,93.2,jump
37.0,46.0,1.32,8.42,9.74,2,block,91.6,idle
85.0,100.0,0.38,4.97,5.35,0,kick,97.3,special
100.0,100.0,1.35,7.28,8.63,0,move_left,96.6,punch
10.0,73.0,0.67,3.72,4.39,1,kick,92.7,block
100.0,94.0,1.3,5.14,6.43,0,idle,97.7,kick
49.0,64.0,0.6,8.5,9.1,0,move_right,91.9,special
10.0,64.0,0.27,7.07,7.34,0,block,90.2,move_right
40.0,73.0,1.21,5.39,6.6,1,move_left,93.8,idle
100.0,82.0,0.38,5.12,5.5,3,move_left,98.2,punch
55.0,94.0,1.37,4.54,5.91,0,punch,95.1,block
79.0,85.0,1.7,8.3,10.0,0,punch,94.1,move_right
85.0,52.0,0.69,6.6,7.29,3,punch,95.4,block
91.0,94.0,1.87,3.42,5.29,1,idle,97.3,idle
100.0,91.0,1.52,6.71,8.23,1,punch,96.4,idle
94.0,100.0,1.21,7.52,8.73,0,special,96.8,block
94.0,94.0,1.35,6.31,7.66,3,idle,97.4,idle
67.0,1.0,0.29,5.55,5.26,3,punch,89.9,block
40.0,43.0,0.02,8.48,8.5,1,punch,90.2,block
25.0,52.0,0.47,9.43,9.9,0,move_right,90.4,move_right
73.0,55.0,1.16,8.54,9.7,5,punch,94.7,block
28.0,64.0,0.56,6.97,7.54,0,punch,92.3,block
64.0,61.0,0.8,6.75,7.55,1,block,94.0,idle
73.0,94.0,1.22,6.84,8.06,3,kick,93.3,idle
40.0,55.0,1.4,7.95,9.35,1,punch,90.6,idle
37.0,19.0,0.23,8.23,8.01,1,jump,91.9,idle
7.0,67.0,0.03,7.29,7.27,0,idle,91.6,move_left
100.0,94.0,1.32,7.89,9.21,3,kick,95.0,idle
28.0,67.0,0.03,5.23,5.26,0,jump,94.5,move_right
100.0,100.0,5.84,1.29,7.12,0,move_right,98.9,move_right
100.0,100.0,1.51,7.87,9.38,0,jump,95.2,punch
94.0,91.0,1.49,7.88,9.37,3,punch,96.9,move_right
7.0,46.0,0.38,7.22,6.84,0,kick,89.2,block
100.0,100.0,3.47,2.61,6.08,0,kick,98.7,move_right
70.0,85.0,0.06,7.88,7.82,0,move_left,94.5,punch
100.0,100.0,2.96,6.74,9.7,0,move_left,96.3,move_right
28.0,73.0,0.21,5.01,4.8,0,kick,91.9,jump
100.0,100.0,8.28,1.64,9.92,0,block,98.5,move_right
82.0,94.0,0.63,5.37,6.0,0,idle,96.5,jump
94.0,79.0,1.58,7.05,8.63,0,punch,95.2,kick
100.0,100.0,2.65,2.57,5.22,0,punch,98.2,move_right
61.0,58.0,1.74,3.7,5.44,3,move_right,95.2,idle
52.0,52.0,1.8,6.04,7.84,0,idle,92.6,move_right
100.0,76.0,1.84,4.43,6.27,0,block,97.0,jump
100.0,100.0,3.14,3.43,6.57,0,move_left,98.8,move_right
34.0,55.0,0.88,7.69,8.57,1,idle,91.9,idle
82.0,94.0,1.46,7.07,8.53,1,special,96.2,idle
76.0,100.0,0.84,8.56,9.4,0,kick,95.0,block
49.0,76.0,1.08,6.58,7.66,2,move_right,93.3,idle
76.0,94.0,1.53,7.27,8.8,2,jump,94.5,idle
28.0,34.0,0.77,4.94,5.7,3,jump,92.9,idle
43.0,64.0,1.31,6.56,7.88,0,kick,92.7,block
43.0,61.0,0.72,4.98,5.7,3,special,93.7,block
67.0,82.0,1.19,4.77,5.96,2,idle,97.0,idle
91.0,100.0,1.14,8.56,9.7,6,punch,96.7,block
64.0,82.0,0.9,6.92,7.82,3,kick,95.2,block
100.0,100.0,5.48,1.79,7.27,0,idle,98.9,move_right
52.0,100.0,1.45,5.23,6.68,0,idle,94.8,kick
10.0,64.0,0.4,8.14,8.53,0,move_right,88.6,move_right
100.0,94.0,1.69,7.41,9.1,0,jump,95.3,move_right
100.0,100.0,2.0,3.61,5.61,4,kick,97.9,idle
34.0,70.0,0.76,6.97,7.73,3,move_left,93.7,idle
100.0,100.0,2.71,4.95,7.66,0,punch,96.5,jump
52.0,58.0,1.51,6.79,8.3,2,idle,95.0,idle
55.0,46.0,1.93,7.13,9.06,0,move_right,92.6,move_right
31.0,61.0,1.08,7.24,8.32,1,move_left,92.6,idle
25.0,52.0,0.6,7.0,7.6,0,move_right,92.0,move_right
52.0,64.0,0.55,6.01,6.56,1,jump,94.8,idle
10.0,61.0,0.5,9.5,10.0,0,jump,91.4,kick
79.0,85.0,1.59,6.41,8.0,1,jump,95.6,idle
100.0,100.0,6.32,2.68,9.0,0,idle,98.3,move_right
100.0,100.0,4.39,4.36,8.74,0,kick,98.3,move_right
55.0,49.0,0.48,8.32,8.8,3,punch,92.7,block
16.0,37.0,2.04,6.41,8.46,0,idle,86.7,move_right
79.0,91.0,1.36,5.32,6.67,2,idle,95.7,idle
100.0,94.0,1.03,5.63,6.66,3,jump,98.0,idle
16.0,82.0,0.65,6.35,7.0,0,idle,94.3,move_right
25.0,94.0,0.25,7.03,7.28,0,idle,92.7,move_right
25.0,52.0,0.3,8.5,8.8,0,move_right,91.2,move_right
91.0,94.0,1.48,7.9,9.38,0,jump,95.4,kick
58.0,79.0,0.59,8.06,8.65,1,idle,92.6,idle
100.0,94.0,1.16,5.93,7.09,0,kick,96.5,block
94.0,85.0,1.51,7.44,8.95,0,move_left,96.2,punch
61.0,91.0,0.15,5.97,6.12,2,move_left,92.2,idle
58.0,52.0,0.44,7.67,8.11,0,idle,93.4,punch
100.0,100.0,4.82,2.64,7.46,0,move_right,97.8,move_right
55.0,79.0,1.58,3.97,5.55,0,move_left,94.5,special
31.0,58.0,1.34,6.39,7.72,0,kick,93.0,block
70.0,37.0,1.27,8.13,9.4,3,idle,92.1,idle
58.0,58.0,1.39,6.14,7.54,1,punch,94.7,idle
58.0,61.0,1.14,6.11,7.26,3,move_left,91.7,idle
100.0,100.0,7.95,1.37,9.32,0,idle,99.0,move_right
100.0,100.0,1.34,5.23,6.57,0,kick,98.2,block
1.0,70.0,0.29,7.44,7.15,0,jump,91.0,move_left
37.0,28.0,1.01,4.05,5.06,0,block,90.4,block
4.0,82.0,0.01,9.08,9.07,0,block,93.8,move_left
28.0,37.0,1.43,7.66,9.09,1,idle,90.6,idle
100.0,100.0,2.23,4.73,6.96,0,idle,99.0,move_right
100.0,100.0,1.68,6.74,8.42,0,move_right,96.0,move_right
88.0,82.0,0.36,5.81,6.16,3,move_left,96.1,idle
40.0,85.0,1.23,5.15,6.38,0,move_right,94.0,block
85.0,94.0,1.66,7.3,8.96,1,jump,95.2,idle
100.0,100.0,1.86,5.51,7.36,0,move_right,97.3,move_right
7.0,82.0,0.03,5.64,5.61,0,move_left,92.8,move_left
100.0,94.0,1.42,6.32,7.74,0,move_right,96.8,block
10.0,25.0,1.59,5.55,7.14,1,kick,89.8,idle
22.0,73.0,0.14,7.21,7.34,1,block,91.0,idle
40.0,70.0,0.06,7.88,7.82,0,move_right,92.9,kick
91.0,82.0,1.82,4.79,6.6,1,jump,95.8,idle
100.0,100.0,2.74,6.9,9.63,0,punch,96.4,move_right
55.0,67.0,1.59,4.08,5.66,1,idle,96.1,idle
61.0,79.0,0.51,4.85,5.35,0,move_right,94.2,block
22.0,61.0,0.16,8.78,8.93,0,jump,91.7,move_right
85.0,100.0,1.33,5.05,6.38,0,idle,97.7,punch
82.0,94.0,1.24,3.55,4.78,1,move_right,97.7,idle
100.0,100.0,2.25,7.04,9.29,0,jump,96.7,move_right
73.0,67.0,0.43,6.07,6.49,3,kick,95.1,block
79.0,49.0,1.18,8.52,9.7,0,punch,91.3,block
100.0,100.0,3.77,1.86,5.63,3,move_left,98.1,idle
100.0,100.0,4.65,3.98,8.63,0,move_left,98.2,move_right
7.0,58.0,0.3,9.4,9.1,0,punch,87.5,block
52.0,61.0,1.17,7.18,8.35,3,move_right,92.7,idle
43.0,49.0,0.47,4.94,5.4,3,idle,94.9,idle
94.0,100.0,1.33,5.05,6.38,0,punch,98.6,block
52.0,85.0,0.44,7.51,7.94,2,move_left,92.6,idle
91.0,61.0,1.55,8.15,9.7,3,kick,95.0,idle
1.0,55.0,0.3,9.4,9.7,0,move_right,88.9,move_right
16.0,82.0,0.38,7.98,8.35,0,idle,95.6,move_right
16.0,25.0,0.72,6.9,7.62,0,special,91.6,block
70.0,85.0,1.15,5.17,6.32,1,move_right,97.1,idle
49.0,64.0,1.02,6.3,7.32,2,punch,95.3,block
100.0,100.0,4.29,1.97,6.26,0,punch,98.8,move_right
100.0,100.0,4.33,5.24,9.57,0,kick,97.7,move_right
100.0,100.0,1.93,5.87,7.81,0,idle,97.3,move_right
16.0,73.0,0.32,5.87,6.19,0,move_right,90.4,move_right
52.0,70.0,0.45,7.64,7.19,1,idle,92.0,idle
76.0,100.0,1.88,5.97,7.84,1,punch,95.8,idle
76.0,52.0,0.88,4.04,4.92,2,move_left,94.8,idle
94.0,85.0,1.43,4.6,6.04,3,punch,97.7,idle
82.0,94.0,1.68,6.58,8.26,3,move_right,95.4,idle
40.0,55.0,0.45,4.17,3.72,5,block,95.0,idle
43.0,67.0,0.0,6.92,6.92,0,idle,93.4,block
100.0,100.0,1.66,4.12,5.77,0,move_left,98.3,move_right
70.0,61.0,1.62,7.52,9.14,0,kick,94.2,move_right
100.0,94.0,1.89,4.05,5.94,3,move_right,97.9,idle
10.0,61.0,0.03,6.3,6.27,0,punch,93.2,jump
10.0,25.0,1.27,8.43,9.7,0,special,88.4,block
64.0,79.0,1.57,7.83,9.4,3,move_right,95.2,idle
16.0,46.0,0.38,7.22,6.84,2,special,89.5,block
100.0,100.0,1.08,7.04,8.12,0,move_left,95.9,kick
10.0,73.0,0.19,7.96,8.14,0,kick,90.5,block
91.0,76.0,1.22,5.99,7.2,1,kick,94.7,idle
100.0,100.0,4.23,3.05,7.28,0,move_left,98.9,jump
76.0,82.0,2.1,6.01,8.1,0,move_right,93.5,move_right
100.0,100.0,2.27,4.11,6.38,0,punch,98.0,jump
100.0,100.0,6.12,3.44,9.55,0,move_right,97.8,move_right
100.0,100.0,2.98,4.31,7.3,0,punch,98.0,move_right
79.0,67.0,1.33,6.53,7.86,1,idle,95.1,idle
37.0,25.0,1.59,6.48,8.06,1,move_left,89.8,idle
100.0,100.0,3.33,3.87,7.2,0,punch,98.1,move_right
100.0,100.0,5.23,3.5,8.73,0,move_right,98.2,move_right
100.0,100.0,2.04,6.12,8.15,0,punch,96.4,jump
52.0,82.0,1.3,6.04,7.33,0,block,93.0,punch
100.0,100.0,1.77,6.58,8.35,0,move_right,97.7,move_right
70.0,85.0,0.73,6.77,7.51,0,move_left,95.1,punch
73.0,79.0,1.28,8.42,9.7,2,idle,94.8,idle
79.0,85.0,1.86,5.61,7.47,0,jump,96.4,move_right
100.0,100.0,1.58,5.38,6.97,0,special,97.9,punch
52.0,49.0,1.09,5.82,6.91,0,move_left,93.9,punch
58.0,34.0,1.55,8.45,10.0,1,jump,92.5,idle
100.0,100.0,1.91,4.76,6.68,0,block,96.8,move_right
10.0,52.0,0.3,6.92,7.22,0,idle,91.9,move_right
7.0,67.0,0.12,7.18,7.06,0,move_left,91.9,move_left
100.0,100.0,5.04,3.98,9.02,0,idle,99.0,move_right
67.0,76.0,1.51,7.93,9.43,2,kick,94.9,idle
28.0,79.0,0.28,8.08,7.8,0,idle,89.6,move_left
100.0,100.0,1.42,5.72,7.14,0,jump,95.2,punch
61.0,88.0,1.77,6.39,8.17,0,jump,95.0,move_right
7.0,22.0,0.03,6.12,6.15,3,idle,90.5,idle
7.0,13.0,0.65,4.83,5.48,2,punch,92.4,block
100.0,100.0,2.25,5.07,7.32,0,idle,97.2,move_right
34.0,28.0,0.15,3.87,3.72,3,punch,94.6,block
100.0,100.0,3.09,6.54,9.63,0,block,97.6,move_right
100.0,100.0,2.48,3.51,5.99,0,move_right,97.5,jump
49.0,58.0,1.63,4.2,5.83,0,block,94.2,jump
19.0,61.0,1.06,6.42,7.48,0,idle,91.9,move_right
91.0,100.0,1.53,5.07,6.6,0,idle,96.5,block
28.0,76.0,0.97,7.85,8.82,0,special,93.1,jump
100.0,100.0,3.82,3.53,7.36,0,move_right,98.4,jump
34.0,34.0,0.39,6.7,7.09,2,kick,89.8,block
94.0,100.0,1.67,7.33,9.0,0,move_right,96.8,jump
52.0,70.0,1.76,6.37,8.14,1,kick,93.7,idle
43.0,76.0,1.32,4.38,5.7,0,punch,95.8,block
100.0,100.0,4.94,5.06,10.0,0,move_right,98.5,move_right
49.0,46.0,1.02,6.9,7.92,0,move_left,93.5,punch
4.0,28.0,0.43,4.94,4.5,0,block,91.8,jump
4.0,4.0,0.47,5.68,5.21,3,move_left,90.7,idle
79.0,73.0,1.29,4.95,6.24,1,kick,95.1,idle
94.0,94.0,1.42,6.24,7.66,0,kick,95.8,block
82.0,73.0,1.61,5.96,7.58,2,move_right,94.1,idle
82.0,73.0,0.8,7.01,7.81,5,move_left,95.6,idle
94.0,94.0,1.44,7.58,9.02,2,move_right,96.4,idle
37.0,40.0,1.35,7.81,9.16,1,idle,91.8,idle
22.0,13.0,0.64,4.43,5.07,3,idle,91.5,idle
100.0,100.0,6.56,2.87,9.43,0,move_right,98.8,jump
34.0,58.0,0.98,5.71,6.69,0,idle,92.6,punch
43.0,73.0,1.29,4.11,5.4,1,move_left,94.1,idle
76.0,76.0,1.51,7.93,9.43,3,jump,95.0,idle
100.0,100.0,6.08,3.51,9.59,0,kick,98.9,move_right
100.0,100.0,2.0,3.61,5.61,5,idle,98.0,idle
94.0,88.0,1.2,8.5,9.7,2,punch,94.6,idle
25.0,25.0,1.94,7.13,5.2,1,move_left,88.3,idle
25.0,55.0,0.43,5.31,4.88,3,special,93.9,block
82.0,67.0,1.07,7.02,8.1,1,move_right,94.9,idle
22.0,43.0,1.18,7.69,8.87,0,move_left,90.8,punch
94.0,100.0,1.37,3.94,5.31,0,punch,97.2,block
34.0,46.0,0.08,7.22,7.14,0,jump,89.9,block
100.0,100.0,3.39,6.24,9.63,0,move_right,97.7,move_right
43.0,64.0,1.31,8.06,9.38,0,punch,90.8,block
94.0,73.0,1.57,4.21,5.78,1,kick,96.8,idle
67.0,85.0,1.3,5.99,7.29,0,kick,93.7,move_left
7.0,67.0,0.18,7.18,7.36,0,punch,92.0,block
37.0,64.0,1.1,4.62,5.72,3,idle,94.8,idle
16.0,82.0,0.22,4.97,4.75,0,punch,95.8,block
100.0,100.0,9.18,0.74,9.92,0,idle,98.8,move_right
37.0,73.0,0.53,7.07,7.6,3,special,93.0,move_left
7.0,58.0,0.03,9.73,9.7,0,punch,92.6,block
100.0,100.0,3.99,4.71,8.7,0,jump,98.6,move_right
7.0,22.0,0.66,7.0,7.66,2,move_left,86.1,idle
100.0,100.0,1.69,5.38,7.07,0,punch,98.3,jump
52.0,58.0,1.51,6.79,8.3,1,punch,94.9,idle
58.0,76.0,0.28,3.68,3.96,2,move_right,95.1,idle
1.0,22.0,1.4,8.11,9.51,3,kick,87.0,idle
100.0,100.0,1.39,5.54,6.94,2,punch,98.0,idle
67.0,16.0,0.91,7.52,8.43,0,punch,92.7,block
100.0,100.0,6.9,1.52,8.42,0,idle,99.0,move_right
67.0,55.0,1.16,8.54,9.7,4,punch,94.6,block
100.0,100.0,1.74,7.64,9.38,0,punch,97.4,move_right
67.0,70.0,1.57,7.93,9.51,1,move_right,95.7,idle
43.0,64.0,0.13,5.31,5.18,1,move_left,94.1,idle
1.0,61.0,0.26,4.87,5.13,0,special,92.8,block
49.0,73.0,1.07,7.93,9.0,2,move_left,93.8,idle
22.0,4.0,1.58,8.42,10.0,1,move_right,89.2,idle
100.0,82.0,1.48,4.04,5.52,4,move_right,97.3,idle
31.0,64.0,0.82,5.16,5.98,0,move_right,94.5,block
34.0,70.0,1.3,5.99,7.29,3,move_right,91.2,punch
76.0,70.0,1.32,6.8,8.12,0,kick,94.6,block
100.0,100.0,3.14,6.86,10.0,0,move_right,95.7,move_right
100.0,91.0,1.46,3.96,5.42,3,jump,96.8,idle
31.0,46.0,1.39,6.28,7.67,3,idle,94.3,idle
100.0,100.0,3.49,4.04,7.54,0,special,98.7,move_right
43.0,64.0,0.59,4.77,5.36,3,punch,94.8,block
85.0,94.0,1.48,6.19,7.67,1,move_left,95.8,idle
10.0,16.0,0.91,7.99,8.9,1,jump,90.9,idle
7.0,73.0,0.3,9.4,9.1,0,move_left,90.9,move_left
43.0,46.0,0.45,3.87,3.42,3,move_left,95.1,idle
10.0,19.0,1.04,8.51,7.47,3,move_left,85.7,idle
49.0,43.0,1.61,3.75,5.36,2,move_right,92.5,idle
1.0,37.0,0.48,5.79,5.31,0,special,92.3,block
46.0,43.0,0.33,6.12,6.45,3,block,92.5,idle
25.0,58.0,0.52,5.16,5.68,0,move_left,94.0,move_right
37.0,61.0,1.5,4.34,5.84,3,jump,92.6,idle
79.0,76.0,1.39,7.71,9.1,3,punch,93.9,idle
28.0,40.0,1.02,5.21,6.24,0,move_left,90.8,kick
19.0,67.0,0.14,8.8,8.66,0,jump,92.4,move_left
43.0,52.0,0.15,3.87,3.72,0,kick,95.4,block
100.0,100.0,4.23,2.37,6.6,0,punch,98.6,move_right
100.0,79.0,1.58,7.05,8.63,1,punch,95.4,idle
94.0,88.0,0.54,6.9,7.44,1,jump,95.0,idle
19.0,76.0,0.93,8.47,9.4,0,move_left,88.9,move_right
94.0,76.0,0.67,8.13,8.8,0,punch,94.5,block
100.0,100.0,3.26,4.13,7.39,0,jump,98.2,move_right
100.0,100.0,2.19,6.77,8.97,0,idle,98.3,jump
67.0,25.0,0.68,8.42,9.1,2,move_right,91.4,block
25.0,19.0,1.28,7.49,8.77,0,idle,90.0,kick
100.0,100.0,2.49,7.14,9.63,0,punch,97.4,jump
64.0,82.0,1.02,7.18,8.2,2,move_right,93.5,idle
100.0,100.0,1.09,4.22,5.31,0,jump,98.6,block
100.0,100.0,5.53,2.9,8.43,0,idle,98.4,move_right
100.0,100.0,1.91,7.19,9.1,0,jump,96.5,move_right
88.0,82.0,1.21,7.52,8.73,6,punch,96.6,idle
91.0,100.0,1.14,8.56,9.7,0,move_left,96.8,special
52.0,55.0,1.27,8.43,9.7,3,idle,93.5,idle
100.0,82.0,1.58,5.71,7.29,0,punch,96.5,kick
100.0,100.0,3.72,4.64,8.36,0,move_right,98.3,move_right
76.0,82.0,0.46,7.67,7.21,0,move_left,95.9,block
52.0,85.0,1.34,7.51,8.84,1,punch,92.9,idle
88.0,82.0,0.66,5.81,6.46,1,move_right,95.9,idle
100.0,79.0,1.63,5.98,7.61,1,kick,96.0,idle
25.0,55.0,0.28,2.48,2.76,0,idle,90.6,move_right
70.0,100.0,1.24,6.14,7.38,1,punch,94.5,move_right
100.0,100.0,3.85,4.6,8.45,1,special,96.6,idle
52.0,70.0,0.15,7.64,7.49,2,idle,92.4,idle
34.0,34.0,2.09,4.59,6.68,1,move_right,93.2,idle
10.0,55.0,0.41,6.34,5.94,0,move_left,92.8,move_left
100.0,100.0,3.72,4.49,8.22,0,move_left,97.7,move_right
91.0,64.0,1.22,5.99,7.2,0,block,93.6,block
13.0,31.0,0.19,6.44,6.64,0,idle,90.6,punch
100.0,94.0,1.16,5.93,7.09,3,idle,96.8,idle
100.0,100.0,1.54,5.24,6.78,0,punch,97.0,kick
76.0,85.0,0.72,8.19,8.91,0,idle,92.0,kick
79.0,70.0,1.73,4.9,6.64,1,move_right,96.6,idle
73.0,70.0,1.0,7.6,8.6,3,kick,93.8,block
100.0,100.0,1.89,5.7,7.59,0,idle,98.4,jump
43.0,70.0,1.07,6.04,7.11,3,move_left,92.4,idle
7.0,82.0,0.18,7.97,7.79,0,jump,93.9,move_left
94.0,82.0,1.19,4.29,5.48,3,punch,96.6,block
37.0,25.0,1.89,6.48,8.36,2,special,89.9,idle
7.0,22.0,0.33,6.12,6.45,1,idle,90.3,idle
10.0,16.0,0.69,6.18,6.86,0,idle,87.7,idle
1.0,64.0,0.21,8.18,7.97,0,punch,91.2,block
70.0,40.0,0.16,4.42,4.57,2,jump,94.2,kick
31.0,58.0,1.26,6.82,8.08,5,kick,92.5,idle
76.0,100.0,1.54,6.14,7.68,6,jump,95.4,block
1.0,4.0,0.98,8.42,9.4,2,block,88.0,idle
85.0,85.0,0.54,5.81,6.36,0,move_right,94.4,punch
100.0,91.0,0.86,4.27,5.13,0,move_left,96.3,block
13.0,61.0,0.27,9.37,9.1,0,jump,90.5,move_left
37.0,61.0,1.5,8.5,10.0,6,punch,90.8,idle
100.0,100.0,3.99,4.97,8.97,0,idle,99.0,move_right
46.0,82.0,1.99,4.54,6.54,1,punch,96.5,idle
40.0,61.0,1.29,6.41,7.7,0,block,92.7,block
31.0,52.0,1.62,6.1,7.72,0,move_right,91.6,jump
64.0,76.0,0.78,7.24,8.02,0,idle,94.9,block
100.0,100.0,4.72,3.42,8.15,0,punch,97.9,jump
100.0,100.0,1.58,8.42,10.0,1,punch,95.9,idle
91.0,76.0,1.07,7.02,8.1,2,kick,95.8,block
40.0,61.0,2.0,7.35,9.35,0,punch,91.3,jump
85.0,70.0,0.28,6.32,6.59,1,move_right,95.4,idle
100.0,100.0,1.46,4.27,5.73,0,idle,96.7,kick
85.0,94.0,1.83,5.97,7.8,2,idle,93.9,idle
100.0,91.0,1.49,3.39,4.88,3,block,98.1,special
100.0,100.0,3.65,5.45,9.1,0,jump,98.0,move_right
79.0,88.0,0.73,7.94,8.67,0,block,95.5,block
94.0,94.0,1.42,6.24,7.66,3,jump,96.2,idle
73.0,67.0,0.43,6.07,6.49,0,move_left,94.8,special
13.0,79.0,0.15,8.01,7.85,0,move_left,92.5,move_left
7.0,55.0,1.06,8.34,9.4,0,punch,90.3,block
49.0,64.0,0.96,5.81,6.76,1,move_right,93.6,idle
100.0,100.0,5.69,4.01,9.7,0,kick,97.2,jump
28.0,31.0,0.02,4.04,4.02,3,move_right,93.2,idle
100.0,100.0,1.77,6.0,7.77,0,idle,97.9,move_right
34.0,67.0,1.37,8.23,9.6,0,idle,92.7,kick
100.0,100.0,2.11,4.79,6.9,0,idle,97.3,jump
85.0,100.0,1.58,5.98,7.57,0,punch,96.7,kick
79.0,85.0,1.06,3.86,4.92,3,punch,97.9,block
94.0,85.0,0.63,8.47,9.1,0,move_left,93.4,punch
100.0,100.0,3.66,3.21,6.87,0,block,98.5,move_right
52.0,55.0,1.7,6.91,8.61,3,move_right,89.6,idle
25.0,61.0,0.33,8.47,8.8,0,special,91.2,jump
79.0,52.0,0.69,6.6,7.29,1,move_left,94.8,idle
85.0,76.0,1.51,6.55,8.06,3,punch,91.4,idle
40.0,64.0,0.74,7.13,6.4,0,block,90.2,jump
70.0,82.0,0.68,5.97,6.64,2,kick,93.7,block
100.0,100.0,1.78,7.3,9.08,0,idle,96.3,move_right
79.0,76.0,0.79,7.71,8.5,1,move_left,93.7,idle
100.0,100.0,2.14,7.8,9.93,0,move_right,95.8,move_right
52.0,70.0,1.03,7.07,8.11,2,idle,93.9,idle
100.0,100.0,2.78,4.18,6.97,0,move_left,98.7,move_right
61.0,67.0,1.39,4.62,6.01,1,move_left,95.9,move_left
100.0,82.0,0.77,7.02,7.8,3,move_right,96.4,idle
100.0,100.0,3.65,3.05,6.7,0,move_left,97.9,move_right
49.0,79.0,1.67,5.44,7.11,2,move_right,93.5,idle
22.0,61.0,1.36,8.64,10.0,0,idle,88.0,move_right
100.0,100.0,2.52,6.09,8.61,0,move_left,96.2,move_right
43.0,49.0,1.51,8.49,10.0,0,move_right,90.7,punch
100.0,100.0,1.92,4.12,6.04,0,move_left,98.1,move_right
43.0,73.0,1.59,4.11,5.7,0,punch,94.4,punch
76.0,91.0,1.86,4.9,6.76,1,move_right,95.2,idle
52.0,64.0,0.15,8.65,8.5,3,move_left,91.7,idle
94.0,94.0,1.45,5.17,6.62,0,punch,98.3,block
55.0,85.0,1.58,3.97,5.55,0,jump,95.0,block
94.0,100.0,1.45,3.47,4.92,3,move_right,97.2,kick
70.0,85.0,0.29,8.06,8.35,3,idle,94.0,idle
70.0,73.0,1.43,7.36,8.79,1,special,95.2,idle
7.0,58.0,0.04,9.17,9.13,0,idle,88.6,move_left
100.0,100.0,2.76,3.82,6.58,0,move_left,98.0,jump
55.0,94.0,1.36,4.87,6.23,0,punch,97.5,block
4.0,82.0,0.1,7.7,7.59,0,kick,93.2,jump
49.0,76.0,1.36,8.34,9.7,0,idle,91.7,punch
100.0,100.0,2.96,4.57,7.54,0,punch,98.4,move_right
70.0,79.0,1.45,5.57,7.02,2,special,91.6,idle
100.0,100.0,1.92,4.89,6.81,0,punch,98.6,move_right
100.0,91.0,1.34,7.06,8.4,3,idle,97.6,idle
16.0,25.0,0.16,8.51,8.67,5,punch,86.3,block
10.0,64.0,1.29,6.38,7.67,2,idle,93.7,idle
16.0,19.0,0.74,5.93,5.2,0,idle,86.4,punch
10.0,67.0,0.26,4.86,5.12,0,move_right,91.6,move_right
91.0,82.0,1.56,7.52,9.08,0,jump,94.2,punch
31.0,70.0,1.36,5.62,6.97,3,special,94.3,idle
34.0,49.0,0.87,8.47,7.6,1,jump,90.5,idle
94.0,73.0,1.02,7.22,8.24,2,punch,96.4,block
64.0,49.0,1.52,8.48,10.0,4,jump,91.9,idle
100.0,100.0,2.1,7.6,9.7,0,move_left,96.3,move_left
52.0,88.0,0.28,7.78,7.5,2,move_left,93.1,idle
52.0,52.0,1.02,6.8,7.82,2,move_right,93.7,idle
52.0,55.0,0.47,7.32,7.8,2,move_left,93.2,idle
82.0,73.0,1.58,4.2,5.78,0,move_right,96.0,special
70.0,79.0,1.23,6.0,7.22,1,punch,94.8,idle
100.0,100.0,1.93,5.03,6.96,1,kick,98.6,idle
100.0,100.0,2.79,2.91,5.7,0,move_left,97.6,move_right
40.0,61.0,0.86,3.85,4.71,2,move_left,95.2,idle
46.0,73.0,1.04,7.66,8.7,3,move_right,94.9,jump
100.0,100.0,1.88,5.85,7.73,0,move_left,97.6,move_right
43.0,58.0,0.98,5.71,6.69,3,move_right,93.0,idle
100.0,100.0,1.43,7.06,8.49,2,move_left,96.7,idle
73.0,82.0,0.82,7.43,8.26,0,punch,93.6,block
40.0,55.0,0.69,8.27,8.97,0,kick,94.8,block
82.0,73.0,0.96,5.81,6.76,3,idle,95.5,idle
43.0,85.0,0.72,5.78,6.5,0,punch,96.3,block
52.0,88.0,0.02,7.78,7.8,1,kick,93.4,block
19.0,40.0,0.08,5.48,5.56,1,move_left,92.9,idle
10.0,34.0,0.29,8.81,9.1,0,move_right,90.4,block
100.0,100.0,1.9,6.5,8.4,0,punch,96.9,move_right
100.0,100.0,6.16,2.5,8.66,0,move_right,98.5,move_right
100.0,100.0,1.48,5.59,7.07,0,jump,97.7,block
7.0,40.0,0.88,8.52,9.4,2,kick,88.3,block
28.0,73.0,1.29,4.11,5.4,4,kick,93.4,idle
55.0,37.0,1.23,6.9,8.12,3,special,92.6,idle
100.0,100.0,1.46,7.94,9.4,0,move_left,95.7,punch
43.0,58.0,0.3,7.3,7.6,0,punch,93.0,block
52.0,7.0,0.68,8.72,9.4,0,punch,90.6,block
58.0,46.0,0.98,7.05,8.03,2,punch,93.1,block
70.0,82.0,0.96,5.62,6.58,0,special,94.8,block
7.0,55.0,1.06,8.64,9.7,0,move_right,90.1,move_right
100.0,100.0,2.26,6.11,8.37,0,punch,95.7,move_right
37.0,52.0,1.95,7.51,9.46,0,block,92.6,move_right
100.0,100.0,1.53,8.47,10.0,0,punch,94.6,punch
76.0,88.0,2.02,6.32,8.34,0,move_right,95.0,move_right
100.0,100.0,2.15,4.25,6.4,0,kick,97.4,jump
100.0,100.0,1.59,4.08,5.66,0,special,98.6,punch
79.0,94.0,1.63,5.05,6.68,1,idle,97.0,idle
34.0,49.0,1.65,2.97,1.32,1,move_left,92.8,idle
100.0,100.0,1.75,3.17,4.92,0,jump,97.9,jump
55.0,88.0,1.67,4.84,6.51,0,idle,94.1,jump
100.0,100.0,3.0,6.02,9.02,0,move_right,96.9,block
46.0,79.0,1.11,4.85,5.95,0,kick,93.5,jump
88.0,94.0,1.5,4.34,5.84,0,move_right,96.3,punch
100.0,100.0,3.82,3.23,7.06,0,idle,98.5,move_right
100.0,100.0,5.27,4.27,9.54,0,punch,98.9,move_right
100.0,82.0,1.66,7.74,9.4,3,punch,93.2,idle
25.0,82.0,0.31,9.38,9.07,0,move_left,95.0,move_left
100.0,76.0,0.67,8.13,8.8,5,kick,95.6,block
43.0,73.0,1.18,7.69,8.87,0,move_right,92.6,kick
100.0,100.0,4.26,2.62,6.88,0,kick,98.4,move_right
25.0,49.0,0.06,5.62,5.68,3,punch,92.2,block
100.0,100.0,2.88,6.04,8.92,0,punch,97.3,move_right
91.0,100.0,1.74,8.26,10.0,0,move_right,97.0,move_right
34.0,55.0,1.35,3.87,2.52,0,punch,94.2,jump
16.0,37.0,1.14,6.71,7.86,0,jump,87.7,kick
100.0,100.0,5.56,3.98,9.53,0,move_left,98.5,move_right
40.0,79.0,1.06,5.47,6.53,3,punch,95.5,block
1.0,64.0,0.12,8.79,8.91,0,idle,86.8,move_right
70.0,82.0,0.68,5.97,6.64,5,move_right,94.0,idle
16.0,22.0,1.28,4.7,5.98,2,move_left,93.7,idle
1.0,4.0,0.17,4.56,4.73,5,punch,90.7,block
37.0,70.0,0.71,7.79,8.5,2,move_left,93.6,idle
22.0,43.0,0.45,7.64,7.19,3,idle,91.1,idle
58.0,82.0,0.18,3.94,4.12,0,jump,96.8,punch
100.0,100.0,7.7,1.78,9.48,0,jump,98.5,special
100.0,94.0,0.89,8.81,9.7,0,move_left,94.9,kick
10.0,43.0,0.65,6.01,6.66,0,kick,93.9,block
79.0,61.0,0.29,5.55,5.26,2,punch,92.9,punch
79.0,49.0,1.18,8.5,9.67,1,move_right,94.5,idle
13.0,31.0,0.11,6.44,6.34,2,punch,90.8,block
4.0,82.0,0.25,6.65,6.4,0,jump,93.4,move_left
100.0,100.0,6.57,2.64,9.21,0,block,97.5,move_right
34.0,22.0,0.43,8.33,8.76,3,move_right,89.8,idle
52.0,37.0,1.72,5.21,6.94,5,move_right,93.4,idle
46.0,70.0,0.36,7.88,7.52,3,move_right,93.2,idle
100.0,100.0,3.15,4.41,7.55,0,kick,97.9,move_right
76.0,76.0,1.36,8.34,9.7,2,special,92.2,idle
100.0,100.0,1.39,5.54,6.94,0,block,97.7,kick
22.0,67.0,0.27,6.27,6.0,0,punch,89.6,block
76.0,76.0,0.93,5.37,6.3,3,punch,95.7,block
19.0,58.0,0.15,8.65,8.8,0,kick,90.1,block
19.0,25.0,0.96,5.91,6.87,1,jump,91.0,idle
79.0,100.0,1.7,4.21,5.91,0,move_right,95.5,jump
19.0,10.0,1.42,5.21,6.64,0,jump,90.4,jump
31.0,82.0,1.1,6.2,7.29,0,punch,96.5,jump
55.0,52.0,1.23,6.9,8.12,2,idle,93.3,idle
88.0,100.0,1.23,4.63,5.86,3,punch,97.7,idle
82.0,73.0,1.61,6.26,7.88,0,move_right,93.7,move_right
28.0,61.0,1.54,6.74,8.28,1,jump,90.2,idle
100.0,100.0,6.79,3.21,10.0,0,move_right,97.7,move_right
100.0,100.0,2.83,6.74,9.57,0,punch,97.1,move_right
4.0,34.0,0.09,6.6,6.69,5,jump,93.0,idle
100.0,100.0,6.07,3.93,10.0,0,punch,98.2,move_right
91.0,76.0,1.81,5.95,7.76,4,move_right,92.4,idle
10.0,49.0,0.22,6.06,6.28,3,jump,93.1,idle
34.0,82.0,1.31,4.09,5.4,0,jump,97.1,punch
61.0,94.0,1.07,4.54,5.61,0,jump,95.7,punch
94.0,76.0,1.06,4.42,5.47,3,punch,97.4,block
100.0,91.0,1.0,6.8,7.8,0,move_left,96.4,block
31.0,55.0,1.44,6.11,7.56,0,move_right,89.7,punch
82.0,94.0,1.34,8.66,10.0,1,idle,93.1,idle
7.0,52.0,1.15,7.65,8.8,0,punch,93.1,block
100.0,100.0,1.51,5.39,6.9,1,idle,95.9,idle
100.0,100.0,5.79,0.51,6.3,0,idle,98.6,move_right
100.0,100.0,1.77,5.64,7.41,0,idle,97.0,move_right
88.0,82.0,0.96,5.81,6.76,0,punch,96.3,jump
58.0,94.0,1.52,7.14,8.66,2,punch,92.6,idle
91.0,100.0,1.33,6.77,8.11,0,idle,96.6,kick
61.0,73.0,1.86,6.36,8.22,5,idle,93.3,idle
67.0,61.0,1.36,8.21,9.57,0,punch,90.1,block
52.0,37.0,0.37,8.23,8.61,6,kick,93.8,block
58.0,49.0,0.5,6.91,7.41,1,move_left,94.6,idle
100.0,100.0,2.9,5.0,7.9,0,idle,97.5,move_right
1.0,25.0,0.65,8.45,9.1,0,kick,91.4,jump
100.0,100.0,5.46,3.22,8.68,0,idle,98.9,move_right
100.0,94.0,0.98,7.08,8.05,3,move_left,97.8,idle
16.0,55.0,0.3,5.24,4.94,0,punch,89.5,block
67.0,100.0,1.58,6.97,8.55,2,kick,94.4,idle
52.0,46.0,0.44,7.67,8.11,0,special,92.8,block
79.0,82.0,0.91,7.52,8.43,0,idle,95.9,punch
100.0,82.0,1.56,5.81,7.36,3,block,96.8,idle
82.0,85.0,1.33,6.77,8.11,0,punch,95.8,block
58.0,76.0,1.36,5.32,6.67,1,punch,95.1,idle
100.0,100.0,4.01,2.36,6.38,0,idle,98.5,punch
100.0,100.0,1.18,6.79,7.97,0,punch,97.5,block
55.0,67.0,1.32,5.8,7.12,2,kick,93.6,idle
28.0,64.0,0.23,6.77,7.0,0,idle,91.9,move_right
100.0,100.0,1.79,3.09,4.88,0,jump,98.4,jump
13.0,61.0,0.24,6.08,6.32,0,jump,90.5,move_right
49.0,55.0,0.99,8.27,9.27,1,jump,95.0,idle
94.0,88.0,2.17,3.61,5.78,0,move_right,97.7,move_right
34.0,76.0,1.01,4.09,5.1,2,move_left,96.9,idle
94.0,100.0,1.54,5.24,6.78,1,kick,96.7,idle
100.0,100.0,2.37,5.4,7.77,0,move_right,98.2,move_right
82.0,94.0,0.92,7.78,8.7,3,special,95.3,jump
70.0,85.0,1.18,7.39,8.57,1,block,94.1,idle
1.0,4.0,0.68,8.42,9.1,0,kick,87.8,block
94.0,76.0,1.36,8.34,9.7,3,punch,92.3,idle
100.0,100.0,2.76,4.0,6.76,2,move_right,97.4,idle
70.0,64.0,0.16,4.78,4.94,2,jump,93.1,idle
100.0,100.0,1.94,8.06,10.0,3,kick,96.5,idle
100.0,100.0,4.56,2.51,7.06,0,idle,98.6,move_right
16.0,52.0,0.01,7.46,7.45,0,block,90.3,move_left
100.0,100.0,4.33,4.56,8.89,0,idle,99.0,move_right
73.0,82.0,1.16,8.24,9.4,0,move_right,93.0,kick
40.0,82.0,0.42,5.61,6.03,0,kick,96.0,block
52.0,52.0,1.55,8.45,10.0,2,punch,94.2,idle
76.0,67.0,0.86,7.97,8.83,2,move_left,93.8,idle
94.0,94.0,1.53,5.15,6.68,0,punch,97.2,punch
85.0,88.0,1.65,7.28,8.93,3,move_right,95.9,punch
100.0,94.0,0.98,3.67,4.65,0,block,97.8,special
22.0,55.0,0.3,4.04,4.34,2,kick,90.5,block
94.0,100.0,1.15,7.3,8.45,1,idle,94.7,idle
100.0,100.0,4.27,4.77,9.04,0,move_right,98.6,move_right
22.0,73.0,1.32,5.64,6.96,4,jump,94.1,idle
100.0,100.0,4.29,4.41,8.7,0,kick,98.7,move_right
4.0,82.0,0.1,7.7,7.59,0,punch,93.7,block
100.0,100.0,4.62,4.78,9.4,0,punch,96.7,move_right
52.0,64.0,1.31,6.56,7.88,0,block,92.8,block
25.0,31.0,1.99,8.01,10.0,4,jump,90.8,idle
100.0,94.0,1.83,3.75,5.58,2,punch,96.9,idle
100.0,100.0,3.03,6.37,9.4,1,idle,97.0,idle
100.0,100.0,1.18,6.79,7.97,0,move_left,97.6,block
67.0,94.0,0.75,7.64,8.39,1,punch,94.2,special
100.0,100.0,1.58,5.38,6.97,1,move_left,97.6,idle
100.0,91.0,1.56,5.31,6.87,3,block,97.5,idle
73.0,67.0,1.46,3.55,5.01,3,jump,96.5,idle
37.0,67.0,1.34,5.19,6.52,1,idle,94.2,idle
46.0,73.0,1.34,8.56,9.9,5,jump,93.1,idle
100.0,100.0,2.78,4.18,6.97,0,punch,98.3,move_right
76.0,82.0,1.44,3.4,4.84,2,jump,96.5,idle
85.0,100.0,1.45,5.53,6.98,0,punch,96.3,jump
16.0,79.0,0.02,7.78,7.8,0,block,89.0,move_right
76.0,88.0,1.53,8.47,10.0,0,idle,93.2,punch
37.0,73.0,1.04,8.66,9.7,0,move_right,91.7,punch
22.0,58.0,0.68,6.31,6.99,0,move_left,91.3,move_right
64.0,91.0,0.23,6.43,6.66,0,move_left,95.4,kick
100.0,100.0,3.07,6.43,9.51,0,punch,97.9,move_right
34.0,58.0,1.37,8.23,9.6,2,jump,92.5,idle
16.0,82.0,1.28,7.08,8.35,0,kick,96.0,block
100.0,100.0,1.81,6.24,8.05,0,idle,97.1,move_right
52.0,37.0,0.62,7.09,6.47,2,move_left,92.6,idle
49.0,94.0,1.82,7.14,8.96,2,move_right,91.9,idle
100.0,100.0,4.49,4.88,9.37,0,idle,98.3,move_right
61.0,88.0,1.3,6.92,8.21,0,idle,95.8,jump
100.0,100.0,2.92,4.52,7.44,0,punch,96.6,move_right
100.0,100.0,2.94,6.14,9.08,0,move_left,97.9,move_right
100.0,94.0,1.74,7.92,9.65,0,move_right,94.6,move_right
49.0,67.0,1.29,6.41,7.7,0,idle,93.5,punch
100.0,100.0,4.38,3.58,7.96,0,idle,98.7,move_right
100.0,100.0,5.86,4.14,10.0,2,move_right,96.6,idle
100.0,100.0,7.79,2.21,10.0,0,move_right,97.9,move_right
100.0,100.0,2.49,5.78,8.27,0,idle,96.5,move_right
28.0,43.0,0.68,4.2,4.88,0,special,92.6,punch
91.0,49.0,0.64,4.43,5.07,5,kick,95.6,block
31.0,61.0,1.06,8.34,9.4,3,special,91.2,block
4.0,52.0,1.03,4.5,5.53,0,move_right,92.7,move_right
100.0,100.0,1.35,5.67,7.02,0,punch,97.0,block
85.0,94.0,1.78,6.49,8.27,0,move_right,95.4,jump
100.0,100.0,2.69,7.31,10.0,0,move_right,95.9,move_right
76.0,91.0,0.44,8.36,8.8,5,kick,95.3,block
64.0,55.0,1.1,6.61,7.71,0,block,94.9,punch
4.0,61.0,0.34,3.55,3.21,6,move_left,93.9,idle
49.0,73.0,1.33,8.16,9.49,4,block,95.2,idle
100.0,100.0,6.0,0.61,6.6,0,jump,98.6,move_right
22.0,73.0,0.02,5.27,5.29,0,special,91.1,block
25.0,73.0,1.24,3.85,5.08,0,idle,93.9,move_right
85.0,94.0,1.35,6.31,7.66,3,kick,97.0,idle
43.0,46.0,0.77,7.32,8.1,1,idle,92.2,idle
100.0,100.0,2.55,6.74,9.29,0,jump,96.8,move_right
91.0,76.0,1.81,5.95,7.76,1,jump,92.1,idle
37.0,37.0,0.83,7.66,8.49,3,idle,92.3,idle
22.0,61.0,1.36,8.64,10.0,0,move_right,88.2,idle
1.0,4.0,0.17,4.56,4.73,3,move_left,90.5,idle
85.0,52.0,1.55,4.53,6.08,3,idle,95.3,idle
55.0,7.0,1.06,4.42,5.47,3,move_right,92.5,idle
1.0,73.0,0.42,7.44,7.86,0,move_right,91.1,move_right
100.0,100.0,3.72,5.45,9.17,0,move_left,98.8,move_right
100.0,100.0,1.6,6.7,8.3,0,idle,97.3,kick
55.0,31.0,0.97,8.43,9.4,2,jump,90.3,idle
94.0,82.0,1.02,6.89,7.91,6,punch,96.6,block
19.0,82.0,0.03,5.94,5.91,0,punch,93.4,block
100.0,94.0,1.74,7.62,9.35,3,move_right,95.4,move_left
43.0,22.0,0.64,4.43,5.07,1,special,92.7,block
70.0,76.0,1.15,5.17,6.32,2,move_right,96.7,idle
85.0,85.0,1.35,8.65,10.0,2,idle,94.1,idle
100.0,82.0,0.19,3.75,3.56,0,move_left,97.3,kick
73.0,88.0,0.8,4.62,5.42,1,jump,97.0,idle
7.0,25.0,0.38,7.43,7.06,1,kick,90.4,block
88.0,58.0,0.76,4.42,5.17,6,punch,96.9,block
100.0,100.0,7.3,2.0,9.3,0,special,98.6,move_right
13.0,28.0,1.48,7.69,9.17,1,idle,90.0,idle
55.0,55.0,1.3,8.7,10.0,3,move_right,92.2,idle
49.0,76.0,0.02,3.68,3.66,0,kick,93.7,block
100.0,100.0,3.66,3.22,6.88,0,punch,98.2,move_right
31.0,7.0,0.1,8.6,8.5,5,punch,88.9,block
100.0,100.0,4.16,0.66,4.82,0,punch,98.7,move_right
37.0,67.0,1.25,8.45,9.7,1,move_left,94.8,idle
43.0,25.0,1.04,5.53,6.57,3,kick,93.6,block
58.0,73.0,1.28,8.42,9.7,1,move_right,94.3,move_right
88.0,91.0,0.82,4.86,5.68,0,punch,97.4,block
100.0,100.0,4.29,2.27,6.56,0,move_right,98.7,move_right
100.0,100.0,1.16,5.93,7.09,0,move_left,97.3,punch
22.0,58.0,0.3,9.7,9.4,0,move_left,88.5,move_left
76.0,100.0,1.58,6.27,7.84,0,idle,95.1,special
37.0,64.0,1.6,6.04,7.63,3,punch,91.4,idle
49.0,52.0,1.99,6.14,8.14,0,kick,93.5,move_right
76.0,91.0,1.69,5.52,7.21,1,move_right,97.5,idle
100.0,100.0,4.42,2.04,6.46,0,idle,99.0,move_right
49.0,49.0,1.51,8.19,9.7,5,move_left,91.8,idle
94.0,73.0,1.57,4.21,5.78,0,block,96.7,kick
100.0,100.0,1.82,6.41,8.23,0,jump,96.8,move_right
28.0,67.0,1.46,8.54,10.0,0,kick,90.8,block
61.0,73.0,1.86,6.36,8.22,6,jump,93.4,block
37.0,25.0,1.89,6.48,8.36,3,kick,90.0,idle
4.0,61.0,0.1,9.71,9.61,0,punch,92.0,block
46.0,73.0,0.12,8.19,8.31,0,special,89.9,jump
100.0,100.0,2.22,2.81,5.04,0,kick,98.2,move_right
91.0,91.0,1.86,7.22,9.08,0,idle,94.8,move_right
34.0,76.0,1.23,8.47,9.7,5,move_left,89.4,idle
1.0,58.0,0.33,9.73,9.4,0,move_left,92.2,move_left
49.0,82.0,0.42,5.61,6.03,2,move_right,96.4,idle
100.0,94.0,1.89,6.3,8.19,2,move_right,97.5,idle
100.0,100.0,2.59,6.81,9.4,0,move_left,96.3,jump
10.0,13.0,1.08,7.34,8.42,0,move_right,89.6,kick
100.0,100.0,5.07,2.34,7.41,0,punch,98.7,move_right
25.0,76.0,0.11,5.59,5.7,0,kick,95.3,block
100.0,100.0,1.88,5.39,7.27,0,punch,97.5,jump
100.0,100.0,4.62,4.85,9.47,0,idle,99.0,move_right
100.0,100.0,2.46,5.42,7.88,0,punch,97.2,jump
37.0,46.0,0.66,7.0,7.66,0,move_left,87.4,jump
94.0,85.0,2.11,7.14,9.25,0,punch,96.3,move_right
1.0,4.0,1.28,8.42,9.7,4,move_right,88.2,idle
10.0,13.0,1.08,7.34,8.42,3,move_left,89.9,idle
40.0,91.0,1.09,5.82,6.91,0,idle,95.4,block
61.0,73.0,0.97,3.72,4.69,2,kick,93.8,block
100.0,100.0,2.84,5.86,8.7,0,move_right,98.4,jump
100.0,94.0,0.96,5.46,6.42,0,idle,95.9,punch
7.0,31.0,0.19,5.82,6.01,3,jump,90.5,idle
100.0,100.0,3.39,2.61,6.0,0,jump,97.7,move_right
52.0,43.0,0.8,7.22,8.02,1,jump,94.1,idle
52.0,49.0,1.09,5.82,6.91,2,idle,93.7,idle
73.0,67.0,1.72,4.61,6.34,1,idle,97.6,idle
82.0,85.0,1.06,4.78,5.84,0,idle,94.7,idle
100.0,100.0,1.61,7.49,9.1,0,special,96.4,jump
100.0,100.0,3.52,2.94,6.46,0,move_right,98.7,jump
91.0,82.0,1.39,4.32,5.71,3,move_right,98.5,idle
100.0,100.0,2.73,6.37,9.1,3,punch,97.2,idle
46.0,79.0,0.81,4.85,5.65,6,punch,93.3,block
61.0,76.0,1.06,6.42,7.48,0,jump,93.8,kick
100.0,100.0,1.42,7.13,8.56,0,special,96.7,block
100.0,100.0,2.36,2.77,5.13,0,jump,97.9,move_right
40.0,49.0,1.26,5.91,7.17,2,move_left,93.7,idle
16.0,19.0,0.74,5.93,5.2,0,kick,86.5,block
40.0,85.0,0.93,5.15,6.08,3,idle,94.3,idle
16.0,61.0,0.33,7.2,6.87,0,move_left,94.4,move_left
19.0,58.0,0.08,6.36,6.28,0,punch,93.4,block
100.0,100.0,6.79,2.91,9.7,0,kick,97.8,move_right
100.0,94.0,0.01,8.81,8.8,0,move_left,94.5,kick
16.0,70.0,0.01,7.44,7.45,0,idle,92.2,move_right
100.0,100.0,3.71,4.79,8.5,0,move_left,98.5,jump
10.0,55.0,0.41,6.34,5.94,0,move_left,92.3,move_left
10.0,73.0,0.19,8.56,8.74,0,move_right,91.2,move_right
19.0,49.0,0.86,8.54,9.4,2,kick,92.8,block
34.0,79.0,1.0,5.99,6.99,0,move_left,91.3,kick
94.0,100.0,1.15,7.3,8.45,0,jump,95.0,kick
43.0,64.0,2.21,6.86,9.08,3,move_right,91.5,idle
37.0,61.0,1.88,3.97,5.85,0,jump,93.7,move_right
100.0,100.0,3.24,6.76,10.0,0,move_right,98.2,idle
100.0,100.0,1.9,5.42,7.32,0,punch,96.7,move_right
52.0,46.0,1.2,6.34,7.54,0,block,92.1,kick
1.0,34.0,0.87,8.17,7.3,3,punch,88.6,block
43.0,79.0,0.98,5.18,6.16,0,punch,95.6,jump
1.0,64.0,0.09,7.88,7.97,0,jump,91.0,jump
7.0,58.0,0.16,7.59,7.42,0,idle,92.2,move_left
85.0,79.0,1.64,5.23,6.87,0,idle,95.3,jump
100.0,100.0,3.03,6.37,9.4,2,idle,96.4,idle
100.0,100.0,2.94,5.22,8.15,0,kick,96.9,move_right
76.0,82.0,0.16,7.67,7.51,0,move_right,95.8,punch
100.0,100.0,3.15,6.14,9.29,0,move_right,97.1,move_right
64.0,73.0,1.5,5.44,6.94,3,move_right,95.0,idle
55.0,67.0,1.46,7.97,9.43,1,jump,93.0,idle
100.0,100.0,6.02,0.17,6.19,0,idle,98.9,jump
94.0,73.0,1.57,5.11,6.68,2,idle,95.7,idle
94.0,82.0,1.33,4.5,5.83,2,jump,97.2,idle
85.0,100.0,1.45,5.53,6.98,0,punch,95.8,block
100.0,100.0,2.65,3.43,6.08,0,move_right,97.8,move_right
34.0,22.0,0.82,5.21,6.04,3,move_left,92.0,idle
100.0,100.0,7.39,2.61,10.0,0,special,98.2,punch
91.0,94.0,1.04,8.66,9.7,0,move_left,93.4,punch
58.0,100.0,1.32,7.0,8.32,0,jump,94.7,punch
13.0,73.0,0.54,9.46,10.0,0,kick,91.8,block
100.0,100.0,4.9,2.8,7.7,0,idle,99.0,move_right
40.0,85.0,1.32,5.04,6.36,0,idle,95.4,punch
37.0,70.0,1.07,6.04,7.11,0,block,91.9,punch
100.0,100.0,3.86,1.27,5.13,0,idle,99.0,kick
73.0,73.0,1.12,6.32,7.44,3,idle,92.8,idle
100.0,100.0,5.12,2.04,7.16,0,punch,98.2,move_right
85.0,61.0,0.29,5.55,5.26,4,move_right,93.1,idle
76.0,88.0,1.42,6.32,7.74,1,punch,95.3,idle
73.0,94.0,1.28,3.67,4.95,1,move_left,97.2,idle
82.0,76.0,1.22,7.73,8.95,3,punch,95.5,idle
4.0,70.0,0.21,4.67,4.46,0,jump,93.7,move_left
1.0,7.0,0.79,8.61,9.4,0,kick,88.6,jump
13.0,85.0,0.04,7.98,8.02,0,punch,93.2,block
100.0,100.0,2.23,3.6,5.83,0,punch,98.8,move_right
100.0,100.0,2.29,4.78,7.07,0,punch,98.9,move_right
70.0,55.0,1.72,6.84,8.56,0,idle,92.4,move_right
52.0,55.0,1.26,5.8,7.06,2,idle,91.0,idle
49.0,64.0,0.3,8.5,8.8,2,idle,92.6,idle
94.0,94.0,1.11,4.55,5.65,1,move_right,96.4,idle
10.0,7.0,1.05,3.87,4.92,3,punch,92.0,block
52.0,61.0,0.72,6.8,7.52,0,move_left,94.0,block
49.0,76.0,0.78,6.58,7.36,5,kick,93.6,block
46.0,73.0,1.34,8.56,9.9,3,idle,92.9,idle
16.0,58.0,0.0,9.4,9.4,0,move_right,87.9,move_right
100.0,100.0,3.62,4.14,7.76,3,move_right,95.9,idle
37.0,37.0,0.53,7.66,8.19,3,move_left,91.9,idle
67.0,37.0,0.82,4.91,5.74,3,block,94.8,idle
52.0,64.0,1.03,7.07,8.11,1,punch,93.1,block
43.0,64.0,1.61,7.76,9.38,0,punch,90.9,move_right
46.0,37.0,0.64,8.54,7.9,2,kick,91.1,block
100.0,100.0,2.86,5.2,8.06,0,jump,96.9,jump
43.0,37.0,0.62,7.09,6.47,0,jump,91.6,punch
85.0,67.0,1.52,8.48,10.0,0,kick,93.6,punch
100.0,100.0,4.2,4.0,8.2,1,block,97.6,idle
43.0,70.0,0.75,7.21,7.96,2,idle,94.7,idle
10.0,76.0,0.33,8.77,9.1,0,move_right,87.7,move_right
94.0,100.0,0.38,4.97,5.35,2,jump,98.4,idle
100.0,100.0,2.52,5.24,7.76,0,move_left,98.1,kick
37.0,46.0,1.02,8.42,9.44,0,move_left,91.4,special
94.0,85.0,1.42,6.24,7.66,3,jump,95.6,idle
100.0,100.0,3.77,2.14,5.91,0,special,98.2,block
100.0,100.0,1.47,5.64,7.11,3,idle,97.3,idle
91.0,82.0,1.02,4.6,5.62,0,kick,97.1,jump
67.0,94.0,1.53,5.15,6.68,1,kick,96.9,idle
100.0,100.0,5.5,2.12,7.62,0,kick,98.3,move_right
67.0,76.0,2.08,7.89,9.97,1,move_right,91.9,idle
100.0,100.0,4.28,3.75,8.03,0,idle,98.4,move_right
43.0,79.0,1.97,5.74,7.71,1,move_right,92.8,idle
16.0,85.0,0.27,6.35,6.08,0,special,91.9,special
100.0,100.0,6.4,2.09,8.49,0,move_right,98.3,move_right
34.0,55.0,0.62,3.68,3.06,3,idle,91.8,idle
7.0,73.0,0.42,3.94,3.52,0,punch,94.6,block
34.0,4.0,0.24,7.82,7.58,0,move_right,87.7,special
79.0,82.0,1.6,6.7,8.3,4,kick,96.2,idle
19.0,73.0,0.21,5.61,5.4,0,kick,91.6,jump
52.0,49.0,1.59,4.95,6.54,6,punch,92.9,idle
100.0,100.0,2.76,3.96,6.72,0,kick,97.1,move_right
88.0,88.0,1.02,6.3,7.32,1,idle,96.7,idle
7.0,55.0,0.27,6.58,6.85,0,punch,90.5,block
100.0,100.0,6.47,3.02,9.49,0,move_left,98.8,move_right
37.0,94.0,0.46,5.05,5.51,0,punch,94.7,block
100.0,100.0,2.2,3.94,6.13,0,idle,99.0,move_right
94.0,94.0,1.35,6.31,7.66,2,jump,97.3,idle
4.0,61.0,0.5,9.4,8.9,0,special,90.4,jump
88.0,100.0,1.6,5.99,7.59,0,idle,94.8,special
4.0,67.0,0.26,4.56,4.82,0,punch,90.5,block
25.0,64.0,0.55,6.01,6.56,0,kick,94.5,jump
61.0,76.0,1.46,6.07,7.54,4,move_left,94.9,idle
25.0,37.0,0.82,6.62,7.44,0,block,90.1,special
94.0,85.0,1.41,4.55,5.95,3,kick,96.0,idle
100.0,82.0,1.84,4.13,5.97,2,kick,97.7,idle
94.0,76.0,0.67,8.13,8.8,0,jump,94.3,punch
85.0,73.0,1.35,8.18,9.53,0,move_right,94.2,punch
34.0,49.0,0.49,5.82,6.31,2,kick,92.7,block
70.0,67.0,1.23,4.65,5.88,3,punch,95.1,idle
34.0,22.0,1.12,5.21,6.34,0,idle,92.1,kick
100.0,100.0,4.45,3.1,7.55,0,jump,98.3,jump
58.0,79.0,0.68,5.18,5.86,2,jump,96.2,idle
37.0,79.0,1.52,7.74,9.26,2,idle,89.9,idle
19.0,64.0,1.27,7.47,8.74,0,punch,93.8,jump
22.0,73.0,1.22,4.67,5.89,6,kick,92.1,idle
73.0,88.0,0.45,4.17,4.62,0,move_right,96.8,punch
19.0,82.0,0.5,7.1,7.59,0,move_right,94.8,move_right
64.0,64.0,0.65,6.01,6.66,0,idle,95.3,punch
100.0,100.0,7.38,2.14,9.52,0,move_left,98.8,move_right
100.0,100.0,6.08,2.07,8.14,0,idle,98.9,move_right
76.0,100.0,1.37,4.24,5.61,0,punch,96.7,block
100.0,100.0,4.32,4.07,8.39,0,punch,98.1,move_right
1.0,64.0,0.03,7.67,7.64,0,kick,89.4,block
100.0,100.0,1.38,6.58,7.96,0,block,96.3,punch
100.0,82.0,0.11,3.75,3.86,2,move_left,97.5,idle
100.0,82.0,1.66,7.74,9.4,0,idle,93.9,jump
70.0,67.0,1.14,5.81,6.96,1,punch,92.9,block
100.0,94.0,1.37,4.26,5.63,3,idle,96.0,idle
52.0,61.0,0.42,6.8,7.22,0,move_left,93.9,kick
73.0,94.0,0.79,4.52,5.31,3,move_left,97.3,idle
49.0,25.0,1.18,8.5,9.67,2,move_right,92.5,idle
82.0,85.0,1.36,4.78,6.14,3,idle,95.0,idle
22.0,58.0,0.08,7.21,7.29,0,move_right,90.9,move_right
82.0,73.0,1.46,8.54,10.0,3,jump,95.2,idle
70.0,82.0,1.37,7.63,9.0,0,punch,95.1,block
82.0,67.0,1.07,7.02,8.1,0,move_right,94.7,punch
100.0,88.0,1.33,5.63,6.96,2,move_right,97.5,idle
100.0,100.0,3.51,6.07,9.57,1,punch,96.2,idle
31.0,52.0,1.58,4.57,6.15,0,punch,93.1,block
100.0,100.0,1.33,6.5,7.83,0,punch,97.0,block
34.0,40.0,0.96,5.91,6.87,2,move_right,93.2,idle
22.0,46.0,1.21,7.15,8.36,3,idle,87.3,idle
28.0,76.0,0.97,8.15,9.12,0,move_right,92.9,move_right
100.0,100.0,1.39,5.22,6.61,0,idle,98.5,block
85.0,70.0,1.66,7.61,9.27,3,punch,91.2,idle
70.0,61.0,1.7,6.01,7.71,0,idle,95.7,move_right
100.0,100.0,2.22,4.6,6.82,0,idle,98.3,move_right
100.0,100.0,7.42,0.62,8.04,0,punch,98.9,move_right
100.0,94.0,1.44,6.9,8.34,0,block,96.5,kick
7.0,52.0,0.23,7.03,7.26,0,jump,88.3,move_right
100.0,82.0,1.66,7.74,9.4,5,punch,93.4,idle
31.0,52.0,1.32,6.7,8.02,0,idle,90.3,kick
16.0,46.0,0.38,7.22,6.84,1,punch,89.4,block
49.0,82.0,0.72,6.77,7.49,0,move_right,95.0,block
52.0,49.0,1.39,4.92,6.31,3,idle,94.9,idle
22.0,61.0,1.36,8.64,10.0,0,kick,88.1,block
4.0,70.0,0.16,6.52,6.67,0,block,93.7,move_right
88.0,67.0,1.18,8.5,9.67,0,move_left,95.7,special
100.0,100.0,3.02,4.91,7.93,0,special,97.8,move_right
49.0,55.0,0.38,4.2,4.58,0,move_left,94.5,punch
55.0,49.0,0.99,7.11,8.1,0,move_left,94.9,block
55.0,85.0,1.28,3.67,4.95,0,kick,96.1,block
49.0,46.0,1.62,6.6,8.22,0,special,93.8,move_right
43.0,37.0,0.62,7.09,6.47,1,jump,91.7,idle
25.0,82.0,0.08,8.52,8.45,0,kick,92.0,block
25.0,25.0,1.64,6.53,4.9,0,move_left,88.0,move_left
55.0,49.0,0.99,7.11,8.1,0,punch,94.8,jump
31.0,73.0,0.68,5.18,5.86,2,punch,94.8,move_right
34.0,70.0,1.3,5.99,7.29,3,idle,91.1,idle
52.0,70.0,0.86,6.67,7.54,3,move_left,93.3,idle
76.0,100.0,1.88,5.97,7.84,0,kick,95.6,jump
7.0,67.0,0.48,7.18,7.66,0,move_right,91.6,move_right
100.0,100.0,1.83,8.17,10.0,0,punch,94.7,move_right
82.0,91.0,1.89,7.97,9.87,0,move_right,96.6,move_right
88.0,79.0,1.45,4.37,5.82,3,block,94.6,idle
1.0,7.0,0.02,4.04,4.02,5,kick,91.5,block
79.0,64.0,0.47,4.26,4.73,2,block,94.5,idle
40.0,76.0,0.79,5.44,6.24,0,move_left,95.3,punch
55.0,70.0,1.3,7.22,8.51,0,special,95.0,block
100.0,100.0,1.61,3.45,5.06,0,punch,98.1,move_right
100.0,100.0,3.89,5.81,9.7,0,punch,96.4,move_right
100.0,100.0,1.93,5.03,6.96,3,punch,98.8,idle
100.0,100.0,5.16,1.71,6.87,0,idle,99.0,move_right
64.0,70.0,0.14,7.13,7.0,0,idle,91.7,special
73.0,100.0,1.7,5.11,6.81,0,move_right,94.6,move_right
76.0,94.0,2.13,7.27,9.4,0,move_right,94.3,move_right
43.0,79.0,0.88,7.78,6.9,3,kick,91.5,block
67.0,79.0,1.26,5.91,7.17,1,punch,96.0,idle
100.0,100.0,1.66,4.18,5.84,0,idle,97.0,move_right
46.0,79.0,0.14,7.51,7.64,2,punch,92.2,block
100.0,100.0,3.22,5.22,8.45,0,kick,97.2,move_right
100.0,82.0,1.96,7.44,9.4,0,move_right,94.0,move_right
100.0,100.0,7.08,1.34,8.42,0,idle,99.0,move_right
55.0,67.0,0.27,6.27,6.0,3,jump,91.5,idle
82.0,85.0,1.22,7.01,8.23,1,kick,95.8,idle
100.0,100.0,2.16,6.22,8.38,0,punch,96.5,move_right
31.0,46.0,1.09,6.58,7.67,1,punch,94.1,block
22.0,61.0,0.44,9.08,8.63,0,move_left,91.3,move_left
94.0,94.0,1.42,6.24,7.66,0,idle,95.9,idle
100.0,85.0,0.86,8.54,9.4,1,move_left,95.3,idle
58.0,100.0,1.36,5.05,6.41,0,punch,95.7,block
31.0,79.0,0.18,5.69,5.52,2,move_left,93.2,idle
70.0,82.0,0.89,8.18,9.07,2,jump,96.4,idle
46.0,25.0,0.67,8.43,9.1,1,idle,89.8,idle
22.0,55.0,0.37,7.67,7.3,2,kick,90.7,block
4.0,70.0,0.41,7.19,7.6,0,move_right,92.0,move_right
100.0,94.0,1.75,4.87,6.62,0,punch,98.5,move_right
37.0,61.0,0.3,4.34,4.64,0,idle,91.1,kick
100.0,100.0,2.3,5.6,7.89,0,block,98.7,jump
52.0,82.0,1.3,6.04,7.33,0,punch,93.2,block
46.0,58.0,1.33,5.65,6.98,0,punch,94.6,jump
82.0,85.0,0.43,6.07,6.49,3,kick,96.6,block
61.0,61.0,1.33,6.83,8.16,1,block,93.6,idle
46.0,73.0,1.94,7.96,9.9,0,punch,93.8,move_right
58.0,61.0,0.21,6.7,6.49,0,move_left,91.1,kick
94.0,100.0,1.6,5.99,7.59,4,punch,95.2,idle
85.0,58.0,0.71,3.45,4.16,1,block,94.6,idle
55.0,82.0,1.1,6.2,7.29,2,idle,96.7,idle
100.0,100.0,3.31,5.17,8.48,0,idle,96.5,jump
43.0,61.0,1.06,8.51,9.57,3,idle,89.2,idle
100.0,100.0,4.52,4.48,9.0,0,move_right,97.5,move_right
76.0,91.0,1.86,4.9,6.76,6,punch,95.0,idle
82.0,85.0,1.33,6.77,8.11,1,move_right,95.9,idle
100.0,100.0,7.0,0.92,7.92,0,jump,98.7,move_right
16.0,19.0,1.28,7.49,8.77,2,kick,89.8,idle
40.0,64.0,0.97,7.17,8.14,0,punch,94.5,block
94.0,91.0,0.82,7.32,8.15,2,block,95.0,idle
100.0,100.0,1.93,5.57,7.51,0,move_right,97.6,jump
85.0,67.0,0.11,3.45,3.56,0,block,95.3,kick
28.0,40.0,0.6,8.5,7.9,1,punch,90.4,block
70.0,100.0,0.38,6.27,6.64,0,move_left,94.4,punch
37.0,67.0,1.34,5.19,6.52,2,jump,94.3,idle
16.0,19.0,1.28,7.49,8.77,1,idle,89.7,idle
76.0,82.0,2.16,4.9,7.06,0,special,93.8,move_right
7.0,37.0,0.27,6.12,5.85,0,move_left,91.0,kick
28.0,58.0,1.33,5.65,6.98,0,special,94.1,block
1.0,61.0,0.03,6.6,6.57,0,kick,92.8,jump
43.0,37.0,0.83,5.2,6.04,1,move_left,93.2,idle
82.0,94.0,1.46,7.07,8.53,0,punch,96.1,block
49.0,73.0,1.33,8.16,9.49,5,idle,95.3,idle
31.0,58.0,1.64,6.09,7.72,0,move_right,93.1,move_right
34.0,34.0,1.49,4.59,6.08,3,move_right,93.4,idle
91.0,82.0,1.8,5.14,6.94,0,punch,96.2,move_right
100.0,100.0,2.52,3.11,5.64,1,move_right,97.5,idle
100.0,91.0,1.66,4.48,6.14,1,idle,96.4,idle
1.0,43.0,0.46,7.62,8.08,3,kick,90.7,block
49.0,94.0,1.35,6.31,7.66,0,special,96.7,jump
100.0,100.0,2.21,6.89,9.1,0,punch,96.7,move_right
79.0,76.0,0.79,7.71,8.5,0,idle,93.6,kick
16.0,43.0,0.75,7.64,6.89,1,punch,90.9,block
100.0,100.0,2.26,5.63,7.9,0,kick,95.8,jump
100.0,100.0,6.3,0.31,6.6,0,kick,98.8,move_right
31.0,49.0,0.48,7.34,7.82,0,move_left,92.8,block
34.0,58.0,1.28,5.71,6.99,2,block,92.4,idle
73.0,67.0,0.06,6.9,6.84,2,idle,93.8,idle
100.0,82.0,1.29,4.95,6.24,3,idle,96.1,idle
100.0,76.0,0.67,8.13,8.8,0,idle,94.7,jump
100.0,100.0,3.58,4.89,8.47,3,kick,96.9,idle
25.0,82.0,0.57,5.94,6.51,0,idle,94.3,move_right
100.0,100.0,1.93,6.66,8.59,0,move_left,98.0,jump
94.0,52.0,0.98,7.05,8.03,3,punch,94.5,block
100.0,100.0,4.03,4.7,8.73,0,kick,97.8,move_right
67.0,67.0,0.6,7.3,7.9,1,special,93.8,block
88.0,94.0,1.16,7.94,9.1,3,kick,94.5,block
52.0,70.0,0.15,7.64,7.79,0,punch,92.9,block
28.0,43.0,0.14,8.51,8.37,1,jump,86.7,idle
91.0,88.0,1.42,6.32,7.74,2,block,95.7,idle
7.0,49.0,1.35,2.67,1.32,0,kick,91.7,block
100.0,100.0,1.09,4.22,5.31,0,block,98.4,kick
37.0,73.0,1.29,4.11,5.4,0,punch,93.7,special
100.0,100.0,1.64,8.36,10.0,0,move_right,93.9,move_right
100.0,100.0,4.81,0.89,5.7,0,idle,99.0,move_right
100.0,88.0,1.02,6.6,7.62,2,move_left,97.2,idle
100.0,100.0,3.71,2.66,6.38,0,special,98.0,punch
46.0,55.0,1.27,8.13,9.4,3,special,93.1,idle
52.0,70.0,0.72,5.79,6.51,4,idle,94.2,idle
46.0,28.0,1.12,5.21,6.34,0,jump,92.5,punch
16.0,64.0,0.32,8.63,8.95,0,punch,92.2,block
25.0,49.0,0.24,5.62,5.38,1,move_left,92.0,idle
100.0,94.0,1.74,6.98,8.72,3,move_right,97.8,idle
100.0,100.0,3.46,3.52,6.97,0,move_left,97.4,move_right
43.0,79.0,0.88,7.78,6.9,2,kick,91.4,block
43.0,67.0,0.72,4.68,5.4,2,idle,94.7,idle
46.0,37.0,1.58,6.59,8.17,3,block,91.4,idle
49.0,67.0,1.08,7.24,8.32,0,idle,94.4,kick
64.0,49.0,0.43,4.56,4.13,0,block,93.5,kick
76.0,76.0,1.36,8.64,10.0,2,special,94.5,idle
100.0,100.0,3.42,2.62,6.04,0,move_left,98.7,jump
100.0,100.0,4.02,4.29,8.31,0,kick,96.8,move_right
55.0,28.0,1.63,7.73,9.36,0,punch,91.6,move_left
100.0,100.0,3.61,1.75,5.36,0,move_left,97.8,move_right
22.0,73.0,0.46,7.81,7.34,0,move_left,90.1,move_left
100.0,100.0,6.9,1.82,8.72,3,move_right,98.8,idle
43.0,52.0,0.15,3.87,3.72,2,punch,95.6,block
100.0,100.0,3.62,2.69,6.3,1,punch,98.2,idle
43.0,43.0,0.09,6.7,6.79,2,kick,90.6,block
100.0,100.0,4.97,0.96,5.93,0,kick,98.6,jump
13.0,25.0,1.32,6.7,8.02,3,idle,89.2,idle
100.0,100.0,7.06,1.3,8.36,0,idle,99.0,move_right
34.0,82.0,1.04,8.36,9.4,2,idle,93.2,idle
100.0,100.0,3.42,5.12,8.54,0,move_right,98.1,move_right
40.0,67.0,1.17,6.69,7.87,1,punch,93.3,block
100.0,73.0,2.82,6.7,9.52,0,punch,95.7,move_right
85.0,85.0,0.56,8.54,9.1,0,punch,94.8,jump
85.0,100.0,1.53,5.97,7.5,0,punch,94.4,punch
73.0,67.0,1.5,7.4,8.9,0,idle,94.7,punch
28.0,61.0,0.4,7.9,8.3,0,punch,91.2,block
94.0,73.0,1.57,5.11,6.68,3,idle,95.8,idle
100.0,76.0,1.84,4.43,6.27,3,move_right,97.3,idle
76.0,91.0,1.18,5.81,7.0,1,block,95.8,idle
43.0,67.0,0.0,6.92,6.92,3,block,93.7,idle
7.0,67.0,0.48,6.88,7.36,0,move_right,91.8,move_right
88.0,94.0,0.89,4.77,5.66,1,punch,98.6,jump
82.0,76.0,1.07,7.02,8.1,0,idle,95.6,punch
100.0,85.0,1.25,4.53,5.78,0,special,96.8,jump
37.0,76.0,0.11,4.22,4.11,1,move_left,94.8,idle
73.0,52.0,1.12,4.91,6.04,1,jump,96.4,idle
40.0,61.0,1.0,7.6,8.6,1,kick,92.1,block
49.0,49.0,1.81,8.19,10.0,2,move_right,91.5,idle
64.0,61.0,0.83,7.66,8.49,2,idle,93.6,special
85.0,85.0,0.01,5.55,5.56,1,move_left,94.1,idle
37.0,67.0,1.25,8.45,9.7,0,punch,94.7,block
55.0,76.0,1.59,4.08,5.66,1,idle,97.4,idle
55.0,70.0,0.92,7.73,8.65,2,kick,94.0,block
4.0,52.0,0.73,4.5,5.23,0,special,92.8,block
100.0,94.0,1.32,6.6,7.92,3,punch,97.5,idle
49.0,43.0,0.46,3.86,4.32,0,punch,94.1,move_left
100.0,94.0,1.45,4.87,6.32,3,move_right,98.9,idle
100.0,100.0,1.89,6.11,8.0,0,idle,96.6,move_right
73.0,52.0,0.98,7.05,8.03,0,kick,94.2,jump
37.0,37.0,0.64,8.54,7.9,1,kick,90.6,block
4.0,19.0,1.33,6.8,8.13,0,block,91.7,kick
16.0,34.0,1.14,4.3,5.44,2,special,92.0,block
10.0,67.0,0.57,5.45,4.88,0,move_left,90.9,move_left
91.0,91.0,1.02,5.49,6.51,1,punch,97.2,block
100.0,100.0,1.94,6.46,8.4,0,jump,97.9,move_right
100.0,94.0,1.42,6.32,7.74,0,kick,96.7,jump
73.0,88.0,0.89,4.77,5.66,2,jump,97.4,idle
58.0,91.0,0.74,8.36,9.1,3,special,94.7,block
25.0,52.0,0.07,7.33,7.26,0,idle,89.2,move_left
100.0,100.0,2.75,6.65,9.4,0,move_left,97.7,move_right
34.0,46.0,0.22,7.22,7.44,3,punch,90.2,block
94.0,82.0,0.3,7.3,7.6,1,jump,95.2,idle
100.0,100.0,2.34,5.21,7.56,1,move_left,97.0,idle
13.0,19.0,0.64,8.54,7.9,4,kick,89.7,block
25.0,31.0,1.99,8.01,10.0,1,idle,90.5,idle
46.0,94.0,1.32,5.04,6.36,0,move_left,95.8,kick
61.0,73.0,0.53,7.07,7.6,3,punch,93.7,block
52.0,37.0,1.03,5.77,6.79,3,punch,93.3,block
49.0,85.0,0.62,8.18,8.8,0,move_left,93.8,jump
76.0,94.0,0.53,5.49,6.02,0,idle,95.0,block
100.0,100.0,3.42,5.3,8.72,0,block,97.6,punch
100.0,100.0,8.07,0.54,8.61,0,move_left,98.9,jump
37.0,37.0,1.14,7.01,8.14,0,move_right,92.6,move_right
22.0,67.0,1.17,6.69,7.87,0,jump,93.1,move_right
70.0,40.0,0.14,4.42,4.27,4,move_left,94.4,idle
100.0,100.0,3.62,2.69,6.3,0,idle,98.5,punch
61.0,73.0,0.42,8.19,8.61,0,jump,90.4,block
100.0,100.0,5.45,3.95,9.4,0,move_right,98.6,move_right
100.0,100.0,3.35,6.35,9.7,0,move_left,97.8,move_right
85.0,82.0,0.58,6.32,6.89,3,punch,96.4,block
73.0,34.0,1.55,8.45,10.0,3,move_right,93.0,idle
10.0,67.0,0.03,5.67,5.7,0,move_left,93.1,move_right
91.0,64.0,0.92,5.99,6.9,0,move_left,93.5,block
1.0,61.0,0.22,6.58,6.37,0,kick,92.0,block
43.0,76.0,1.32,4.68,6.0,3,kick,95.4,idle
67.0,94.0,0.75,7.64,8.39,3,punch,94.4,block
79.0,88.0,0.73,7.94,8.67,0,punch,95.9,jump
100.0,100.0,4.19,5.21,9.4,0,punch,96.7,move_right
100.0,100.0,5.12,2.81,7.93,0,jump,98.6,jump
100.0,100.0,2.0,8.0,10.0,0,move_right,96.0,move_right
55.0,64.0,0.98,6.59,7.57,0,kick,93.6,jump
100.0,85.0,1.74,6.71,8.44,1,block,96.5,idle
85.0,82.0,1.65,7.58,9.23,0,idle,95.0,move_right
64.0,100.0,1.32,7.0,8.32,1,punch,94.9,idle
76.0,58.0,1.18,4.04,5.22,1,kick,95.1,block
16.0,25.0,0.72,6.9,7.62,2,punch,91.8,block
34.0,79.0,1.47,6.3,7.77,0,idle,95.6,special
100.0,100.0,5.13,2.1,7.22,0,move_left,98.0,move_right
34.0,82.0,0.71,4.39,5.1,1,punch,97.3,block
61.0,88.0,1.6,6.92,8.51,0,move_right,95.7,special
31.0,55.0,0.24,5.62,5.38,0,idle,92.5,jump
100.0,100.0,2.68,6.69,9.37,0,kick,95.8,move_right
4.0,13.0,0.47,5.68,5.21,1,punch,90.9,block
73.0,88.0,0.8,4.62,5.42,2,punch,97.1,block
100.0,100.0,2.52,4.88,7.4,0,punch,98.4,move_right
1.0,19.0,1.58,7.79,9.37,0,move_right,88.7,move_right
10.0,7.0,1.19,5.19,6.38,1,punch,91.9,block
70.0,79.0,1.75,5.27,7.02,0,idle,92.2,jump
19.0,43.0,0.31,8.81,8.5,0,move_right,90.9,block
49.0,37.0,0.79,6.44,7.24,1,block,92.5,idle
94.0,82.0,1.55,7.85,9.4,6,block,96.2,idle
91.0,100.0,1.36,7.3,8.66,0,kick,95.8,block
100.0,100.0,4.4,4.61,9.01,0,idle,97.9,move_right
28.0,22.0,0.75,3.87,4.62,3,move_left,93.3,idle
61.0,76.0,1.62,4.08,5.7,1,move_right,96.4,idle
100.0,100.0,0.8,4.62,5.42,0,jump,98.6,block
100.0,100.0,1.36,6.42,7.78,0,move_right,96.7,block
55.0,70.0,0.6,8.5,9.1,1,kick,92.9,block
94.0,85.0,0.24,7.88,8.12,1,move_left,94.9,idle
1.0,64.0,0.39,7.58,7.97,0,move_right,92.0,move_right
79.0,85.0,1.4,6.75,8.15,0,jump,95.0,punch
73.0,76.0,1.76,3.25,5.01,1,kick,96.8,idle
58.0,34.0,0.74,5.53,6.27,2,idle,93.9,idle
100.0,100.0,1.86,5.16,7.02,0,move_right,96.5,move_right
79.0,85.0,0.54,5.81,6.36,1,punch,94.1,block
100.0,100.0,4.73,2.49,7.22,0,kick,98.1,move_right
100.0,73.0,2.52,7.3,9.82,0,move_right,95.5,move_right
16.0,4.0,0.98,8.72,9.7,0,move_left,89.0,move_left
31.0,43.0,1.33,6.8,8.13,2,move_left,93.0,idle
73.0,64.0,0.65,6.01,6.66,1,move_left,95.5,block
49.0,43.0,1.06,3.56,4.62,0,move_right,94.0,kick
4.0,37.0,0.49,5.74,6.24,4,punch,91.8,block
55.0,82.0,1.37,7.93,9.3,0,idle,94.4,punch
100.0,100.0,6.92,0.24,7.16,0,idle,99.0,move_right
52.0,43.0,0.73,5.77,6.49,0,move_right,93.5,punch
73.0,79.0,0.5,8.6,9.1,2,punch,93.3,block
85.0,85.0,1.51,7.93,9.43,0,kick,96.0,punch
100.0,100.0,1.49,7.76,9.25,0,kick,96.3,jump
31.0,73.0,1.32,5.04,6.36,2,special,94.8,idle
73.0,85.0,1.52,7.01,8.53,3,idle,95.2,idle
16.0,55.0,0.09,9.17,9.27,0,idle,93.4,move_right
100.0,100.0,2.56,5.33,7.9,0,special,96.3,jump
46.0,37.0,0.73,5.47,6.19,3,idle,92.4,idle
100.0,100.0,4.33,5.62,9.94,0,kick,97.3,move_right
73.0,58.0,0.99,4.95,5.94,0,kick,94.1,jump
55.0,94.0,1.37,4.84,6.21,0,jump,94.8,block
34.0,28.0,1.33,8.33,9.66,0,punch,90.5,block
85.0,73.0,1.05,8.18,9.23,2,move_left,94.4,idle
100.0,100.0,1.78,7.0,8.77,0,kick,97.9,idle
100.0,100.0,2.53,4.37,6.91,0,idle,99.0,move_right
46.0,37.0,1.2,6.34,7.54,3,punch,92.0,block
100.0,100.0,5.78,2.37,8.14,0,jump,98.7,move_right
100.0,100.0,7.79,1.75,9.53,0,move_right,98.9,move_right
100.0,100.0,4.39,3.77,8.17,0,idle,99.0,idle
16.0,4.0,1.58,8.42,10.0,6,move_right,88.8,idle
34.0,55.0,1.65,3.27,1.62,0,move_left,93.6,jump
61.0,91.0,0.82,7.32,8.15,0,move_right,94.3,punch
49.0,61.0,0.7,7.6,8.3,1,move_left,92.5,idle
94.0,91.0,1.08,7.04,8.12,2,punch,95.7,block
91.0,85.0,1.31,5.36,6.68,3,kick,95.9,idle
49.0,91.0,1.09,5.82,6.91,1,move_right,95.7,idle
94.0,82.0,0.96,5.81,6.76,0,move_left,96.4,block
1.0,64.0,0.09,7.88,7.97,0,punch,91.4,block
49.0,52.0,1.55,4.53,6.08,0,kick,94.5,punch
100.0,100.0,1.66,3.55,5.21,1,punch,97.7,idle
64.0,76.0,0.74,8.66,9.4,4,punch,91.0,block
94.0,76.0,0.98,7.71,8.69,0,move_right,94.8,punch
100.0,100.0,1.89,3.48,5.36,0,idle,98.9,move_right
100.0,100.0,4.4,4.05,8.45,0,jump,97.9,move_right
55.0,91.0,1.03,7.86,8.89,5,punch,96.3,block
100.0,100.0,5.16,2.46,7.62,0,kick,98.5,jump
100.0,100.0,7.64,2.36,10.0,5,kick,97.8,idle
100.0,100.0,1.35,5.67,7.02,0,kick,96.9,block
76.0,82.0,1.09,6.77,7.87,0,idle,96.3,kick
100.0,100.0,4.6,3.59,8.19,0,special,96.9,jump
91.0,94.0,1.14,5.81,6.96,1,move_right,95.6,idle
76.0,70.0,0.45,8.65,9.1,3,idle,93.3,punch
67.0,58.0,1.2,7.4,8.6,0,punch,93.9,block
100.0,100.0,3.01,4.93,7.93,0,kick,98.7,jump
100.0,100.0,0.5,4.62,5.12,3,idle,98.9,idle
100.0,100.0,3.72,5.3,9.02,3,move_right,97.5,idle
100.0,94.0,0.16,7.13,7.3,1,move_left,94.3,idle
82.0,94.0,1.02,8.19,9.21,2,special,93.4,block
76.0,82.0,1.36,6.42,7.78,2,idle,95.2,punch
94.0,85.0,1.4,6.75,8.15,2,move_right,95.7,idle
100.0,100.0,2.26,3.58,5.84,3,move_right,97.5,idle
46.0,70.0,1.51,8.49,10.0,2,kick,90.5,idle
100.0,100.0,3.47,4.93,8.4,0,move_right,98.4,move_right
25.0,58.0,1.17,8.53,9.7,0,move_left,93.3,move_right
31.0,46.0,0.73,7.07,7.81,0,kick,91.7,block
100.0,100.0,5.15,1.85,7.0,0,idle,98.3,move_right
100.0,100.0,2.63,5.83,8.46,0,move_left,97.7,jump
40.0,46.0,1.33,7.07,8.41,3,punch,92.1,idle
43.0,43.0,1.33,6.8,8.13,3,kick,94.1,idle
70.0,61.0,1.7,6.31,8.01,0,move_right,95.5,move_right
31.0,67.0,1.38,7.24,8.62,3,idle,93.6,idle
73.0,82.0,1.4,6.2,7.59,0,kick,97.7,block
100.0,82.0,0.58,6.32,6.89,3,move_right,97.1,idle
94.0,94.0,1.35,5.41,6.76,2,kick,98.3,idle
94.0,94.0,1.14,7.58,8.72,1,punch,96.7,block
100.0,100.0,2.73,4.62,7.35,0,move_left,97.4,move_right
100.0,100.0,1.94,7.76,9.7,0,special,97.1,move_right
58.0,70.0,1.17,7.18,8.35,3,move_left,93.7,idle
25.0,61.0,1.7,7.01,8.71,0,kick,93.2,move_right
52.0,49.0,0.63,6.12,6.75,3,idle,92.9,idle
100.0,100.0,8.37,1.46,9.83,1,move_right,98.5,idle
37.0,85.0,1.22,7.44,8.66,2,idle,90.9,idle
82.0,91.0,1.12,5.16,6.28,2,kick,96.6,block
55.0,31.0,0.67,8.43,9.1,0,move_left,90.1,punch
28.0,88.0,1.28,5.01,6.29,4,kick,94.7,idle
61.0,91.0,0.75,5.97,6.72,0,move_right,92.4,punch
76.0,82.0,1.86,5.2,7.06,0,idle,93.7,jump
88.0,79.0,1.75,4.37,6.12,1,jump,94.4,idle
79.0,61.0,1.03,6.83,7.86,0,jump,94.5,punch
22.0,61.0,0.3,9.4,9.7,0,punch,89.9,block
19.0,37.0,0.48,5.79,5.31,0,kick,92.4,block
31.0,76.0,0.23,7.03,7.26,3,punch,92.1,block
34.0,49.0,0.38,4.2,4.58,1,jump,93.6,idle
100.0,67.0,0.41,3.45,3.86,1,block,95.9,idle
100.0,100.0,1.44,5.81,7.26,0,kick,96.5,block
22.0,37.0,1.5,7.1,8.6,1,move_right,92.2,idle
73.0,70.0,1.57,7.93,9.51,3,block,96.3,idle
100.0,76.0,2.2,6.32,8.52,2,punch,95.4,idle
46.0,82.0,1.69,4.84,6.54,0,punch,96.3,jump
37.0,34.0,1.01,4.05,5.06,2,idle,91.3,idle
100.0,100.0,5.32,2.12,7.44,0,idle,98.2,move_right
85.0,55.0,0.62,5.99,6.6,0,punch,91.7,block
91.0,85.0,0.54,5.81,6.36,2,punch,95.3,block
100.0,100.0,1.9,5.72,7.61,0,move_left,98.5,move_right
28.0,40.0,0.0,8.5,8.5,0,idle,90.7,kick
100.0,100.0,3.9,4.3,8.2,0,block,97.4,move_right
55.0,58.0,1.6,6.92,8.51,2,jump,93.7,idle
82.0,85.0,0.72,8.19,8.91,1,special,92.2,block
88.0,85.0,1.5,4.04,5.54,0,jump,95.4,punch
52.0,49.0,0.79,5.82,6.61,0,move_left,93.1,block
70.0,100.0,1.84,6.14,7.98,2,idle,95.0,idle
100.0,100.0,1.77,5.64,7.41,1,punch,97.1,idle
43.0,70.0,0.75,7.21,7.96,3,jump,94.8,idle
10.0,7.0,1.49,5.19,6.68,3,idle,92.1,idle
100.0,100.0,7.47,1.74,9.21,0,move_left,98.1,jump
94.0,94.0,1.72,6.02,7.74,0,move_right,94.1,move_right
100.0,91.0,1.28,6.89,8.17,0,move_left,96.1,special
67.0,91.0,0.45,5.97,6.42,1,move_left,92.6,block
67.0,85.0,0.53,5.49,6.02,0,idle,94.5,punch
49.0,64.0,0.36,5.81,6.16,0,move_left,93.3,punch
76.0,61.0,0.43,5.98,6.41,0,punch,94.3,block
76.0,91.0,0.74,8.36,9.1,2,move_right,95.0,idle
100.0,100.0,3.8,2.11,5.91,0,idle,99.0,move_right
100.0,100.0,2.38,4.91,7.3,0,idle,97.5,move_right
19.0,31.0,0.42,5.21,5.64,1,kick,90.5,block
58.0,67.0,1.26,5.5,6.76,2,kick,92.1,idle
7.0,25.0,0.38,7.43,7.06,3,move_left,90.6,idle
22.0,52.0,0.39,6.6,6.99,0,move_left,93.9,special
10.0,28.0,1.08,7.34,8.42,2,move_right,90.6,idle
40.0,67.0,0.48,6.14,5.66,0,kick,95.0,move_left
37.0,40.0,0.28,4.04,4.32,0,move_left,93.7,kick
100.0,100.0,2.1,6.5,8.6,0,move_right,96.7,jump
76.0,91.0,1.39,5.82,7.21,0,special,97.2,block
40.0,76.0,1.02,7.18,8.2,1,kick,92.2,block
100.0,100.0,4.04,4.21,8.24,0,move_right,96.8,move_right
70.0,70.0,0.14,7.13,7.0,0,block,92.4,block
88.0,70.0,0.47,5.01,5.48,5,punch,96.3,block
31.0,55.0,0.3,4.04,4.34,3,move_left,90.6,idle
10.0,13.0,0.74,5.93,5.2,2,punch,86.2,block
82.0,94.0,0.74,8.66,9.4,5,move_left,92.6,idle
4.0,70.0,0.09,4.37,4.46,0,punch,94.1,block
100.0,100.0,5.16,2.42,7.58,0,kick,98.6,move_right
82.0,100.0,1.32,6.4,7.72,0,idle,96.7,kick
100.0,91.0,1.92,5.8,7.72,0,move_right,96.8,move_right
31.0,61.0,1.38,7.24,8.62,2,move_right,92.7,idle
76.0,79.0,0.26,4.27,4.53,3,punch,95.1,block
100.0,100.0,2.82,3.99,6.81,0,idle,99.0,move_right
79.0,67.0,1.29,6.41,7.7,2,punch,94.3,idle
10.0,25.0,0.65,8.45,9.1,1,move_right,91.5,idle
58.0,70.0,1.7,6.91,8.61,6,move_right,91.4,idle
64.0,82.0,0.8,4.62,5.42,3,move_right,96.7,idle
19.0,37.0,0.48,5.79,5.31,2,kick,92.6,block
34.0,67.0,0.43,7.94,8.37,0,idle,93.6,kick
34.0,58.0,1.61,8.06,9.68,2,move_right,90.5,idle
16.0,82.0,0.22,4.97,4.75,0,idle,95.7,move_left
52.0,61.0,1.23,8.47,9.7,1,kick,92.2,idle
67.0,85.0,0.53,5.49,6.02,1,move_left,94.6,idle
10.0,64.0,0.32,7.43,7.75,0,move_right,90.6,move_right
85.0,94.0,1.18,6.19,7.37,3,move_left,96.6,idle
13.0,22.0,0.52,5.42,4.9,3,move_right,94.3,idle
22.0,73.0,1.09,5.82,6.91,0,punch,94.3,block
100.0,100.0,5.57,0.36,5.93,0,punch,98.8,move_right
34.0,67.0,1.37,7.93,9.3,0,jump,92.9,block
58.0,76.0,1.86,5.2,7.06,1,move_right,92.9,idle
100.0,100.0,3.24,6.76,10.0,0,idle,98.1,move_right
100.0,88.0,0.15,4.17,4.32,0,punch,97.4,jump
34.0,73.0,0.42,3.94,3.52,1,jump,95.3,idle
100.0,100.0,4.4,3.2,7.6,0,move_left,98.1,move_right
28.0,61.0,1.54,7.04,8.58,0,punch,90.0,move_right
100.0,94.0,2.08,7.59,9.67,0,move_left,93.9,move_right
100.0,100.0,1.58,8.42,10.0,0,idle,95.8,punch
34.0,49.0,0.38,4.2,4.58,2,idle,93.2,idle
19.0,67.0,0.27,4.93,4.66,0,kick,94.1,block
22.0,58.0,1.03,6.25,7.28,0,kick,93.6,block
22.0,70.0,0.61,7.44,8.05,0,idle,93.0,move_right
85.0,88.0,1.09,6.28,7.37,1,kick,96.3,kick
43.0,73.0,1.05,5.67,6.72,6,punch,90.9,block
55.0,46.0,1.13,5.2,6.34,3,block,94.8,idle
100.0,100.0,2.23,5.6,7.83,0,move_left,97.4,move_right
100.0,100.0,1.97,3.36,5.33,0,punch,96.6,move_right
100.0,91.0,1.54,7.59,9.13,3,idle,95.6,idle
100.0,100.0,4.81,3.75,8.56,0,move_left,97.9,move_right
55.0,70.0,0.92,7.73,8.65,0,punch,93.7,block
73.0,94.0,0.99,4.37,5.36,1,jump,96.6,idle
13.0,25.0,1.92,6.7,8.62,0,punch,88.9,move_right
70.0,85.0,1.18,7.39,8.57,2,kick,94.2,block
82.0,82.0,1.17,5.94,7.11,1,jump,96.3,idle
40.0,61.0,0.82,6.62,7.44,1,punch,91.5,block
43.0,52.0,0.15,3.87,3.72,0,idle,95.2,punch
91.0,67.0,0.41,3.45,3.86,0,kick,95.8,block
16.0,64.0,0.32,8.63,8.95,0,jump,92.1,move_right
4.0,28.0,1.39,6.58,7.97,0,move_right,93.1,jump
100.0,100.0,1.52,4.07,5.59,0,kick,96.9,kick
79.0,94.0,1.29,6.38,7.67,0,kick,95.4,block
49.0,64.0,1.13,5.49,6.62,0,idle,93.5,special
100.0,100.0,1.73,4.3,6.04,0,jump,98.4,move_right
22.0,10.0,0.41,4.05,4.46,3,move_left,89.1,idle
70.0,79.0,1.75,5.27,7.02,0,kick,92.0,move_right
100.0,100.0,2.9,4.81,7.71,0,move_right,98.7,move_right
100.0,100.0,5.69,3.86,9.56,0,move_left,98.9,move_right
100.0,100.0,2.41,5.89,8.3,0,block,98.3,move_right
94.0,76.0,1.37,4.94,6.3,1,idle,96.8,idle
100.0,82.0,0.28,6.32,6.59,1,move_left,97.3,idle
1.0,19.0,1.02,6.9,7.92,3,punch,90.7,block
100.0,100.0,3.9,1.94,5.84,0,move_right,98.7,move_right
34.0,43.0,0.09,6.7,6.79,2,move_right,90.2,idle
31.0,52.0,0.74,8.66,9.4,1,punch,90.6,block
22.0,61.0,0.36,7.28,6.92,0,punch,91.1,block
25.0,52.0,0.68,5.47,6.15,0,move_left,92.7,move_right
100.0,100.0,3.52,3.54,7.06,0,block,98.0,move_right
55.0,85.0,1.23,5.15,6.38,2,punch,96.2,idle
46.0,58.0,0.68,6.59,7.27,1,jump,93.1,idle
49.0,67.0,0.27,6.27,6.0,2,punch,91.4,block
40.0,37.0,0.1,8.6,8.5,1,idle,91.1,idle
94.0,70.0,0.67,8.13,8.8,3,idle,94.2,idle
91.0,91.0,1.32,5.78,7.1,3,kick,97.8,idle
100.0,100.0,4.85,2.71,7.56,0,idle,98.9,jump
100.0,100.0,2.22,3.11,5.34,2,move_right,97.6,idle
82.0,94.0,0.63,5.37,6.0,0,move_left,96.2,kick
76.0,73.0,1.03,4.2,5.23,0,move_left,96.3,punch
100.0,100.0,5.78,2.37,8.14,0,punch,98.8,jump
61.0,70.0,1.8,3.74,5.54,3,move_right,93.8,idle
19.0,49.0,0.55,5.87,6.42,0,block,88.5,punch
79.0,85.0,2.3,6.5,8.8,1,move_right,95.1,idle
28.0,79.0,0.02,7.78,7.8,0,idle,89.4,move_right
94.0,100.0,1.67,7.63,9.3,0,block,96.6,punch
25.0,94.0,0.85,5.83,6.68,0,move_right,93.3,move_right
100.0,100.0,2.38,6.7,9.08,0,idle,96.6,move_right
10.0,61.0,0.2,9.41,9.61,0,block,92.1,move_right
34.0,79.0,1.0,5.69,6.69,0,punch,92.4,jump
100.0,100.0,2.32,5.93,8.26,0,punch,97.2,move_right
100.0,100.0,5.69,3.86,9.55,0,punch,98.0,move_right
7.0,58.0,0.33,9.73,9.4,0,move_left,92.5,move_left
73.0,61.0,1.72,4.61,6.34,2,special,97.2,idle
58.0,67.0,1.1,7.31,8.41,0,punch,94.5,block
88.0,91.0,1.3,5.99,7.29,0,move_left,94.2,punch
100.0,100.0,2.18,6.15,8.33,0,move_right,97.3,jump
100.0,100.0,2.49,5.2,7.69,6,punch,97.5,idle
28.0,55.0,0.03,4.65,4.68,0,punch,92.8,block
100.0,100.0,8.82,0.09,8.91,0,kick,98.9,move_right
100.0,100.0,2.17,6.87,9.04,0,jump,97.6,jump
55.0,79.0,0.94,6.44,7.38,1,move_right,92.3,idle
100.0,88.0,0.84,6.9,7.74,3,jump,96.0,idle
91.0,88.0,1.57,4.02,5.59,1,punch,96.6,punch
67.0,79.0,1.26,5.91,7.17,0,idle,95.9,punch
73.0,64.0,1.59,6.81,8.4,3,idle,95.9,idle
76.0,76.0,1.08,6.58,7.66,3,idle,94.3,idle
49.0,73.0,1.21,8.19,9.4,0,special,93.0,block
25.0,55.0,0.99,7.61,8.6,0,move_right,91.6,move_right
10.0,61.0,1.4,8.6,10.0,0,kick,91.9,block
94.0,91.0,0.82,7.32,8.15,3,punch,95.1,block
28.0,73.0,0.09,5.01,5.1,0,jump,92.3,move_right
64.0,67.0,1.73,7.36,9.09,2,move_right,94.2,idle
100.0,82.0,1.28,7.71,8.99,1,move_left,96.1,idle
100.0,100.0,4.1,3.92,8.02,0,idle,99.0,move_right
100.0,100.0,2.86,2.05,4.91,0,move_left,98.7,move_right
79.0,73.0,1.02,8.2,9.22,0,idle,94.1,punch
61.0,70.0,1.8,4.04,5.84,0,kick,93.3,jump
52.0,73.0,1.5,5.44,6.94,1,move_right,94.3,idle
10.0,76.0,0.03,8.77,8.8,0,kick,87.8,block
73.0,70.0,1.0,7.6,8.6,2,idle,94.5,idle
70.0,58.0,0.49,7.71,8.2,3,kick,93.1,block
43.0,70.0,0.15,3.87,3.72,3,move_left,96.4,idle
34.0,70.0,1.66,6.37,8.03,0,move_right,94.0,move_right
100.0,100.0,4.21,5.12,9.33,0,punch,98.8,punch
70.0,73.0,1.13,7.36,8.49,5,punch,95.6,block
28.0,67.0,0.57,5.23,4.66,0,move_left,94.2,move_left
100.0,100.0,4.21,4.27,8.48,0,idle,98.0,move_right
13.0,70.0,0.5,6.59,6.09,0,punch,89.6,block
25.0,49.0,1.09,7.71,8.8,2,punch,91.6,block
13.0,28.0,1.48,7.69,9.17,0,kick,89.9,block
94.0,88.0,1.57,4.21,5.78,0,punch,97.5,kick
79.0,82.0,1.9,6.7,8.6,3,jump,95.7,idle
40.0,40.0,1.32,5.21,6.54,0,jump,91.3,punch
25.0,49.0,0.08,5.48,5.56,2,idle,93.4,idle
16.0,61.0,0.87,6.3,7.17,0,idle,94.7,move_right
22.0,73.0,0.02,5.27,5.29,0,punch,91.0,jump
25.0,76.0,1.23,8.47,9.7,2,block,89.1,idle
70.0,40.0,0.46,4.42,4.87,3,block,95.0,idle
7.0,58.0,0.04,9.17,9.13,0,kick,89.1,block
100.0,100.0,2.91,2.15,5.05,0,idle,98.5,move_right
37.0,58.0,0.28,6.32,6.59,0,special,93.7,block
76.0,85.0,1.17,7.18,8.35,0,move_left,95.0,punch
79.0,94.0,0.8,4.62,5.42,3,move_left,97.4,idle
70.0,100.0,1.14,8.56,9.7,0,move_right,94.4,punch
10.0,25.0,0.67,8.43,9.1,1,jump,87.5,idle
58.0,16.0,1.21,8.42,9.63,0,punch,91.9,block
100.0,91.0,1.09,6.14,7.24,2,block,96.9,idle
10.0,61.0,0.56,9.14,8.58,0,move_left,88.6,move_left
100.0,100.0,1.62,5.31,6.93,0,move_right,98.2,move_right
7.0,58.0,1.34,6.39,7.72,0,idle,92.7,move_right
94.0,79.0,0.03,8.47,8.5,0,move_left,93.0,punch
7.0,73.0,0.18,3.64,3.82,0,block,94.4,move_right
22.0,64.0,0.7,8.14,8.83,0,block,90.0,move_right
100.0,100.0,3.28,3.71,7.0,0,punch,98.2,move_right
43.0,79.0,1.84,3.55,5.38,0,move_right,95.0,move_right
100.0,100.0,1.13,5.49,6.62,0,move_left,96.7,punch
1.0,61.0,0.26,4.57,4.83,0,idle,93.3,move_right
40.0,79.0,0.12,5.69,5.82,0,kick,93.5,jump
22.0,58.0,0.44,8.96,9.4,0,move_left,89.0,move_right
70.0,70.0,0.16,4.78,4.94,0,jump,93.4,punch
73.0,67.0,0.9,7.1,8.0,3,move_left,95.1,idle
61.0,67.0,1.39,4.62,6.01,3,special,96.5,jump
94.0,100.0,1.59,6.38,7.97,0,punch,96.0,block
52.0,70.0,0.45,7.64,7.19,0,kick,91.9,block
13.0,46.0,1.28,7.05,8.33,0,move_right,91.7,punch
58.0,82.0,0.15,4.17,4.32,3,move_left,96.2,idle
61.0,43.0,0.94,8.54,7.6,3,punch,91.7,block
100.0,94.0,0.42,5.02,5.44,3,move_left,97.0,idle
73.0,64.0,1.58,4.4,5.98,2,move_right,97.3,idle
100.0,100.0,5.23,3.8,9.03,0,move_right,98.1,move_right
100.0,100.0,7.51,1.65,9.16,0,punch,98.7,jump
100.0,100.0,1.54,3.55,5.08,6,idle,98.6,idle
91.0,100.0,1.24,7.98,9.22,0,idle,96.4,kick
79.0,100.0,0.42,5.69,6.12,2,punch,95.7,block
100.0,100.0,5.42,0.77,6.19,0,punch,98.3,move_right
19.0,82.0,0.2,7.1,7.29,0,kick,94.9,block
7.0,58.0,0.53,6.73,7.26,0,kick,92.7,block
46.0,61.0,0.82,6.62,7.44,3,punch,91.7,block
7.0,67.0,0.26,9.74,10.0,0,punch,90.0,jump
58.0,16.0,1.51,7.82,9.33,0,move_right,92.1,move_right
100.0,100.0,1.06,5.05,6.11,3,move_left,96.4,idle
82.0,100.0,1.92,6.7,8.62,0,kick,95.6,jump
100.0,91.0,1.76,3.96,5.72,2,move_right,96.7,idle
94.0,85.0,1.75,7.35,9.1,2,move_right,96.9,idle
100.0,94.0,1.6,5.14,6.73,3,move_right,97.6,idle
19.0,85.0,0.04,7.98,8.02,0,punch,93.3,jump
64.0,88.0,1.09,4.22,5.31,1,move_left,96.7,idle
43.0,52.0,1.09,6.28,7.37,2,jump,94.9,idle
100.0,88.0,0.15,4.17,4.32,0,punch,97.5,block
79.0,85.0,0.29,7.76,8.05,1,punch,94.4,block
100.0,100.0,6.94,1.04,7.98,0,idle,99.0,jump
19.0,49.0,0.86,8.54,9.4,1,punch,92.7,block
100.0,100.0,2.48,3.0,5.48,0,jump,98.1,move_right
100.0,100.0,2.71,3.89,6.6,0,kick,97.7,move_right
100.0,94.0,1.07,4.26,5.33,2,move_left,95.9,idle
73.0,76.0,1.5,6.8,8.3,2,kick,95.4,move_right
46.0,61.0,0.86,5.93,6.79,2,punch,93.6,block
16.0,40.0,0.88,8.52,9.4,0,idle,88.8,special
46.0,79.0,1.77,5.57,7.34,0,move_right,93.5,jump
70.0,40.0,0.16,4.42,4.57,6,idle,94.6,idle
58.0,94.0,1.62,7.0,8.62,1,jump,94.4,idle
100.0,100.0,1.6,4.84,6.43,0,idle,98.6,punch
25.0,25.0,1.94,7.13,5.2,0,special,88.2,move_left
85.0,100.0,0.54,8.56,9.1,3,move_right,95.3,idle
58.0,76.0,0.6,6.92,7.52,2,punch,94.7,block
100.0,100.0,2.13,6.97,9.1,0,idle,95.9,move_right
13.0,37.0,0.84,7.31,8.14,0,punch,92.3,block
16.0,37.0,1.74,6.41,8.16,1,kick,86.9,idle
37.0,40.0,1.65,7.81,9.46,1,move_left,91.4,idle
76.0,82.0,1.14,3.4,4.54,0,jump,96.7,kick
76.0,88.0,1.86,5.32,7.18,0,move_right,95.5,move_right
34.0,79.0,1.3,5.99,7.29,0,move_right,91.4,jump
100.0,100.0,1.69,7.41,9.1,0,kick,95.9,move_right
28.0,13.0,0.64,4.43,5.07,2,idle,91.9,idle
49.0,64.0,1.02,6.3,7.32,3,kick,95.4,block
22.0,64.0,0.2,7.1,6.9,0,move_left,94.1,move_left
100.0,100.0,3.37,6.13,9.51,0,idle,98.0,move_right
94.0,100.0,1.32,7.48,8.8,0,punch,95.4,block
70.0,31.0,0.46,4.42,4.87,0,move_left,93.8,kick
100.0,100.0,5.4,3.02,8.42,0,move_left,98.1,move_right
70.0,73.0,1.19,4.29,5.48,0,special,95.8,special
85.0,100.0,0.54,8.56,9.1,0,jump,95.6,jump
76.0,73.0,1.39,7.66,9.04,2,idle,95.3,idle
76.0,73.0,1.33,4.2,5.53,0,punch,96.4,block
34.0,49.0,0.72,8.15,8.87,3,idle,94.8,idle
67.0,82.0,1.02,5.61,6.63,0,punch,97.1,block
100.0,100.0,2.77,6.33,9.1,3,move_left,97.6,idle
46.0,73.0,1.34,7.66,9.0,5,idle,94.4,idle
94.0,100.0,0.38,4.97,5.35,3,idle,97.7,idle
46.0,82.0,1.69,4.84,6.54,0,punch,96.2,move_right
67.0,52.0,1.42,7.22,8.64,3,idle,91.9,idle
1.0,55.0,0.6,10.0,9.4,0,move_left,89.1,move_left
79.0,67.0,1.23,5.82,7.05,3,idle,95.6,idle
76.0,100.0,0.53,5.49,6.02,1,idle,95.7,idle
16.0,61.0,0.26,9.14,8.88,0,punch,88.8,block
10.0,28.0,0.01,8.81,8.8,3,kick,89.8,block
64.0,49.0,0.43,4.56,4.13,2,idle,93.7,idle
49.0,85.0,1.5,8.5,10.0,0,move_right,92.4,block
85.0,61.0,0.59,5.55,4.96,5,move_right,93.2,idle
94.0,85.0,2.11,7.14,9.25,1,jump,96.4,idle
100.0,100.0,1.29,8.34,9.63,0,idle,95.6,kick
100.0,100.0,3.1,5.6,8.7,0,move_left,97.2,move_right
91.0,91.0,1.26,4.9,6.16,0,block,95.9,block
94.0,100.0,1.85,7.55,9.4,0,move_right,96.4,move_right
100.0,100.0,2.74,6.18,8.92,0,move_right,98.2,move_right
37.0,70.0,1.24,6.74,7.98,5,block,91.0,idle
85.0,94.0,2.08,6.79,8.87,0,move_right,95.1,move_right
19.0,67.0,0.16,8.8,8.96,0,idle,92.8,move_right
73.0,88.0,0.98,8.42,9.4,2,move_left,95.2,idle
13.0,79.0,0.21,6.05,6.25,0,punch,91.7,block
64.0,73.0,1.2,5.44,6.64,3,kick,95.4,block
52.0,49.0,1.23,5.82,7.05,3,idle,93.6,move_right
100.0,100.0,3.08,6.81,9.89,0,move_right,97.6,move_right
100.0,100.0,2.52,4.59,7.11,0,move_right,98.8,move_right
100.0,91.0,1.12,7.13,8.26,0,idle,96.2,kick
79.0,85.0,1.15,7.35,8.5,2,punch,96.1,block
94.0,100.0,1.37,7.33,8.7,0,punch,97.0,block
67.0,67.0,1.08,7.04,8.12,5,punch,94.7,block
79.0,100.0,1.07,7.63,8.7,1,kick,95.9,block
100.0,100.0,3.68,1.57,5.25,0,move_left,98.9,move_right
28.0,37.0,1.43,7.66,9.09,4,move_right,91.3,idle
43.0,40.0,1.55,4.53,6.08,0,punch,93.7,kick
85.0,85.0,1.13,4.6,5.74,0,move_left,97.4,kick
46.0,61.0,0.8,6.75,7.55,3,jump,93.0,block
100.0,100.0,1.01,3.75,4.76,0,move_left,98.0,special
100.0,100.0,2.56,5.82,8.38,0,kick,97.5,move_right
55.0,67.0,1.59,4.08,5.66,0,move_left,96.5,block
100.0,100.0,2.16,6.22,8.38,0,punch,96.6,jump
58.0,61.0,1.02,6.8,7.82,2,special,94.3,block
73.0,79.0,1.57,7.93,9.51,2,idle,96.4,kick
46.0,25.0,0.67,8.43,9.1,0,kick,89.7,block
88.0,91.0,0.58,3.68,4.26,3,idle,97.0,idle
10.0,82.0,1.04,8.36,9.4,0,idle,92.4,move_right
100.0,100.0,2.35,6.7,9.05,0,move_right,95.8,jump
31.0,43.0,0.14,8.66,8.8,2,block,89.9,idle
16.0,64.0,0.2,8.44,8.23,0,punch,89.2,block
34.0,49.0,1.26,5.91,7.17,1,punch,93.6,idle
100.0,100.0,5.42,2.51,7.93,0,special,98.7,move_right
100.0,100.0,1.63,5.17,6.79,0,idle,98.7,move_right
55.0,61.0,0.72,8.42,9.14,0,kick,92.5,block
100.0,100.0,6.23,3.77,10.0,0,kick,97.8,move_right
100.0,100.0,1.94,8.06,10.0,0,kick,95.1,move_right
100.0,100.0,1.83,4.85,6.68,0,move_left,98.0,jump
100.0,100.0,8.0,1.78,9.78,5,punch,98.3,idle
85.0,82.0,1.69,4.32,6.01,2,jump,97.9,idle
94.0,94.0,1.4,6.75,8.15,1,jump,96.0,idle
10.0,61.0,0.12,7.84,7.72,0,move_left,91.6,move_left
100.0,100.0,2.71,5.64,8.35,0,move_right,97.3,move_right
91.0,85.0,1.52,4.07,5.59,3,punch,96.1,idle
52.0,43.0,0.43,5.77,6.19,0,punch,93.6,block
85.0,85.0,1.17,5.27,6.44,4,jump,95.4,idle
40.0,40.0,0.72,4.91,5.64,5,move_left,91.9,idle
43.0,91.0,1.05,5.67,6.72,1,kick,91.0,special
70.0,85.0,1.48,8.2,9.68,0,punch,94.5,block
58.0,55.0,0.28,7.09,7.37,0,punch,93.9,block
100.0,100.0,1.59,4.05,5.64,0,kick,98.1,block
94.0,94.0,1.15,5.17,6.32,6,idle,98.0,idle
100.0,100.0,4.02,4.22,8.24,0,kick,98.4,move_right
55.0,70.0,1.3,7.22,8.51,2,move_right,94.7,idle
73.0,79.0,1.82,4.37,6.19,2,special,94.1,block
100.0,100.0,1.29,8.34,9.63,2,punch,96.7,idle
100.0,100.0,3.58,4.89,8.47,0,kick,96.6,move_right
58.0,73.0,0.36,5.81,6.16,2,move_right,94.1,idle
13.0,58.0,0.25,6.01,6.26,0,kick,92.2,block
19.0,16.0,0.69,6.18,6.86,1,special,88.0,block
19.0,34.0,0.87,8.17,7.3,3,move_right,89.2,idle
28.0,34.0,1.15,5.17,6.32,3,punch,93.5,block
100.0,100.0,2.86,6.08,8.93,0,move_left,97.3,move_right
34.0,49.0,0.79,5.82,6.61,1,move_right,92.6,block
58.0,94.0,1.58,4.71,6.29,2,kick,96.0,idle
100.0,100.0,5.31,3.67,8.97,0,kick,97.4,move_right
37.0,34.0,0.71,4.05,4.76,0,move_right,90.9,punch
58.0,34.0,0.88,8.5,9.37,3,special,93.2,block
100.0,100.0,3.15,6.08,9.23,0,punch,97.3,jump
43.0,64.0,1.28,7.41,8.69,1,move_right,93.5,block
37.0,37.0,0.94,8.54,7.6,3,move_left,90.8,idle
79.0,73.0,1.02,8.2,9.22,1,kick,93.8,block
100.0,100.0,1.82,6.88,8.7,0,special,96.6,move_right
100.0,100.0,3.76,1.45,5.21,0,punch,98.9,move_right
100.0,79.0,1.33,5.98,7.31,3,idle,96.2,idle
46.0,76.0,1.3,6.04,7.33,0,idle,92.5,block
85.0,73.0,1.63,6.23,7.86,0,idle,95.6,move_right
79.0,79.0,1.29,6.41,7.7,2,block,95.3,idle
16.0,37.0,1.14,6.71,7.86,2,move_left,87.9,idle
100.0,76.0,1.55,8.15,9.7,2,move_right,95.7,idle
7.0,37.0,0.57,4.65,4.08,1,idle,91.6,idle
76.0,67.0,1.02,4.3,5.32,1,punch,96.1,block
49.0,79.0,1.0,5.69,6.69,0,move_left,92.9,punch
37.0,64.0,0.72,7.89,8.61,4,jump,88.6,idle
37.0,61.0,1.5,8.5,10.0,4,block,90.6,idle
61.0,76.0,1.32,4.08,5.4,2,move_right,96.5,idle
52.0,70.0,0.42,5.79,6.21,3,move_left,94.1,idle
100.0,100.0,2.42,3.17,5.59,0,move_left,97.3,move_right
100.0,91.0,1.46,3.25,4.71,3,jump,98.6,idle
49.0,46.0,1.32,6.0,7.32,2,move_left,94.5,move_left
79.0,76.0,1.14,5.81,6.96,0,idle,93.2,kick
58.0,76.0,1.56,5.2,6.76,1,special,93.3,idle
100.0,100.0,3.08,6.51,9.59,0,kick,97.7,move_right
100.0,100.0,2.85,5.01,7.85,0,block,97.5,jump
88.0,85.0,1.46,3.25,4.71,3,punch,97.6,idle
10.0,19.0,0.74,8.51,7.77,2,move_right,85.4,idle
40.0,55.0,0.75,4.17,3.42,4,move_left,94.9,block
82.0,82.0,0.78,3.94,4.72,3,kick,97.8,block
22.0,67.0,0.9,8.5,9.4,0,punch,91.2,block
100.0,100.0,3.85,4.6,8.45,0,punch,96.9,kick
61.0,85.0,0.75,6.81,7.55,1,jump,94.5,idle
94.0,91.0,1.58,4.2,5.78,2,punch,97.5,idle
16.0,1.0,0.82,6.62,7.44,3,idle,89.3,idle
70.0,79.0,1.03,7.07,8.11,0,move_left,94.5,kick
43.0,52.0,1.09,6.28,7.37,1,idle,94.8,kick
28.0,55.0,0.57,6.88,7.45,0,punch,91.4,block
28.0,34.0,0.77,4.94,5.7,2,jump,93.2,idle
88.0,91.0,1.6,5.99,7.59,1,idle,94.3,idle
100.0,100.0,1.57,7.17,8.74,1,punch,97.0,idle
25.0,82.0,0.27,5.94,6.21,0,special,93.9,block
46.0,85.0,0.93,5.15,6.08,3,block,95.5,idle
49.0,82.0,0.42,5.61,6.03,1,move_left,96.7,idle
67.0,76.0,1.08,6.58,7.66,2,kick,94.2,block
22.0,70.0,0.31,7.74,8.05,0,punch,92.9,block
100.0,100.0,7.73,1.93,9.66,0,idle,99.0,move_right
73.0,100.0,1.32,4.61,5.94,0,punch,95.6,block
100.0,100.0,2.23,4.27,6.49,0,idle,99.0,move_right
94.0,100.0,1.58,5.18,6.76,6,punch,98.2,idle
1.0,28.0,1.4,8.11,9.51,0,idle,87.1,punch
82.0,94.0,1.58,8.42,10.0,3,special,95.7,idle
100.0,100.0,3.62,2.69,6.3,0,idle,98.0,jump
100.0,100.0,8.07,0.84,8.91,0,move_right,98.6,move_right
37.0,73.0,1.04,5.19,6.22,0,idle,94.6,punch
10.0,28.0,0.79,6.58,7.37,2,jump,93.5,idle
100.0,100.0,2.26,6.12,8.38,3,special,97.2,idle
10.0,64.0,0.47,7.54,8.01,0,move_right,90.1,move_right
16.0,73.0,0.91,6.84,7.75,0,move_right,93.0,move_right
61.0,85.0,0.72,5.78,6.5,0,kick,96.8,block
61.0,67.0,1.36,6.42,7.78,2,idle,93.6,idle
73.0,82.0,1.62,4.61,6.24,6,move_right,95.3,idle
55.0,70.0,1.0,7.22,8.21,0,move_left,94.9,punch
55.0,67.0,1.08,7.24,8.32,3,kick,94.7,block
76.0,67.0,1.02,4.3,5.32,0,punch,96.0,jump
46.0,73.0,1.34,8.56,9.9,1,idle,93.3,special
55.0,76.0,1.78,8.19,9.97,0,move_right,90.8,move_right
52.0,100.0,0.93,4.63,5.56,1,kick,96.4,block
10.0,16.0,0.6,6.91,7.5,0,punch,87.8,block
91.0,94.0,1.06,6.42,7.48,0,idle,96.2,punch
52.0,64.0,0.45,8.65,9.1,1,punch,91.9,block
82.0,100.0,1.65,5.67,7.32,0,kick,95.0,jump
31.0,37.0,1.2,7.4,8.6,0,move_left,92.5,punch
55.0,79.0,0.64,6.44,7.08,3,block,92.5,idle
100.0,100.0,1.34,5.23,6.57,0,jump,98.1,punch
43.0,73.0,0.42,3.94,3.52,1,kick,96.1,block
76.0,100.0,1.58,5.97,7.54,3,jump,96.0,idle
10.0,70.0,0.21,4.67,4.46,0,jump,94.2,move_left
73.0,70.0,1.28,4.4,5.68,1,move_right,97.5,punch
100.0,100.0,4.12,2.34,6.46,0,jump,98.9,move_right
73.0,94.0,0.99,4.37,5.36,0,idle,96.5,punch
82.0,64.0,1.18,4.04,5.22,2,punch,95.8,block
100.0,100.0,2.77,5.75,8.52,0,move_right,97.8,jump
25.0,64.0,0.55,6.91,7.46,0,move_right,94.1,move_right
100.0,100.0,2.14,6.99,9.13,0,kick,95.9,move_right
94.0,52.0,1.55,4.53,6.08,5,block,95.5,idle
82.0,79.0,1.31,5.96,7.28,0,move_right,94.3,punch
100.0,100.0,1.62,4.31,5.94,0,kick,96.9,move_right
40.0,61.0,1.7,6.75,8.45,1,kick,92.4,idle
4.0,67.0,0.14,8.34,8.2,0,move_left,90.8,move_left
100.0,100.0,3.2,2.71,5.91,0,punch,98.8,jump
4.0,61.0,0.42,8.14,7.72,0,move_left,90.7,move_left
100.0,100.0,3.96,3.62,7.58,0,punch,98.2,punch
76.0,79.0,0.42,8.19,8.61,2,punch,91.4,block
52.0,37.0,1.12,5.21,6.34,1,move_left,93.0,idle
13.0,31.0,1.5,7.1,8.6,0,special,91.7,kick
1.0,4.0,0.47,4.56,5.03,1,jump,90.3,idle
28.0,13.0,1.22,7.09,5.87,4,idle,90.9,idle
49.0,85.0,1.75,7.9,9.65,0,move_right,93.2,jump
61.0,64.0,0.98,7.71,8.69,2,move_right,94.1,idle
70.0,46.0,0.22,5.12,4.9,0,kick,95.9,block
76.0,82.0,1.8,6.61,8.4,3,special,92.7,idle
79.0,85.0,1.86,5.31,7.17,0,move_right,96.8,jump
82.0,100.0,1.99,5.22,7.21,1,move_right,98.1,idle
49.0,91.0,1.03,7.86,8.89,4,punch,96.2,block
37.0,52.0,0.42,6.8,7.22,2,punch,92.8,block
100.0,100.0,1.62,7.55,9.17,0,idle,97.9,move_right
40.0,37.0,0.1,8.6,8.5,1,idle,90.7,idle
28.0,22.0,0.45,3.87,4.32,2,move_left,93.2,idle
100.0,100.0,1.5,8.5,10.0,2,jump,95.5,idle
94.0,91.0,1.49,4.29,5.78,0,punch,96.9,block
85.0,43.0,0.38,8.42,8.8,1,move_left,92.5,idle
49.0,85.0,2.05,7.9,9.95,0,punch,92.7,jump
19.0,67.0,0.16,8.5,8.66,0,idle,92.5,move_right
100.0,100.0,5.69,4.16,9.85,0,move_right,97.9,move_right
43.0,88.0,1.58,4.71,6.29,1,kick,95.5,idle
34.0,73.0,1.09,7.66,8.74,0,move_right,94.5,block
100.0,100.0,2.29,6.76,9.04,0,idle,97.1,jump
91.0,94.0,1.87,3.72,5.59,0,idle,97.1,idle
31.0,67.0,0.26,4.56,4.82,2,move_left,93.4,idle
76.0,94.0,1.16,6.07,7.24,2,move_right,96.5,idle
100.0,100.0,1.57,6.95,8.52,0,punch,97.2,special
61.0,58.0,0.64,8.54,7.9,3,kick,92.5,block
82.0,85.0,0.76,4.78,5.54,3,jump,95.5,idle
85.0,82.0,1.5,5.71,7.2,0,punch,95.1,punch
85.0,67.0,1.38,8.32,9.7,2,kick,94.3,idle
43.0,79.0,1.2,8.8,10.0,0,special,93.7,block
28.0,34.0,0.72,6.9,7.62,0,punch,92.1,jump
91.0,79.0,1.31,5.96,7.28,0,jump,94.8,kick
31.0,55.0,0.8,4.62,5.42,0,idle,93.7,kick
76.0,100.0,1.88,5.97,7.84,0,punch,95.3,jump
40.0,28.0,0.84,5.81,4.96,5,block,91.4,idle
13.0,67.0,0.18,7.18,7.36,0,move_left,92.3,move_right
55.0,16.0,0.76,4.42,5.17,0,jump,92.6,kick
100.0,100.0,5.84,3.56,9.4,0,jump,96.4,jump
16.0,64.0,0.1,8.14,8.23,0,jump,89.3,move_right
100.0,100.0,4.63,3.58,8.21,0,punch,98.5,move_right
25.0,76.0,1.39,6.77,8.17,1,special,95.6,idle
88.0,88.0,1.02,6.6,7.62,3,punch,96.9,block
73.0,94.0,1.59,4.37,5.96,6,jump,97.1,idle
34.0,13.0,0.13,4.56,4.43,1,kick,91.6,block
40.0,40.0,1.18,8.52,9.7,2,kick,89.4,block
82.0,94.0,0.62,8.18,8.8,2,punch,95.0,block
100.0,100.0,5.09,4.31,9.4,0,move_left,97.0,move_right
40.0,52.0,0.61,8.36,7.75,4,jump,91.9,idle
100.0,100.0,2.73,2.85,5.58,0,punch,97.9,move_right
4.0,34.0,0.51,6.6,6.09,3,move_left,92.8,idle
40.0,61.0,1.29,6.41,7.7,2,move_left,92.9,idle
100.0,100.0,5.14,3.69,8.83,3,move_right,97.4,idle
55.0,46.0,1.03,7.73,8.76,0,move_left,92.4,special
82.0,55.0,1.58,4.2,5.78,4,idle,95.7,idle
100.0,91.0,1.47,5.27,6.74,3,punch,96.5,idle
100.0,100.0,2.7,4.21,6.9,0,kick,96.5,move_right
85.0,94.0,1.78,6.19,7.97,0,move_right,95.5,move_right
10.0,7.0,0.02,4.04,4.02,0,jump,91.7,special
100.0,100.0,5.44,2.49,7.93,0,idle,98.0,move_right
52.0,49.0,1.09,5.82,6.91,3,idle,93.8,idle
100.0,100.0,4.69,5.31,10.0,0,jump,97.0,move_right
100.0,88.0,1.54,3.83,5.37,3,idle,98.5,move_left
58.0,67.0,0.52,7.43,7.96,0,jump,92.6,special
43.0,37.0,0.62,7.09,6.47,2,kick,91.8,block
70.0,61.0,1.1,6.61,7.71,0,move_left,95.3,punch
43.0,64.0,0.59,4.77,5.36,1,jump,94.6,idle
1.0,82.0,0.27,5.64,5.91,0,punch,91.9,jump
43.0,76.0,1.39,6.77,8.17,2,move_right,95.7,idle
13.0,25.0,1.2,7.1,8.3,0,move_right,90.9,kick
88.0,91.0,1.6,5.99,7.59,3,idle,94.5,idle
61.0,76.0,1.32,4.38,5.7,0,idle,96.1,block
10.0,25.0,0.35,8.45,8.8,2,jump,91.6,idle
100.0,91.0,1.25,8.15,9.4,1,idle,96.8,idle
100.0,100.0,2.15,6.35,8.5,0,punch,97.6,move_right
100.0,100.0,2.47,6.93,9.4,0,idle,96.8,move_right
22.0,64.0,1.6,6.34,7.93,0,punch,90.6,move_right
85.0,55.0,0.62,5.99,6.6,0,jump,91.6,jump
82.0,58.0,0.46,4.42,4.87,2,jump,96.0,idle
43.0,55.0,0.54,7.01,7.54,1,kick,94.1,block
100.0,94.0,1.43,7.07,8.5,2,punch,96.1,idle
76.0,73.0,1.39,7.66,9.04,3,idle,95.4,idle
100.0,100.0,3.67,4.25,7.92,0,move_right,98.3,move_right
67.0,82.0,0.89,4.77,5.66,6,jump,96.7,idle
82.0,88.0,0.78,3.94,4.72,0,move_left,97.9,punch
76.0,85.0,1.47,7.18,8.65,1,jump,95.2,idle
85.0,73.0,1.35,8.18,9.53,3,punch,94.5,idle
100.0,100.0,1.85,4.23,6.08,0,idle,98.8,move_right
100.0,100.0,1.13,7.03,8.16,0,move_right,96.4,punch
64.0,88.0,1.24,3.25,4.48,1,idle,96.9,idle
1.0,70.0,0.29,7.14,6.85,0,move_left,90.9,move_left
100.0,100.0,1.86,6.22,8.08,4,kick,97.0,idle
16.0,61.0,0.27,6.9,7.17,0,jump,94.5,move_right
49.0,67.0,0.78,7.34,8.12,0,kick,93.8,block
43.0,73.0,1.45,5.87,7.32,0,kick,90.5,special
25.0,52.0,0.3,8.2,8.5,0,punch,91.4,block
58.0,85.0,1.44,8.56,10.0,1,move_right,93.7,idle
100.0,82.0,1.58,7.71,9.29,2,move_right,96.2,idle
100.0,100.0,1.88,3.37,5.25,0,kick,98.3,move_right
40.0,61.0,0.62,3.68,3.06,3,move_left,92.7,idle
70.0,40.0,0.16,4.42,4.57,3,move_right,94.3,idle
61.0,94.0,1.24,6.44,7.68,3,punch,94.0,idle
91.0,91.0,1.76,4.26,6.02,0,move_right,96.2,move_right
100.0,100.0,5.41,3.24,8.65,0,move_left,98.2,jump
37.0,64.0,1.02,7.89,8.91,0,move_right,88.9,special
100.0,100.0,7.74,0.72,8.45,0,idle,98.8,move_right
82.0,82.0,1.39,6.77,8.17,0,punch,96.8,jump
28.0,34.0,0.47,4.94,5.4,2,move_left,92.8,idle
40.0,79.0,0.18,5.69,5.52,3,idle,93.8,idle
7.0,82.0,0.03,5.64,5.61,0,jump,92.4,move_left
100.0,88.0,1.48,7.89,9.37,0,jump,93.3,block
100.0,100.0,2.75,6.35,9.1,0,idle,97.7,move_right
49.0,55.0,0.68,4.2,4.88,0,kick,94.6,block
100.0,100.0,5.63,4.07,9.7,0,move_left,97.7,move_right
64.0,88.0,1.57,7.83,9.4,1,punch,95.4,idle
100.0,100.0,2.92,4.52,7.44,0,punch,96.8,jump
100.0,100.0,4.52,3.54,8.06,5,kick,97.1,idle
7.0,13.0,0.35,4.83,5.18,1,move_left,92.3,idle
100.0,100.0,2.21,2.85,5.06,0,block,98.3,move_right
67.0,73.0,0.42,6.14,6.56,2,move_left,96.5,idle
100.0,100.0,1.41,8.17,9.57,0,idle,94.7,punch
100.0,100.0,1.9,6.1,8.0,0,block,97.5,move_right
61.0,76.0,1.16,6.07,7.24,3,idle,95.7,idle
43.0,64.0,0.98,7.71,8.69,0,punch,93.9,jump
46.0,64.0,0.44,7.13,6.7,3,idle,90.9,idle
19.0,43.0,1.32,4.98,6.3,1,idle,92.1,idle
13.0,79.0,0.39,6.95,6.55,0,move_left,91.0,move_left
13.0,13.0,1.13,7.66,8.79,3,idle,90.0,idle
100.0,100.0,2.22,3.41,5.64,0,punch,97.3,move_right
49.0,85.0,1.45,7.6,9.05,0,special,93.4,block
100.0,100.0,4.5,3.8,8.3,0,kick,98.3,move_right
55.0,61.0,1.32,8.42,9.74,0,move_right,92.2,kick
100.0,100.0,6.69,1.01,7.7,0,idle,99.0,move_right
16.0,82.0,0.95,6.05,7.0,0,punch,94.6,block
100.0,100.0,4.62,3.69,8.31,0,punch,97.1,move_right
22.0,37.0,1.04,7.67,8.71,0,kick,91.3,block
22.0,4.0,1.28,8.42,9.7,3,idle,89.4,idle
100.0,100.0,5.49,0.81,6.3,0,jump,98.4,move_right
82.0,76.0,0.13,6.07,6.19,0,idle,95.8,block
100.0,100.0,2.22,5.39,7.62,4,punch,97.1,move_right
16.0,49.0,0.54,5.62,5.08,0,kick,91.0,jump
70.0,94.0,0.62,7.78,8.4,2,move_left,94.6,idle
100.0,100.0,4.15,4.05,8.2,0,idle,98.9,move_right
43.0,58.0,0.68,5.71,6.39,1,move_right,93.8,idle
46.0,40.0,1.44,4.0,5.44,1,punch,93.9,idle
40.0,70.0,0.86,6.67,7.54,0,punch,93.0,block
100.0,100.0,4.78,2.29,7.07,0,idle,99.0,move_right
16.0,73.0,0.19,6.12,6.31,0,move_left,94.0,move_right
55.0,61.0,0.03,4.65,4.68,2,move_left,94.2,idle
46.0,43.0,1.58,6.59,8.17,0,idle,91.5,punch
40.0,46.0,0.44,7.67,8.11,2,punch,91.9,block
100.0,100.0,1.35,4.17,5.52,0,move_left,98.6,punch
100.0,76.0,1.6,7.22,8.82,3,punch,94.7,idle
100.0,91.0,1.62,5.8,7.42,0,idle,97.0,jump
100.0,100.0,5.33,4.37,9.7,0,punch,97.6,move_right
67.0,58.0,0.3,7.3,7.6,3,kick,93.6,block
40.0,55.0,0.33,4.65,4.98,0,idle,93.2,punch
43.0,49.0,0.47,4.94,5.4,3,punch,95.3,block
4.0,64.0,0.79,4.52,5.31,0,idle,93.7,move_right
67.0,76.0,1.39,4.32,5.71,3,special,97.6,idle
94.0,94.0,1.71,8.17,9.87,1,kick,94.4,idle
19.0,22.0,0.08,5.48,5.56,5,idle,92.5,idle
100.0,100.0,4.27,1.32,5.59,0,idle,98.8,move_right
100.0,100.0,4.32,4.07,8.39,0,kick,98.3,jump
52.0,91.0,0.44,8.36,8.8,0,idle,94.3,kick
100.0,100.0,2.64,5.51,8.14,0,idle,98.4,jump
7.0,40.0,0.88,8.52,9.4,4,punch,88.5,block
34.0,37.0,0.8,7.81,8.61,1,punch,88.2,block
67.0,79.0,1.86,5.46,7.32,0,punch,94.5,move_right
79.0,94.0,0.72,7.48,8.2,0,move_left,94.1,punch
13.0,64.0,0.92,7.91,8.83,0,punch,92.0,block
100.0,100.0,1.96,3.26,5.22,0,kick,98.9,move_right
64.0,79.0,0.42,6.3,6.72,1,idle,96.1,idle
73.0,73.0,0.72,6.14,6.86,4,idle,96.7,idle
40.0,58.0,1.13,6.43,7.56,2,idle,93.3,idle
94.0,76.0,0.47,4.26,4.73,4,kick,95.3,block
76.0,79.0,1.45,4.97,6.42,3,punch,92.7,idle
7.0,52.0,0.07,7.63,7.56,0,jump,88.7,block
43.0,55.0,0.38,4.2,4.58,1,punch,94.2,block
100.0,100.0,1.32,6.77,8.09,0,punch,96.7,block
25.0,58.0,0.43,7.94,8.37,1,kick,93.3,block
100.0,100.0,1.59,4.07,5.66,0,punch,98.0,punch
40.0,64.0,0.72,4.91,5.64,3,move_left,92.7,idle
25.0,61.0,0.26,4.27,4.53,1,move_left,94.1,idle
100.0,100.0,5.52,1.79,7.31,0,idle,99.0,move_right
100.0,100.0,2.39,2.49,4.88,0,move_left,98.8,jump
49.0,43.0,0.83,7.66,8.49,0,punch,92.9,block
82.0,76.0,1.02,4.6,5.62,2,kick,96.7,move_left
100.0,85.0,0.01,8.81,8.8,0,punch,94.1,block
82.0,94.0,2.3,6.02,8.32,0,idle,97.3,move_right
91.0,94.0,0.98,7.08,8.05,2,kick,97.7,idle
43.0,61.0,1.06,6.42,7.48,1,move_right,92.6,idle
49.0,67.0,0.48,6.14,5.66,3,kick,95.3,idle
55.0,67.0,1.32,4.3,5.62,0,kick,95.2,block
43.0,61.0,0.72,4.98,5.7,0,move_right,93.8,kick
43.0,34.0,0.43,5.98,6.41,1,kick,93.0,block
40.0,55.0,1.14,6.11,7.26,0,kick,90.4,block
19.0,13.0,0.18,5.21,5.04,0,idle,89.6,kick
85.0,85.0,1.36,3.86,5.22,3,kick,98.1,idle
82.0,88.0,1.53,5.4,6.92,1,kick,95.8,idle
82.0,100.0,1.51,5.39,6.9,0,special,95.8,kick
22.0,64.0,0.24,9.46,9.7,0,special,91.0,jump
28.0,43.0,0.19,5.82,6.01,3,punch,91.8,block
52.0,37.0,0.92,7.09,6.17,0,jump,92.3,special
85.0,34.0,0.08,8.42,8.5,1,move_left,92.0,idle
100.0,100.0,7.7,1.78,9.48,0,kick,98.9,kick
100.0,100.0,2.13,4.47,6.6,0,move_right,97.7,jump
55.0,67.0,1.62,4.3,5.92,0,idle,95.0,jump
100.0,94.0,0.75,4.17,4.92,0,punch,98.0,block
76.0,94.0,1.17,6.39,7.57,0,kick,96.2,block
61.0,79.0,1.5,8.5,10.0,3,kick,94.0,idle
13.0,64.0,0.92,7.91,8.83,0,kick,91.9,jump
70.0,79.0,2.05,4.97,7.02,0,move_right,92.3,move_right
25.0,31.0,0.19,6.44,6.64,2,move_left,91.3,special
100.0,100.0,1.03,5.63,6.66,0,move_left,98.1,punch
100.0,100.0,3.11,1.95,5.06,0,special,98.6,move_right
19.0,37.0,0.84,7.31,8.14,0,special,92.4,jump
40.0,46.0,1.34,8.66,10.0,2,jump,89.1,idle
100.0,100.0,2.82,5.24,8.06,2,punch,97.9,idle
64.0,61.0,0.5,6.75,7.25,3,kick,94.2,block
43.0,61.0,1.36,8.51,9.87,1,punch,88.6,idle
34.0,34.0,0.32,8.48,8.8,1,move_right,89.8,idle
76.0,85.0,1.06,4.78,5.84,0,punch,94.4,block
49.0,58.0,1.63,4.2,5.83,2,move_right,94.4,idle
10.0,67.0,0.03,5.67,5.7,0,block,92.6,move_right
88.0,82.0,1.02,6.89,7.91,5,punch,96.5,move_left
100.0,85.0,1.84,7.89,9.73,0,idle,94.8,move_right
52.0,100.0,0.72,5.69,6.42,0,special,95.1,jump
82.0,94.0,1.59,4.07,5.66,0,punch,97.5,block
22.0,46.0,0.91,7.15,8.06,2,idle,87.6,idle
43.0,58.0,0.15,8.65,8.8,2,move_right,91.1,idle
67.0,70.0,1.5,3.74,5.24,1,move_right,94.1,idle
100.0,100.0,4.66,3.11,7.77,0,move_right,97.0,move_right
55.0,61.0,1.3,8.7,10.0,0,block,92.3,punch
91.0,76.0,1.56,7.52,9.08,1,idle,93.9,idle
25.0,82.0,0.2,6.8,6.99,0,idle,95.5,move_right
100.0,100.0,8.59,1.41,10.0,0,punch,98.7,move_right
19.0,31.0,1.56,5.91,7.47,1,move_right,91.4,idle
22.0,61.0,0.04,4.15,4.11,0,move_left,94.4,move_left
31.0,58.0,0.23,7.03,7.26,3,kick,91.4,block
40.0,61.0,1.02,6.1,7.12,0,kick,92.5,jump
55.0,46.0,1.23,6.9,8.12,0,block,92.7,kick
61.0,49.0,1.16,8.54,9.7,3,kick,94.1,block
88.0,67.0,1.48,7.6,9.07,2,jump,96.8,idle
100.0,100.0,2.81,5.09,7.9,0,move_left,97.6,jump
19.0,52.0,0.38,6.07,6.45,0,punch,92.5,jump
46.0,61.0,0.5,6.75,7.25,1,move_left,93.2,idle
73.0,85.0,1.22,7.01,8.23,0,idle,95.6,special
100.0,100.0,1.76,8.24,10.0,0,punch,96.1,move_right
13.0,46.0,0.68,7.05,7.73,1,move_right,91.9,idle
13.0,73.0,0.12,5.62,5.74,0,kick,94.1,block
82.0,100.0,1.23,4.72,5.95,0,punch,98.2,jump
82.0,73.0,0.98,4.2,5.18,3,idle,96.3,idle
100.0,91.0,2.15,7.55,9.7,1,move_right,96.8,idle
61.0,85.0,1.16,6.07,7.24,2,kick,96.0,block
37.0,73.0,0.67,3.72,4.39,5,punch,93.1,block
88.0,82.0,0.66,5.81,6.46,0,move_left,96.2,punch
16.0,25.0,0.28,4.04,4.32,1,idle,92.6,idle
43.0,76.0,0.33,5.02,5.35,0,move_right,96.4,kick
52.0,67.0,1.2,5.74,6.94,0,move_left,93.6,kick
100.0,100.0,8.27,1.31,9.58,0,idle,99.0,jump
85.0,91.0,1.48,5.81,7.3,1,kick,96.2,idle
100.0,100.0,2.98,6.09,9.07,0,kick,96.1,move_right
100.0,100.0,1.58,4.71,6.29,0,idle,96.4,block
43.0,52.0,1.03,4.2,5.23,2,move_left,93.9,idle
76.0,94.0,1.47,6.39,7.87,0,move_right,95.9,punch
100.0,94.0,1.62,6.8,8.42,2,block,96.1,idle
100.0,100.0,4.2,4.0,8.2,2,move_right,97.7,idle
58.0,79.0,2.17,7.83,10.0,0,move_right,94.5,move_right
34.0,46.0,0.08,7.22,7.14,0,punch,89.8,block
55.0,76.0,0.23,7.03,7.26,1,move_left,93.4,idle
7.0,52.0,0.55,7.95,8.5,0,move_left,92.9,move_right
76.0,91.0,1.56,4.9,6.46,5,move_left,94.9,idle
85.0,82.0,0.28,6.32,6.59,5,kick,96.6,block
100.0,100.0,3.1,4.49,7.59,0,special,96.2,move_right
64.0,61.0,0.2,8.6,8.8,4,kick,92.9,block
100.0,100.0,4.06,2.92,6.97,0,jump,97.7,move_right
100.0,100.0,2.41,4.95,7.36,0,kick,96.2,move_right
58.0,7.0,0.68,8.72,9.4,2,jump,90.8,idle
100.0,94.0,1.82,7.18,9.0,2,move_right,96.2,idle
100.0,100.0,3.77,4.63,8.4,0,move_left,98.6,jump
85.0,94.0,1.66,7.3,8.96,0,kick,95.1,move_right
94.0,85.0,1.29,6.3,7.59,1,block,96.6,special
34.0,79.0,1.47,6.3,7.77,1,kick,96.0,idle
76.0,82.0,2.16,4.9,7.06,0,move_right,93.9,jump
100.0,100.0,1.93,7.72,9.64,0,special,95.8,move_right
19.0,58.0,0.86,8.27,9.13,0,punch,91.4,block
61.0,70.0,2.1,3.74,5.84,0,jump,93.4,move_right
85.0,91.0,1.48,5.81,7.3,3,punch,96.4,idle
76.0,85.0,1.08,6.58,7.66,0,idle,94.4,kick
10.0,55.0,0.32,3.68,3.36,0,move_left,89.0,move_left
100.0,100.0,2.93,3.1,6.04,0,move_left,98.8,move_right
76.0,76.0,1.18,7.89,9.07,3,move_right,92.6,idle
25.0,49.0,0.06,5.62,5.68,0,move_right,91.9,punch
61.0,73.0,1.56,6.66,8.22,0,kick,92.7,block
100.0,100.0,1.52,7.18,8.7,0,punch,96.5,jump
88.0,82.0,1.29,4.95,6.24,0,idle,95.4,kick
100.0,100.0,5.7,4.0,9.7,0,punch,97.6,move_right
94.0,91.0,1.13,7.03,8.16,3,move_left,94.8,idle
34.0,55.0,1.04,7.13,6.1,0,jump,89.7,punch
55.0,55.0,0.2,8.6,8.8,2,move_left,92.3,idle
100.0,100.0,5.46,2.16,7.62,0,special,98.6,move_right
100.0,100.0,2.95,6.15,9.1,0,punch,98.1,move_right
70.0,55.0,1.08,8.32,9.4,1,punch,93.2,block
94.0,70.0,1.25,4.53,5.78,2,move_right,96.1,idle
19.0,79.0,1.11,5.15,6.25,0,move_right,92.6,move_right
100.0,100.0,2.8,4.82,7.62,0,jump,96.9,move_right
100.0,100.0,2.53,6.36,8.89,0,kick,98.2,move_right
52.0,94.0,0.46,5.05,5.51,2,move_left,94.9,idle
37.0,40.0,1.65,7.81,9.46,0,move_right,91.7,kick
73.0,64.0,0.95,6.01,6.96,4,move_left,95.8,idle
100.0,100.0,2.22,5.18,7.4,0,kick,98.3,move_right
7.0,67.0,0.03,7.29,7.27,0,jump,90.8,kick
100.0,100.0,1.87,6.65,8.52,0,punch,97.4,jump
13.0,19.0,0.83,7.66,8.49,4,kick,90.2,block
100.0,100.0,2.57,3.81,6.38,0,jump,98.1,move_right
100.0,94.0,1.18,7.89,9.07,0,move_left,93.7,punch
94.0,82.0,1.33,4.5,5.83,0,move_right,97.0,kick
100.0,94.0,1.5,8.5,10.0,1,move_right,95.0,idle
70.0,61.0,1.92,7.22,9.14,0,move_right,94.3,move_right
94.0,91.0,1.36,3.86,5.22,0,move_right,98.2,punch
100.0,88.0,1.2,8.5,9.7,3,punch,94.7,idle
100.0,100.0,2.02,5.04,7.06,0,jump,97.1,move_right
34.0,55.0,1.02,8.15,9.17,3,block,95.2,idle
100.0,100.0,5.69,3.98,9.67,2,kick,98.8,idle
73.0,58.0,0.99,4.95,5.94,0,block,94.0,jump
100.0,82.0,1.22,4.79,6.0,3,move_left,96.4,idle
4.0,67.0,0.04,4.86,4.82,0,punch,90.9,block
58.0,79.0,1.82,7.01,8.83,0,idle,94.3,move_right
4.0,7.0,1.19,5.19,6.38,6,jump,91.6,idle
94.0,73.0,2.17,4.21,6.38,2,move_right,96.5,idle
34.0,76.0,1.32,7.18,8.5,0,punch,91.9,block
100.0,91.0,1.62,5.8,7.42,0,kick,96.9,jump
100.0,100.0,4.92,3.5,8.42,0,kick,98.4,move_right
100.0,100.0,4.66,2.32,6.97,0,punch,97.9,move_right
76.0,82.0,1.29,8.27,9.57,3,jump,96.0,kick
52.0,100.0,0.72,5.69,6.42,0,kick,95.2,jump
22.0,67.0,0.04,4.56,4.52,0,move_left,92.7,move_left
100.0,73.0,2.52,7.0,9.52,0,special,95.6,move_right
31.0,85.0,1.23,5.15,6.38,3,kick,93.7,idle
100.0,100.0,3.24,5.84,9.08,0,jump,98.1,jump
70.0,85.0,1.15,5.17,6.32,0,kick,97.0,jump
79.0,100.0,1.4,4.51,5.91,0,punch,95.2,block
100.0,100.0,3.31,3.29,6.6,0,move_right,98.0,move_right
100.0,100.0,4.28,3.87,8.14,4,kick,97.8,idle
100.0,100.0,6.24,2.22,8.45,0,jump,98.1,jump
100.0,100.0,6.82,1.32,8.15,0,move_left,98.7,move_right
100.0,100.0,4.32,4.37,8.69,0,move_right,98.0,move_right
100.0,100.0,2.16,6.62,8.78,3,move_right,95.8,idle
25.0,25.0,1.64,6.23,4.6,0,idle,87.5,jump
70.0,88.0,1.9,6.32,8.21,3,move_right,97.0,idle
43.0,52.0,1.02,6.8,7.82,1,kick,93.2,block
100.0,100.0,1.32,5.49,6.81,3,idle,97.8,idle
25.0,25.0,1.64,6.83,5.2,0,idle,88.1,move_left
100.0,100.0,5.98,2.2,8.18,0,kick,98.3,move_right
67.0,85.0,0.83,5.49,6.32,2,kick,94.7,block
100.0,100.0,1.97,3.64,5.61,0,punch,97.4,move_right
67.0,73.0,0.42,8.19,8.61,1,move_right,90.8,idle
100.0,100.0,5.53,3.52,9.04,0,idle,98.5,move_right
67.0,82.0,0.01,4.77,4.76,0,jump,96.1,jump
70.0,85.0,1.03,6.77,7.81,1,punch,95.3,block
100.0,100.0,1.33,6.47,7.81,0,kick,96.9,jump
100.0,100.0,1.62,4.31,5.94,0,move_right,97.0,jump
64.0,76.0,0.68,6.28,6.97,1,move_left,94.3,idle
100.0,91.0,1.02,7.22,8.24,3,move_left,97.2,idle
19.0,37.0,0.8,7.81,8.61,0,punch,87.9,block
100.0,100.0,2.69,6.98,9.67,0,jump,97.4,jump
100.0,100.0,5.2,4.1,9.3,0,idle,97.8,move_right
1.0,4.0,0.38,8.42,8.8,6,jump,87.5,idle
52.0,7.0,0.98,8.72,9.7,0,move_right,90.5,special
46.0,43.0,1.28,6.59,7.87,3,special,92.4,idle
7.0,79.0,0.28,8.08,7.8,0,kick,88.9,block
100.0,100.0,2.13,4.85,6.98,0,kick,98.1,jump
37.0,58.0,1.16,7.97,9.13,0,punch,91.9,block
73.0,73.0,1.21,8.19,9.4,1,move_left,93.5,idle
79.0,61.0,1.33,6.83,8.16,0,idle,94.1,punch
79.0,88.0,0.73,7.94,8.67,0,jump,95.3,punch
16.0,67.0,0.18,6.14,5.96,0,punch,94.1,jump
73.0,82.0,0.86,8.24,9.1,1,punch,93.2,block
82.0,79.0,1.46,5.93,7.39,1,jump,95.3,idle
34.0,70.0,0.82,6.58,5.77,0,punch,92.8,block
100.0,100.0,2.12,7.13,9.25,0,move_right,97.4,move_right
49.0,82.0,0.72,5.61,6.33,2,special,96.8,block
100.0,100.0,2.98,3.79,6.77,0,punch,98.5,move_right
67.0,43.0,1.31,3.45,4.76,0,move_right,93.7,punch
85.0,100.0,1.6,6.7,8.3,3,punch,96.8,idle
28.0,28.0,1.01,4.05,5.06,0,punch,90.2,block
52.0,34.0,1.04,5.53,6.57,0,move_right,93.7,kick
70.0,49.0,1.42,7.14,8.56,3,move_right,92.2,idle
52.0,70.0,0.72,5.79,6.51,6,punch,94.4,block
100.0,100.0,3.53,5.87,9.4,0,idle,96.8,move_right
10.0,61.0,0.2,9.41,9.61,0,kick,92.2,block
19.0,58.0,0.55,5.71,6.26,3,punch,92.9,block
100.0,100.0,3.04,4.98,8.02,0,jump,98.7,move_right
25.0,55.0,0.28,3.08,3.36,0,move_right,90.3,move_right
73.0,79.0,1.3,8.7,10.0,0,move_right,93.1,special
100.0,100.0,3.44,6.26,9.7,4,idle,96.3,punch
67.0,79.0,1.42,7.22,8.64,1,kick,93.0,idle
61.0,37.0,1.42,5.21,6.64,0,jump,93.6,special
43.0,64.0,1.28,7.41,8.69,0,jump,93.4,jump
31.0,16.0,0.1,6.91,6.81,0,move_left,92.2,punch
28.0,61.0,0.44,7.27,6.83,0,move_left,92.4,move_left
55.0,46.0,1.63,7.13,8.76,1,jump,92.7,idle
85.0,79.0,1.14,7.01,8.14,3,punch,95.7,block
100.0,100.0,2.62,5.03,7.66,0,jump,97.6,jump
28.0,31.0,0.32,4.04,3.72,1,move_left,93.4,idle
94.0,85.0,1.29,6.3,7.59,3,punch,96.8,idle
34.0,46.0,0.3,6.91,7.2,3,jump,90.9,idle
91.0,79.0,1.44,7.01,8.44,1,special,95.9,idle
16.0,82.0,0.95,6.05,7.0,0,kick,94.5,block
100.0,100.0,3.5,2.41,5.91,0,idle,98.9,move_right
100.0,100.0,5.09,4.28,9.37,0,kick,98.5,move_right
91.0,85.0,0.24,5.81,6.06,2,move_left,94.7,idle
34.0,76.0,1.53,8.47,10.0,0,block,90.0,punch
88.0,73.0,1.57,5.11,6.68,2,idle,94.8,idle
64.0,85.0,1.28,3.67,4.95,1,move_left,96.2,idle
100.0,100.0,4.95,1.77,6.72,0,idle,98.8,move_right
58.0,73.0,1.02,6.3,7.32,1,move_right,95.6,idle
1.0,37.0,0.74,8.66,9.4,0,punch,87.4,block
25.0,49.0,0.08,5.48,5.56,0,jump,93.6,kick
100.0,100.0,2.5,5.42,7.91,0,idle,98.6,move_right
100.0,100.0,1.88,6.07,7.95,6,move_right,96.3,idle
100.0,100.0,3.46,5.78,9.23,0,move_left,97.9,move_right
25.0,82.0,0.89,8.18,9.07,0,move_right,95.9,move_right
100.0,100.0,4.04,4.36,8.4,0,idle,99.0,move_right
100.0,100.0,0.42,5.02,5.44,2,kick,97.4,block
4.0,13.0,0.74,5.93,5.2,1,punch,86.1,block
22.0,85.0,0.03,6.05,6.08,0,jump,92.6,move_right
1.0,4.0,1.04,3.28,2.24,2,punch,86.4,block
100.0,100.0,4.15,3.91,8.06,0,punch,98.9,move_right
13.0,64.0,0.56,7.27,7.84,0,move_right,91.5,move_right
40.0,52.0,0.31,8.36,8.05,6,move_left,92.1,idle
49.0,43.0,1.61,3.75,5.36,0,special,92.3,jump
100.0,100.0,4.18,1.28,5.46,0,kick,98.8,jump
16.0,76.0,1.32,7.18,8.5,0,kick,91.6,block
16.0,34.0,1.44,4.3,5.74,3,jump,91.7,idle
100.0,100.0,2.24,7.76,10.0,0,block,95.3,move_right
40.0,61.0,0.36,7.88,7.52,1,move_left,92.6,idle
34.0,70.0,1.47,5.87,7.34,0,idle,91.7,block
49.0,67.0,0.36,6.9,6.54,0,move_right,92.2,punch
76.0,82.0,1.39,7.66,9.04,1,block,95.7,idle
76.0,73.0,1.32,7.22,8.54,0,special,96.1,block
100.0,100.0,1.78,7.3,9.07,0,idle,97.7,move_right
16.0,28.0,0.43,4.94,4.5,0,move_left,92.1,block
67.0,64.0,0.45,8.65,9.1,0,move_left,92.8,kick
100.0,100.0,6.28,1.9,8.18,0,punch,98.5,move_right
73.0,79.0,0.42,6.3,6.72,3,punch,96.3,block
4.0,82.0,0.1,8.0,7.89,0,punch,93.0,jump
100.0,100.0,4.82,4.43,9.25,0,kick,98.7,move_right
25.0,55.0,0.99,8.27,9.27,4,punch,94.3,block
100.0,100.0,4.64,5.06,9.7,1,kick,95.4,idle
100.0,100.0,2.73,6.37,9.1,2,block,97.5,idle
40.0,61.0,1.29,6.41,7.7,3,kick,93.4,idle
34.0,22.0,0.43,8.33,8.76,0,punch,89.5,jump
100.0,100.0,3.84,5.24,9.08,0,kick,98.3,move_right
100.0,100.0,4.64,2.19,6.82,0,jump,98.6,move_right
76.0,82.0,1.5,6.61,8.1,5,jump,92.9,idle
43.0,70.0,1.95,6.91,8.86,2,move_right,95.4,idle
67.0,82.0,0.97,3.72,4.69,0,jump,94.0,kick
16.0,55.0,0.3,5.54,5.24,0,idle,89.1,move_left
100.0,100.0,5.97,0.77,6.74,0,punch,98.9,jump
31.0,64.0,1.27,5.41,6.68,0,punch,93.2,block
100.0,100.0,4.11,4.87,8.97,0,idle,96.9,move_right
82.0,82.0,0.82,6.32,7.14,3,punch,93.3,block
91.0,91.0,1.47,6.3,7.77,0,move_left,97.1,punch
100.0,100.0,1.66,7.14,8.8,0,move_left,95.0,move_right
73.0,100.0,0.75,6.81,7.55,2,move_left,95.6,idle
46.0,55.0,0.86,5.93,6.79,3,move_right,93.3,idle
64.0,79.0,1.57,7.83,9.4,2,idle,95.1,idle
100.0,100.0,4.52,5.48,10.0,0,special,97.8,move_right
70.0,67.0,1.02,4.3,5.32,3,punch,95.8,block
100.0,100.0,1.46,6.07,7.54,0,jump,97.5,kick
76.0,76.0,1.23,5.37,6.6,0,idle,95.4,kick
22.0,28.0,1.34,7.67,9.01,1,move_right,90.5,idle
40.0,34.0,1.14,4.3,5.44,4,move_left,92.2,idle
100.0,100.0,7.4,2.38,9.78,0,jump,97.6,move_right
10.0,52.0,0.2,9.7,9.9,0,punch,89.6,block
94.0,100.0,1.09,4.24,5.34,1,idle,98.7,idle
64.0,94.0,0.74,8.66,9.4,2,kick,92.3,block
61.0,76.0,0.43,7.94,8.37,3,special,94.8,block
31.0,67.0,1.08,7.24,8.32,0,move_left,92.9,punch
100.0,100.0,2.44,6.18,8.62,0,special,98.3,jump
64.0,55.0,0.98,4.2,5.18,2,kick,95.0,block
67.0,73.0,1.12,5.16,6.28,2,kick,95.9,special
100.0,100.0,1.3,5.99,7.29,0,block,95.5,special
100.0,100.0,2.74,6.9,9.63,0,idle,96.5,jump
100.0,85.0,0.01,8.81,8.8,2,punch,94.3,block
40.0,40.0,1.02,4.91,5.94,4,move_right,91.8,idle
31.0,55.0,0.06,5.62,5.68,0,move_right,92.3,punch
16.0,19.0,1.28,7.79,9.07,0,punch,89.4,block
1.0,67.0,0.03,6.57,6.6,0,move_right,91.6,move_right
37.0,55.0,0.89,4.77,5.66,3,punch,94.3,block
100.0,100.0,4.37,4.62,9.0,0,jump,98.1,move_right
25.0,91.0,1.12,7.62,8.75,0,move_right,93.3,move_right
73.0,79.0,1.56,5.46,7.02,2,kick,94.8,idle
100.0,100.0,1.59,8.34,9.93,0,move_right,96.0,kick
55.0,64.0,0.98,6.59,7.57,1,kick,93.7,block
46.0,49.0,0.63,6.12,6.75,2,punch,92.8,block
16.0,25.0,0.14,8.51,8.37,4,move_left,86.2,idle
100.0,100.0,4.15,3.4,7.55,6,jump,97.9,idle
100.0,100.0,3.39,4.3,7.69,0,punch,97.9,move_right
4.0,34.0,0.21,6.6,6.39,2,move_left,93.4,idle
28.0,49.0,0.77,4.94,5.7,0,block,94.4,kick
31.0,61.0,1.02,6.1,7.12,2,kick,92.2,block
49.0,82.0,0.12,5.61,5.73,3,idle,96.5,idle
61.0,64.0,0.68,7.71,8.39,3,idle,94.2,idle
76.0,82.0,1.36,6.42,7.78,2,jump,95.0,idle
100.0,100.0,5.0,2.9,7.9,0,idle,98.6,jump
49.0,82.0,0.72,7.18,7.9,2,punch,92.7,block
94.0,91.0,1.46,3.25,4.71,2,punch,98.5,idle
70.0,49.0,1.42,7.74,9.16,0,block,91.6,punch
31.0,34.0,1.06,3.56,4.62,0,punch,93.1,block
58.0,52.0,0.21,6.7,6.49,3,punch,91.0,block
1.0,73.0,0.0,9.1,9.1,0,punch,90.8,jump
100.0,100.0,3.69,3.41,7.1,0,move_left,98.0,move_right
100.0,100.0,3.79,4.07,7.87,0,move_left,98.8,move_right
43.0,79.0,0.88,7.78,6.9,1,jump,91.3,move_right
16.0,67.0,0.9,8.5,9.4,0,block,90.9,move_right
82.0,91.0,1.4,7.01,8.41,1,special,95.9,idle
100.0,100.0,5.17,4.63,9.81,0,jump,98.7,move_right
100.0,100.0,1.81,6.54,8.35,0,kick,97.8,move_right
43.0,82.0,0.68,5.97,6.64,0,kick,93.3,block
55.0,73.0,0.83,7.07,7.9,1,punch,93.5,block
40.0,55.0,1.3,8.7,10.0,0,punch,91.9,block
100.0,100.0,0.42,5.02,5.44,0,jump,97.2,block
100.0,100.0,3.0,5.72,8.72,0,move_right,97.0,move_right
7.0,58.0,0.56,8.57,9.13,0,move_right,89.3,move_right
43.0,88.0,1.28,4.71,5.99,3,idle,95.3,idle
43.0,58.0,0.6,6.91,7.5,0,kick,91.2,block
31.0,40.0,0.45,8.11,8.56,2,jump,90.6,idle
100.0,76.0,0.16,7.91,8.07,0,move_left,93.0,punch
100.0,100.0,2.24,7.76,10.0,0,block,94.3,move_right
58.0,88.0,1.62,7.0,8.62,1,move_right,93.9,idle
76.0,82.0,2.16,4.9,7.06,1,move_right,94.1,idle
94.0,73.0,0.4,6.8,7.2,4,punch,95.9,block
94.0,94.0,1.35,6.31,7.66,1,punch,97.2,idle
34.0,22.0,1.12,5.21,6.34,2,move_right,91.9,idle
10.0,52.0,0.2,9.4,9.6,0,punch,89.4,block
85.0,67.0,1.52,8.48,10.0,1,block,93.3,idle
76.0,76.0,0.76,4.78,5.54,2,kick,94.1,block
40.0,49.0,1.56,5.91,7.47,3,kick,93.8,idle
100.0,100.0,3.1,4.52,7.62,0,move_right,97.1,jump
76.0,91.0,1.04,7.51,8.54,1,move_right,94.5,kick
40.0,37.0,0.1,8.6,8.5,2,move_right,91.2,idle
70.0,76.0,1.1,5.71,6.81,0,punch,97.0,block
100.0,100.0,2.98,4.69,7.67,0,move_right,98.5,move_right
58.0,61.0,0.84,6.11,6.96,1,move_left,91.5,idle
52.0,61.0,1.23,5.82,7.05,0,kick,94.1,block
25.0,49.0,0.24,5.62,5.38,1,move_left,91.6,idle
100.0,100.0,3.74,6.26,10.0,0,punch,98.1,move_right
55.0,49.0,2.19,4.38,6.56,2,idle,94.8,idle
91.0,82.0,1.82,5.39,7.2,0,jump,95.5,jump
70.0,70.0,0.6,8.5,9.1,6,move_right,93.4,idle
67.0,58.0,0.9,6.91,7.8,3,move_left,91.6,idle
61.0,58.0,1.24,8.54,7.3,0,jump,92.2,kick
100.0,100.0,3.58,5.5,9.07,0,kick,98.6,move_right
10.0,46.0,0.3,5.24,4.94,1,move_right,87.7,idle
1.0,67.0,0.27,7.17,6.9,0,kick,91.4,jump
100.0,100.0,5.68,2.49,8.17,0,punch,98.5,move_right
100.0,100.0,2.56,5.81,8.37,0,idle,95.8,move_right
1.0,88.0,0.08,5.31,5.39,0,kick,93.7,block
64.0,67.0,1.43,7.36,8.79,3,punch,94.3,idle
55.0,70.0,1.54,6.44,7.98,1,punch,91.8,idle
79.0,85.0,0.39,6.7,7.09,1,punch,93.7,block
70.0,73.0,1.02,8.2,9.22,1,block,93.4,special
76.0,100.0,1.88,5.97,7.84,0,move_right,96.3,jump
43.0,52.0,0.15,3.87,3.72,1,punch,95.5,block
88.0,82.0,1.29,6.81,8.1,0,kick,97.1,block
19.0,40.0,1.17,8.17,7.0,1,idle,89.4,idle
40.0,73.0,0.42,5.32,5.74,1,punch,95.1,block
7.0,82.0,0.27,5.64,5.91,0,idle,92.2,move_right
49.0,64.0,0.3,8.5,8.8,1,idle,92.5,idle
100.0,100.0,2.48,5.37,7.84,0,idle,96.9,move_right
52.0,82.0,0.57,5.94,6.51,3,punch,94.7,block
100.0,88.0,1.09,6.28,7.37,2,punch,97.0,block
52.0,76.0,1.47,6.69,8.17,3,move_right,93.9,idle
58.0,76.0,0.28,3.68,3.96,0,punch,94.5,jump
73.0,73.0,0.72,6.14,6.86,6,special,96.9,block
28.0,25.0,0.67,8.43,9.1,0,kick,89.3,jump
49.0,73.0,1.03,8.46,9.49,3,move_left,94.6,idle
55.0,64.0,0.24,5.62,5.38,1,jump,93.4,idle
22.0,73.0,0.62,4.67,5.29,2,move_left,91.7,idle
37.0,79.0,1.04,5.19,6.22,0,move_left,95.1,punch
100.0,100.0,8.52,0.74,9.25,0,jump,98.7,move_right
91.0,94.0,1.89,6.4,8.29,0,punch,95.0,move_right
100.0,82.0,1.36,7.74,9.1,0,move_left,93.8,block
10.0,73.0,0.09,5.31,5.4,0,idle,90.9,move_right
34.0,4.0,0.54,7.82,7.28,2,move_left,87.9,jump
22.0,52.0,0.31,7.46,7.15,0,jump,90.9,move_left
100.0,100.0,1.92,6.3,8.22,0,jump,97.8,jump
100.0,100.0,1.85,7.55,9.4,0,kick,97.4,jump
100.0,100.0,1.89,3.75,5.64,0,move_left,98.2,move_right
13.0,19.0,1.32,7.3,8.62,3,punch,88.3,idle
100.0,100.0,2.34,4.91,7.26,0,punch,98.0,jump
28.0,40.0,1.17,8.17,7.0,3,jump,89.6,idle
100.0,100.0,1.9,5.39,7.29,0,idle,95.9,move_right
37.0,55.0,0.85,5.87,6.72,5,punch,89.5,block
70.0,73.0,0.72,8.15,8.87,6,punch,96.7,block
10.0,55.0,0.49,6.04,6.54,0,move_left,93.4,move_right
40.0,67.0,0.93,5.37,6.3,2,punch,94.6,block
100.0,100.0,3.14,6.86,10.0,0,idle,97.9,kick
100.0,100.0,3.71,4.79,8.5,2,move_right,97.9,idle
40.0,64.0,0.72,4.91,5.64,1,block,92.9,idle
94.0,82.0,0.58,6.32,6.89,1,punch,96.9,block
94.0,91.0,0.5,8.9,9.4,0,punch,94.5,block
70.0,85.0,1.08,7.24,8.32,0,punch,95.4,jump
94.0,85.0,1.72,6.24,7.96,0,idle,95.2,move_right
61.0,100.0,0.94,6.44,7.38,0,punch,94.2,block
10.0,52.0,0.3,8.5,8.8,0,kick,90.6,block
25.0,37.0,0.52,6.62,7.14,2,jump,90.5,idle
10.0,7.0,0.02,4.04,4.02,2,jump,91.9,idle
40.0,70.0,1.16,6.67,7.84,0,move_right,92.9,punch
79.0,91.0,1.56,5.31,6.87,0,kick,97.2,punch
70.0,49.0,1.42,7.74,9.16,0,kick,91.7,jump
100.0,94.0,1.38,3.94,5.32,2,idle,98.8,idle
85.0,43.0,0.68,8.42,9.1,2,kick,92.6,block
67.0,82.0,0.01,4.77,4.76,3,block,95.9,idle
94.0,100.0,1.49,7.76,9.25,0,punch,96.2,block
31.0,88.0,0.98,7.08,8.05,0,punch,96.5,block
100.0,100.0,3.42,3.98,7.4,0,idle,98.9,move_right
31.0,76.0,0.23,7.03,7.26,2,punch,92.0,block
31.0,58.0,0.52,5.16,5.68,3,idle,94.3,idle
100.0,100.0,2.3,5.6,7.89,0,jump,98.8,jump
100.0,100.0,0.8,4.62,5.42,0,idle,98.5,block
100.0,100.0,1.93,7.72,9.64,0,block,95.9,jump
100.0,100.0,2.34,6.74,9.08,0,idle,97.7,move_right
100.0,100.0,4.76,4.94,9.7,0,idle,97.0,move_right
100.0,94.0,0.67,8.13,8.8,0,move_left,95.9,block
46.0,76.0,0.66,7.88,7.22,0,move_right,93.3,punch
100.0,100.0,4.52,4.73,9.25,0,kick,98.6,move_right
100.0,100.0,1.43,7.06,8.49,0,jump,97.7,kick
10.0,61.0,0.8,9.2,10.0,0,jump,91.6,move_right
37.0,70.0,0.99,4.37,5.36,0,kick,95.3,block
100.0,100.0,1.45,3.47,4.92,0,special,97.6,block
28.0,31.0,0.32,4.04,3.72,0,block,93.3,punch
40.0,67.0,0.93,5.37,6.3,3,idle,94.1,idle
16.0,85.0,0.03,6.05,6.08,0,idle,92.0,move_right
7.0,58.0,0.27,6.99,7.27,0,move_right,90.2,move_right
76.0,100.0,2.14,5.24,7.38,0,move_right,96.1,jump
16.0,55.0,0.0,4.94,4.94,0,idle,88.9,move_right
85.0,64.0,1.22,5.99,7.2,0,kick,92.2,block
61.0,76.0,1.31,7.49,8.8,3,jump,95.0,idle
43.0,34.0,1.89,5.88,7.76,6,punch,92.5,idle
64.0,94.0,1.02,4.44,5.46,3,jump,97.1,idle
46.0,28.0,1.12,5.21,6.34,2,idle,92.7,idle
16.0,22.0,1.28,4.7,5.98,0,jump,93.9,kick
100.0,100.0,5.04,3.42,8.45,0,jump,97.6,move_right
10.0,52.0,0.43,8.54,8.97,0,move_right,91.8,move_right
58.0,82.0,1.21,5.39,6.6,2,punch,94.3,idle
100.0,100.0,4.74,3.3,8.04,0,idle,99.0,move_right
31.0,46.0,0.83,5.49,6.32,0,move_left,91.8,block
100.0,100.0,2.72,5.94,8.66,0,kick,94.8,jump
94.0,70.0,0.95,4.53,5.48,3,block,96.2,idle
82.0,100.0,1.38,6.58,7.96,3,special,96.2,idle
16.0,61.0,0.16,8.48,8.63,0,jump,90.7,move_right
10.0,67.0,0.87,6.35,5.48,0,move_left,91.2,move_left
7.0,43.0,0.75,7.64,6.89,0,kick,90.8,block
34.0,40.0,0.88,8.52,9.4,3,punch,89.1,block
52.0,73.0,1.45,5.87,7.32,1,move_left,90.6,idle
100.0,100.0,3.24,5.48,8.72,0,move_right,98.4,move_right
31.0,85.0,1.23,5.15,6.38,2,jump,93.6,idle
61.0,58.0,0.49,7.71,8.2,2,kick,93.0,block
94.0,76.0,0.67,8.13,8.8,0,kick,94.4,block
94.0,85.0,1.81,7.14,8.95,2,idle,96.9,idle
76.0,82.0,0.16,7.67,7.51,0,punch,96.0,block
22.0,73.0,0.58,5.81,6.4,2,kick,93.9,block
91.0,79.0,1.14,7.01,8.14,0,move_left,95.8,punch
100.0,100.0,3.31,5.17,8.48,1,punch,97.4,idle
100.0,100.0,2.11,4.79,6.9,3,punch,97.0,idle
73.0,94.0,1.09,4.52,5.61,0,move_left,97.4,kick
7.0,73.0,0.12,6.54,6.66,0,move_right,92.2,move_right
22.0,10.0,0.11,4.05,4.16,1,move_left,88.9,idle
49.0,88.0,1.35,6.91,8.26,0,jump,95.9,special
100.0,100.0,1.87,7.23,9.1,0,punch,96.8,move_right
16.0,52.0,0.13,8.54,8.67,0,move_right,92.4,move_right
70.0,61.0,0.73,5.98,6.71,5,move_right,94.0,special
94.0,70.0,1.72,6.84,8.56,3,idle,93.9,idle
58.0,16.0,1.51,8.12,9.63,0,move_right,92.0,move_right
100.0,100.0,1.32,5.61,6.93,0,jump,97.9,special
100.0,82.0,1.35,3.87,5.22,6,jump,98.3,idle
100.0,100.0,6.08,0.3,6.38,0,idle,99.0,move_right
16.0,37.0,1.74,6.71,8.46,0,kick,86.6,move_right
67.0,22.0,0.96,7.82,8.78,3,jump,89.6,idle
4.0,28.0,0.43,4.94,4.5,0,punch,91.9,jump
91.0,100.0,1.14,8.56,9.7,5,kick,96.6,block
100.0,82.0,0.58,7.09,7.67,2,move_left,96.9,idle
79.0,73.0,1.32,8.2,9.52,0,move_right,93.7,punch
94.0,100.0,1.47,7.18,8.65,1,move_left,96.0,idle
100.0,100.0,4.88,3.37,8.25,1,punch,97.9,idle
28.0,25.0,1.59,5.55,7.14,1,kick,90.2,idle
88.0,79.0,1.75,4.67,6.42,0,punch,93.6,jump
61.0,64.0,1.44,3.4,4.84,5,punch,96.0,idle
19.0,4.0,0.12,5.21,5.34,3,move_right,89.5,idle
28.0,61.0,0.14,7.27,7.13,0,move_left,92.6,move_left
100.0,91.0,1.14,7.01,8.14,3,move_left,97.1,idle
73.0,100.0,1.53,4.63,6.16,0,move_left,97.0,special
28.0,40.0,0.99,5.55,6.54,0,idle,91.0,jump
100.0,100.0,7.42,0.62,8.04,0,idle,99.0,jump
100.0,100.0,6.84,1.62,8.45,0,punch,98.4,move_right
10.0,10.0,0.07,8.23,8.31,0,move_right,91.1,special
43.0,46.0,1.58,4.4,5.98,0,move_left,95.2,kick
19.0,52.0,0.22,6.67,6.45,0,special,92.2,block
67.0,67.0,1.23,5.37,6.6,2,idle,95.2,idle
100.0,100.0,2.07,4.97,7.04,0,punch,96.7,move_right
94.0,100.0,0.91,5.55,6.46,0,move_right,95.2,kick
52.0,61.0,1.4,6.91,8.31,6,block,90.3,idle
70.0,40.0,0.16,4.42,4.57,2,move_left,94.9,idle
64.0,76.0,0.68,6.28,6.97,0,idle,94.2,jump
100.0,100.0,4.88,4.41,9.29,0,move_left,98.5,move_right
100.0,100.0,2.22,2.81,5.04,0,punch,98.4,move_right
61.0,94.0,1.37,4.54,5.91,3,punch,96.0,idle
73.0,79.0,1.22,4.37,5.59,0,move_left,94.7,idle
34.0,28.0,1.37,7.32,8.7,0,move_left,91.4,punch
1.0,82.0,0.12,7.97,8.09,0,kick,93.3,block
40.0,61.0,2.0,7.05,9.05,2,move_right,91.7,idle
100.0,100.0,1.06,3.86,4.92,0,move_left,98.6,kick
91.0,100.0,1.05,5.67,6.72,1,idle,96.1,idle
79.0,37.0,0.64,4.43,5.07,0,block,93.7,block
31.0,43.0,0.44,8.66,9.1,1,idle,90.2,idle
55.0,64.0,0.98,6.59,7.57,2,idle,93.8,idle
43.0,52.0,1.33,4.2,5.53,3,punch,94.0,idle
73.0,94.0,0.62,8.18,8.8,0,idle,94.7,kick
13.0,25.0,1.32,7.3,8.62,0,block,88.4,punch
43.0,76.0,0.03,4.63,4.66,6,jump,95.5,kick
61.0,49.0,0.46,3.86,4.32,0,jump,94.8,punch
88.0,94.0,1.2,4.34,5.54,0,move_left,95.9,move_left
91.0,91.0,1.52,4.07,5.59,0,block,96.4,block
70.0,76.0,1.36,7.58,8.93,2,kick,95.1,jump
100.0,100.0,2.44,6.69,9.13,0,jump,96.0,move_right
91.0,70.0,1.22,5.99,7.2,3,kick,94.3,idle
82.0,94.0,1.04,8.66,9.7,0,move_left,92.8,special
28.0,13.0,1.22,7.09,5.87,0,idle,90.5,kick
88.0,67.0,1.78,8.2,9.97,1,kick,95.9,idle
73.0,43.0,0.82,4.91,5.74,1,move_left,95.9,idle
13.0,13.0,1.34,3.28,1.94,0,jump,87.0,kick
100.0,91.0,1.28,5.11,6.39,2,jump,97.7,idle
100.0,100.0,6.46,3.38,9.83,0,special,98.7,move_right
100.0,100.0,3.05,5.45,8.5,0,kick,97.9,move_right
100.0,100.0,3.74,6.26,10.0,0,move_right,97.1,special
100.0,100.0,4.58,2.99,7.57,0,move_right,98.5,jump
100.0,100.0,1.35,6.81,8.15,0,block,96.7,punch
10.0,37.0,1.43,5.2,6.64,0,kick,91.9,block
100.0,82.0,1.12,7.13,8.26,1,jump,95.9,idle
13.0,19.0,0.64,8.54,7.9,6,punch,89.9,block
55.0,88.0,1.36,4.87,6.23,2,jump,97.2,idle
70.0,52.0,1.1,7.22,8.32,2,move_right,94.7,idle
55.0,28.0,1.33,7.73,9.06,3,move_right,92.0,idle
7.0,55.0,0.27,5.98,6.25,0,punch,90.1,block
88.0,91.0,0.88,3.68,4.56,0,jump,97.2,jump
10.0,73.0,0.19,8.26,8.44,0,punch,90.7,idle
64.0,73.0,1.34,7.36,8.7,5,special,96.6,idle
82.0,100.0,1.04,5.19,6.22,1,jump,96.9,idle
55.0,58.0,0.77,4.94,5.7,0,special,95.8,jump
46.0,73.0,1.64,7.66,9.3,2,idle,94.1,idle
85.0,79.0,0.84,7.01,7.84,1,punch,95.5,block
88.0,94.0,1.49,4.77,6.26,0,idle,98.0,punch
43.0,73.0,0.68,5.97,6.64,0,idle,92.8,kick
100.0,100.0,2.45,6.05,8.5,0,kick,97.7,move_right
40.0,61.0,1.7,6.75,8.45,2,move_right,92.5,idle
91.0,91.0,0.74,8.36,9.1,2,kick,95.7,block
4.0,7.0,1.05,3.57,4.62,0,move_left,91.6,special
28.0,49.0,1.07,4.94,6.0,2,move_right,94.2,idle
100.0,100.0,4.48,2.59,7.07,0,jump,98.9,move_right
100.0,100.0,2.72,6.98,9.7,0,punch,97.3,move_right
94.0,91.0,1.1,8.6,9.7,3,idle,94.8,idle
64.0,73.0,0.12,4.91,5.04,3,jump,94.4,idle
70.0,94.0,0.92,7.78,8.7,3,punch,94.7,block
100.0,100.0,3.02,6.68,9.7,0,move_left,97.4,move_right
100.0,91.0,1.44,6.71,8.14,1,punch,97.5,idle
55.0,52.0,0.52,7.22,7.74,0,move_left,90.9,punch
100.0,100.0,5.41,3.45,8.86,0,idle,98.0,move_right
94.0,85.0,1.41,4.55,5.95,2,idle,95.9,idle
100.0,100.0,1.6,5.99,7.59,5,move_right,95.3,idle
82.0,82.0,0.55,6.01,6.56,1,kick,96.6,block
25.0,37.0,0.44,8.66,9.1,0,idle,88.4,block
100.0,100.0,1.54,3.83,5.37,0,idle,99.0,punch
16.0,64.0,0.24,9.76,10.0,0,kick,90.4,block
100.0,100.0,1.89,5.5,7.39,1,move_right,96.3,idle
22.0,28.0,0.84,5.51,4.66,0,special,90.8,jump
100.0,100.0,6.37,3.63,10.0,0,kick,98.3,move_right
58.0,79.0,0.29,8.06,8.35,0,move_left,92.9,punch
40.0,46.0,0.6,8.5,9.1,6,kick,91.8,block
94.0,94.0,1.44,7.28,8.72,0,punch,97.2,block
46.0,73.0,1.34,8.56,9.9,4,kick,93.0,idle
100.0,100.0,1.37,7.33,8.7,0,punch,97.1,block
79.0,58.0,0.77,4.94,5.7,2,kick,96.1,block
100.0,100.0,4.23,2.7,6.92,0,move_left,97.8,jump
37.0,55.0,0.85,5.87,6.72,4,punch,89.4,block
100.0,100.0,2.24,5.71,7.94,0,jump,96.3,jump
19.0,43.0,0.44,7.62,7.18,5,move_left,91.3,idle
88.0,94.0,1.46,7.94,9.4,2,move_right,94.4,idle
4.0,52.0,0.43,5.1,5.53,0,move_right,92.5,move_right
64.0,64.0,0.28,6.32,6.59,3,punch,94.9,block
1.0,28.0,1.7,7.81,9.51,0,move_right,87.3,jump
100.0,100.0,2.19,5.4,7.59,0,block,98.6,jump
28.0,73.0,0.69,4.41,5.1,0,kick,92.9,block
79.0,76.0,0.64,8.84,8.2,3,idle,94.1,idle
25.0,31.0,1.39,8.61,10.0,0,idle,90.0,punch
100.0,85.0,1.33,6.28,7.61,3,move_right,96.8,jump
100.0,100.0,2.67,5.68,8.35,0,kick,98.0,move_right
70.0,61.0,0.5,7.22,7.72,1,jump,95.0,idle
100.0,100.0,4.78,0.68,5.46,0,idle,99.0,move_right
58.0,82.0,1.0,6.04,7.03,0,move_left,93.6,kick
85.0,100.0,1.4,3.91,5.31,0,move_right,96.5,punch
58.0,43.0,1.34,5.53,6.87,2,jump,94.4,idle
88.0,58.0,0.46,4.42,4.87,1,jump,96.4,idle
43.0,79.0,1.54,3.85,5.38,3,punch,94.8,idle
100.0,100.0,1.4,6.75,8.15,0,idle,96.3,punch
88.0,91.0,0.72,6.77,7.49,2,move_left,96.0,idle
100.0,100.0,7.67,2.21,9.88,5,move_right,98.4,idle
100.0,100.0,4.42,3.02,7.44,0,punch,97.9,move_right
49.0,67.0,1.29,6.41,7.7,3,special,93.8,idle
100.0,94.0,1.9,5.44,7.33,1,punch,96.8,punch
52.0,43.0,1.4,7.22,8.62,0,move_right,93.7,kick
79.0,70.0,1.73,4.9,6.64,0,idle,96.5,move_right
100.0,100.0,3.03,4.47,7.5,0,move_right,97.7,move_left
100.0,100.0,4.87,4.17,9.04,0,move_right,98.8,move_right
100.0,100.0,2.38,2.78,5.16,0,punch,97.9,move_right
85.0,85.0,1.03,8.32,9.34,2,move_left,95.0,idle
100.0,82.0,1.36,7.74,9.1,1,punch,93.0,idle
67.0,79.0,1.42,7.22,8.64,2,move_right,93.1,idle
43.0,76.0,0.91,7.44,8.35,1,punch,94.2,block
28.0,13.0,1.52,7.09,5.57,1,move_left,90.2,idle
34.0,73.0,0.18,5.61,5.43,0,punch,95.5,block
1.0,49.0,1.35,2.67,1.32,0,punch,91.6,block
88.0,94.0,1.29,6.38,7.67,2,punch,95.6,idle
94.0,91.0,2.09,3.39,5.48,3,move_right,97.7,idle
94.0,82.0,1.29,4.95,6.24,0,kick,95.7,block
100.0,100.0,1.63,5.27,6.91,0,punch,98.4,jump
52.0,64.0,0.08,5.71,5.79,2,kick,94.6,block
67.0,100.0,1.58,6.97,8.55,1,punch,94.3,idle
100.0,100.0,1.2,6.92,8.12,0,move_left,96.4,punch
34.0,67.0,1.37,7.93,9.3,0,kick,93.0,jump
22.0,55.0,0.01,5.07,5.06,0,move_left,93.7,move_left
100.0,100.0,4.64,5.36,10.0,0,move_right,95.2,move_right
43.0,70.0,1.35,7.21,8.56,0,idle,94.1,block
100.0,100.0,3.6,1.64,5.24,0,block,98.9,move_right
37.0,16.0,0.9,8.8,9.7,1,idle,91.3,idle
64.0,82.0,1.02,6.59,7.61,1,kick,96.1,block
70.0,61.0,1.32,7.22,8.54,0,punch,94.8,block
100.0,100.0,6.29,3.26,9.55,0,idle,98.6,move_right
79.0,55.0,0.59,5.55,4.96,1,jump,92.6,idle
100.0,94.0,0.96,5.46,6.42,1,jump,96.1,idle
61.0,43.0,0.8,7.22,8.02,3,punch,94.3,block
82.0,94.0,2.0,6.32,8.32,0,kick,97.4,move_left
73.0,76.0,0.25,6.01,6.26,0,punch,96.1,jump
85.0,67.0,1.33,6.53,7.86,3,jump,95.3,idle
100.0,100.0,2.04,7.02,9.05,0,jump,95.7,move_right
100.0,100.0,5.09,4.76,9.85,0,punch,97.7,move_right
100.0,100.0,6.77,2.52,9.3,0,idle,99.0,move_right
25.0,82.0,1.1,6.2,7.29,0,punch,95.8,block
10.0,67.0,0.26,4.56,4.82,0,punch,92.0,jump
100.0,82.0,1.8,5.41,7.2,1,punch,95.5,idle
58.0,76.0,1.26,5.2,6.46,0,move_left,93.2,punch
31.0,70.0,0.99,4.37,5.36,0,punch,95.2,block
100.0,100.0,4.55,3.95,8.5,0,jump,98.5,move_right
100.0,100.0,7.43,0.13,7.56,0,idle,99.0,jump
25.0,40.0,0.45,8.11,8.56,1,punch,90.5,block
100.0,100.0,6.84,1.92,8.75,0,move_right,98.3,move_right
37.0,31.0,0.62,7.09,6.47,2,idle,91.4,idle
73.0,82.0,1.02,4.91,5.94,3,idle,95.0,idle
40.0,34.0,1.44,4.3,5.74,0,block,92.5,special
100.0,76.0,1.25,8.15,9.4,3,block,95.8,idle
64.0,82.0,1.4,6.2,7.59,3,idle,97.4,idle
49.0,91.0,0.45,5.97,6.42,6,punch,91.5,block
100.0,100.0,1.86,6.52,8.38,0,punch,96.4,jump
52.0,49.0,0.32,8.48,8.8,1,move_left,90.8,idle
100.0,100.0,2.48,2.77,5.25,0,move_left,98.5,move_right
100.0,100.0,4.99,5.01,10.0,0,jump,97.1,move_right
52.0,85.0,0.96,7.88,6.92,0,move_left,94.0,jump
43.0,52.0,1.33,6.5,7.83,3,block,94.8,idle
52.0,73.0,1.2,5.44,6.64,3,punch,94.5,block
94.0,88.0,0.24,6.9,7.14,0,move_left,94.7,punch
100.0,100.0,4.85,2.71,7.56,0,idle,98.8,move_right
73.0,70.0,0.6,4.04,4.64,1,move_left,94.5,idle
82.0,100.0,1.05,5.67,6.72,1,idle,95.5,idle
100.0,100.0,4.14,4.32,8.45,0,punch,97.3,jump
43.0,55.0,0.68,7.41,8.09,0,punch,92.8,block
100.0,91.0,1.43,4.6,6.04,0,move_left,97.8,punch
31.0,52.0,1.39,6.28,7.67,0,jump,94.4,punch
100.0,100.0,1.07,4.71,5.78,0,move_left,97.7,punch
100.0,94.0,1.39,7.71,9.1,3,idle,95.7,idle
100.0,100.0,3.28,4.59,7.87,3,punch,97.7,idle
94.0,82.0,1.29,4.95,6.24,0,move_left,95.8,block
100.0,100.0,2.63,4.63,7.26,0,punch,97.1,move_right
100.0,94.0,1.83,4.05,5.88,0,punch,96.4,move_right
49.0,25.0,1.18,8.5,9.67,1,punch,92.4,block
1.0,55.0,0.04,6.53,6.49,0,jump,91.8,move_left
88.0,94.0,1.59,6.41,8.0,0,punch,95.9,kick
100.0,100.0,4.08,3.88,7.96,0,jump,98.6,move_right
73.0,58.0,0.99,4.95,5.94,0,block,93.9,kick
100.0,100.0,5.75,2.45,8.2,0,idle,99.0,move_right
91.0,76.0,2.41,5.35,7.76,3,kick,93.9,idle
100.0,100.0,4.58,1.5,6.08,0,block,98.6,move_right
55.0,67.0,0.66,6.9,6.24,2,kick,92.8,block
100.0,94.0,1.3,5.14,6.43,1,jump,97.8,idle
19.0,61.0,0.33,8.77,9.1,0,punch,91.0,block
7.0,31.0,1.03,7.07,8.11,0,move_right,90.1,punch
49.0,52.0,0.36,5.81,6.16,1,jump,92.9,block
100.0,100.0,3.97,5.73,9.7,0,move_left,98.7,move_right
70.0,88.0,1.31,7.49,8.8,1,idle,95.6,idle
100.0,100.0,4.8,3.1,7.9,0,idle,98.2,move_right
100.0,100.0,2.49,3.21,5.7,0,move_left,97.1,move_right
49.0,46.0,1.62,5.7,7.32,1,block,94.4,idle
52.0,82.0,0.44,8.36,8.8,3,jump,94.2,idle
100.0,100.0,7.95,1.76,9.71,0,punch,98.9,move_right
13.0,25.0,0.9,7.1,8.0,1,punch,91.0,block
100.0,100.0,2.23,7.34,9.57,0,jump,96.9,move_right
61.0,76.0,0.43,7.94,8.37,3,jump,94.4,idle
82.0,70.0,0.92,7.73,8.65,2,move_left,94.8,idle
61.0,79.0,0.03,6.27,6.3,3,move_right,92.2,punch
64.0,94.0,1.52,7.14,8.66,3,kick,92.7,idle
100.0,100.0,4.79,4.75,9.53,0,punch,97.4,move_right
91.0,94.0,1.78,7.6,9.38,0,move_right,95.5,move_right
49.0,46.0,1.43,5.49,6.92,5,idle,93.3,idle
10.0,67.0,0.34,5.16,4.82,0,move_left,91.4,move_left
61.0,52.0,1.12,7.22,8.34,2,block,91.3,idle
67.0,70.0,1.36,7.61,8.97,1,special,91.0,idle
82.0,67.0,1.07,7.02,8.1,3,idle,95.1,idle
28.0,64.0,1.17,5.87,7.04,0,move_left,91.2,move_right
16.0,58.0,0.0,9.4,9.4,0,punch,88.2,jump
100.0,100.0,4.77,1.67,6.44,0,idle,98.1,move_right
4.0,61.0,0.94,3.55,2.61,0,punch,93.0,block
100.0,94.0,1.69,7.41,9.1,1,kick,95.5,idle
100.0,100.0,2.34,6.12,8.45,0,move_right,96.3,move_right
58.0,49.0,0.92,8.48,9.4,1,special,91.2,block
100.0,100.0,7.32,1.49,8.82,0,idle,99.0,jump
43.0,34.0,0.1,6.91,6.81,2,move_left,93.9,idle
100.0,100.0,1.54,3.55,5.08,0,move_left,98.8,block
76.0,85.0,0.12,5.79,5.91,0,move_left,95.4,kick
100.0,82.0,1.32,4.6,5.92,2,punch,97.3,idle
34.0,67.0,0.76,8.04,8.8,0,kick,93.1,block
88.0,58.0,0.77,4.94,5.7,6,punch,96.5,block
61.0,70.0,1.83,6.3,8.12,0,move_right,94.0,move_right
46.0,73.0,0.45,4.17,3.72,2,move_left,95.4,idle
28.0,40.0,0.99,5.55,6.54,0,idle,90.9,kick
94.0,100.0,1.4,6.2,7.6,0,idle,96.5,punch
100.0,100.0,3.46,4.61,8.07,0,move_right,96.4,move_right
19.0,55.0,0.56,5.93,6.49,0,move_left,93.0,move_right
100.0,100.0,4.21,1.45,5.66,1,move_right,98.0,idle
19.0,64.0,0.05,6.31,6.26,0,move_left,93.4,move_left
13.0,10.0,1.23,7.5,8.72,3,idle,89.6,idle
34.0,46.0,0.38,7.22,6.84,3,move_left,89.6,idle
49.0,58.0,0.78,7.34,8.12,3,jump,93.6,idle
34.0,40.0,0.88,8.52,9.4,0,punch,89.2,kick
61.0,67.0,0.78,7.34,8.12,2,punch,94.4,jump
43.0,52.0,1.33,6.8,8.13,0,punch,94.3,block
22.0,34.0,1.08,7.34,8.42,0,kick,91.4,jump
100.0,100.0,4.62,3.14,7.76,0,idle,98.9,move_right
37.0,28.0,0.71,4.05,4.76,2,idle,90.7,idle
100.0,100.0,1.89,5.5,7.39,0,punch,96.2,jump
52.0,55.0,0.37,8.23,8.61,0,idle,94.0,special
19.0,67.0,0.03,4.63,4.66,0,idle,93.7,move_right
100.0,82.0,1.51,4.75,6.26,2,special,95.7,idle
88.0,91.0,0.58,3.68,4.26,0,idle,96.7,punch
88.0,94.0,1.15,5.17,6.32,1,jump,97.5,idle
67.0,67.0,1.5,7.4,8.9,2,kick,94.5,idle
73.0,88.0,0.69,4.37,5.06,2,special,96.3,block
37.0,67.0,1.55,8.45,10.0,3,move_right,95.0,block
4.0,22.0,0.82,5.42,4.6,2,move_right,93.8,idle
100.0,100.0,3.56,6.44,10.0,0,jump,96.4,move_right
49.0,82.0,0.42,5.61,6.03,0,kick,96.1,block
58.0,52.0,0.98,7.05,8.03,0,punch,93.4,jump
25.0,94.0,0.05,7.33,7.28,0,idle,92.6,move_left
94.0,85.0,1.53,8.47,10.0,0,move_right,93.8,kick
100.0,100.0,1.76,2.76,4.52,0,jump,97.8,move_right
94.0,85.0,0.56,8.54,9.1,2,kick,95.0,block
76.0,79.0,1.17,7.18,8.35,2,kick,94.8,block
76.0,85.0,1.03,6.77,7.81,0,move_left,95.6,punch
94.0,94.0,1.6,6.04,7.63,0,punch,95.8,punch
34.0,49.0,0.96,5.91,6.87,0,move_left,93.4,kick
76.0,58.0,1.18,4.04,5.22,0,idle,95.0,punch
34.0,73.0,0.72,3.94,3.22,0,block,95.6,kick
100.0,100.0,2.41,3.85,6.26,0,kick,96.7,move_right
100.0,94.0,1.74,6.6,8.34,0,punch,96.8,jump
100.0,100.0,5.48,2.47,7.95,0,block,98.6,jump
94.0,52.0,1.55,4.53,6.08,6,idle,95.6,idle
100.0,100.0,3.42,3.7,7.12,0,move_left,98.9,move_right
13.0,13.0,1.64,3.88,2.24,0,move_left,87.6,move_left
100.0,100.0,7.2,1.82,9.02,0,block,98.5,move_right
55.0,58.0,1.9,6.92,8.81,0,jump,93.5,jump
46.0,61.0,0.8,6.75,7.55,2,idle,92.9,idle
100.0,100.0,2.63,4.59,7.22,0,punch,97.0,move_right
10.0,64.0,0.2,6.5,6.3,0,punch,93.6,block
55.0,91.0,0.45,5.97,6.42,0,punch,91.8,jump
100.0,100.0,2.1,6.4,8.5,0,punch,96.6,jump
100.0,100.0,3.38,4.68,8.05,0,block,98.9,move_right
49.0,64.0,0.3,8.5,8.8,3,punch,92.7,block
100.0,100.0,2.76,4.0,6.76,1,punch,97.3,idle
25.0,13.0,0.13,4.56,4.43,0,kick,91.4,block
13.0,31.0,0.73,7.07,7.81,1,idle,90.5,idle
43.0,61.0,0.42,4.98,5.4,0,punch,94.0,block
73.0,76.0,1.2,7.1,8.3,1,idle,95.3,idle
79.0,82.0,2.2,7.0,9.2,0,punch,95.1,move_right
100.0,100.0,1.7,8.3,10.0,0,jump,95.9,move_right
70.0,100.0,0.08,6.27,6.34,2,move_left,94.2,special
16.0,73.0,0.11,7.96,7.84,0,punch,92.0,block
40.0,40.0,1.74,4.0,5.74,2,move_right,93.3,idle
91.0,82.0,0.58,7.09,7.67,3,block,96.6,idle
85.0,73.0,1.93,5.63,7.56,0,special,95.9,move_right
100.0,100.0,1.59,8.34,9.93,3,punch,95.9,idle
100.0,100.0,5.11,0.55,5.66,0,idle,98.9,move_right
100.0,94.0,1.53,5.15,6.68,0,idle,97.4,block
91.0,94.0,2.17,3.42,5.59,0,move_right,97.2,move_right
100.0,100.0,3.15,5.24,8.39,1,kick,97.6,idle
28.0,22.0,0.64,4.43,5.07,0,kick,92.2,block
7.0,46.0,0.88,6.32,7.19,1,kick,92.0,block
61.0,70.0,1.01,7.79,8.8,2,block,94.4,idle
79.0,82.0,1.6,6.7,8.3,2,jump,96.0,idle
100.0,100.0,1.76,3.97,5.73,2,move_right,97.1,jump
4.0,67.0,0.16,8.34,8.5,0,jump,90.6,move_right
100.0,100.0,1.4,8.6,10.0,0,move_right,95.3,punch
1.0,58.0,0.15,8.95,8.8,0,idle,89.5,move_left
67.0,100.0,0.98,5.18,6.16,0,move_left,97.6,kick
67.0,76.0,1.48,8.19,9.67,0,idle,91.7,block
100.0,100.0,3.19,6.51,9.7,0,block,96.5,move_right
100.0,100.0,6.5,2.81,9.31,0,special,98.5,move_right
70.0,94.0,1.29,6.38,7.67,0,kick,95.2,block
22.0,64.0,0.84,8.86,9.7,0,punch,91.4,jump
1.0,64.0,0.27,7.67,7.94,0,move_right,89.3,move_right
16.0,28.0,0.13,5.68,5.81,0,punch,91.7,jump
100.0,100.0,1.17,6.88,8.05,2,idle,97.3,idle
100.0,100.0,2.92,5.03,7.96,0,move_right,97.5,move_right
100.0,94.0,1.29,4.95,6.24,0,move_left,97.1,punch
100.0,100.0,6.64,1.34,7.98,0,kick,98.6,move_right
67.0,76.0,0.25,6.01,6.26,0,punch,95.9,jump
55.0,52.0,0.82,7.22,8.04,0,punch,91.0,block
100.0,100.0,2.52,6.39,8.91,0,move_right,96.1,jump
88.0,94.0,0.9,4.34,5.24,2,idle,96.5,idle
100.0,100.0,8.74,1.2,9.93,0,idle,99.0,move_right
40.0,91.0,0.41,4.39,4.8,0,jump,98.0,punch
100.0,100.0,6.79,2.91,9.7,1,punch,97.9,idle
25.0,22.0,0.13,8.33,8.46,0,move_left,89.3,punch
58.0,73.0,1.31,6.56,7.88,0,idle,93.2,kick
85.0,94.0,1.78,7.09,8.87,0,special,94.9,move_right
49.0,64.0,0.1,6.8,6.9,1,punch,94.6,block
10.0,16.0,1.51,7.99,9.5,3,move_right,90.7,idle
34.0,82.0,1.04,8.36,9.4,0,move_right,93.4,punch
49.0,67.0,0.78,7.34,8.12,0,jump,93.7,kick
25.0,43.0,0.74,8.66,9.4,0,punch,89.2,block
100.0,100.0,3.61,4.35,7.96,1,idle,97.0,idle
82.0,91.0,1.05,5.97,7.02,3,block,94.6,idle
91.0,82.0,1.52,4.79,6.3,0,kick,96.1,punch
100.0,100.0,4.04,5.96,10.0,0,move_right,98.2,move_right
100.0,100.0,2.0,3.61,5.61,1,idle,97.6,idle
100.0,100.0,3.91,1.45,5.36,0,move_left,98.6,special
94.0,100.0,1.02,7.48,8.5,6,move_left,95.2,idle
100.0,100.0,1.38,7.24,8.62,0,idle,96.8,block
94.0,88.0,0.84,8.54,9.38,3,punch,96.5,block
61.0,73.0,0.72,8.15,8.87,2,punch,96.3,block
91.0,100.0,1.51,6.54,8.05,3,kick,96.9,idle
100.0,100.0,4.27,1.32,5.59,0,jump,98.9,jump
61.0,22.0,0.94,4.43,5.37,3,special,92.9,block
52.0,46.0,0.77,7.32,8.1,3,move_right,92.4,idle
22.0,13.0,1.28,8.42,9.7,3,punch,90.2,idle
34.0,73.0,0.12,3.94,3.82,0,move_right,95.1,punch
52.0,37.0,0.62,7.09,6.47,3,special,91.9,block
100.0,100.0,3.73,5.92,9.64,6,move_left,97.1,idle
37.0,55.0,1.25,8.45,9.7,3,idle,94.0,idle
79.0,100.0,1.07,7.63,8.7,2,move_left,96.0,idle
100.0,100.0,3.03,6.37,9.4,5,punch,96.7,idle
70.0,61.0,1.62,7.82,9.44,0,special,94.0,move_right
31.0,7.0,0.1,8.6,8.5,6,kick,89.0,block
91.0,94.0,1.42,6.32,7.74,1,idle,96.0,idle
100.0,100.0,5.27,4.57,9.84,3,punch,98.7,idle
82.0,76.0,0.13,6.07,6.19,1,jump,95.9,idle
16.0,64.0,0.2,8.44,8.23,0,kick,89.1,block
100.0,100.0,1.37,4.26,5.63,0,idle,96.1,punch
16.0,64.0,0.72,8.19,8.91,0,kick,88.1,block
100.0,94.0,1.34,5.23,6.57,0,kick,97.7,block
28.0,28.0,1.53,7.5,9.02,0,kick,90.1,kick
43.0,64.0,1.18,7.69,8.87,3,idle,92.5,idle
100.0,100.0,5.02,2.42,7.44,0,kick,98.1,move_right
100.0,100.0,3.01,5.17,8.18,6,punch,97.1,idle
34.0,55.0,0.7,8.7,9.4,1,punch,91.3,block
10.0,82.0,0.05,6.35,6.4,0,jump,93.7,move_right
100.0,100.0,3.64,4.04,7.68,0,move_right,97.5,move_right
46.0,61.0,0.76,7.88,8.63,3,special,93.8,block
49.0,61.0,0.84,6.11,6.96,0,jump,91.1,block
16.0,37.0,1.14,6.71,7.86,2,kick,87.5,special
100.0,100.0,2.5,5.8,8.3,0,punch,97.8,jump
22.0,61.0,0.26,8.84,8.58,0,move_left,89.3,move_left
91.0,100.0,1.05,5.67,6.72,5,idle,96.5,idle
16.0,61.0,0.78,7.24,8.02,0,move_left,92.1,move_right
94.0,82.0,0.82,7.13,7.96,4,move_left,95.5,idle
7.0,73.0,0.12,5.62,5.74,0,punch,94.0,block
1.0,10.0,0.55,8.25,8.8,4,kick,87.5,block
100.0,94.0,2.68,7.29,9.97,2,jump,94.2,idle
4.0,61.0,0.94,3.55,2.61,0,kick,92.9,block
85.0,85.0,1.56,7.12,8.68,1,jump,94.9,idle
85.0,85.0,1.41,4.55,5.95,0,kick,95.5,jump
22.0,61.0,0.66,7.58,6.92,0,jump,91.2,move_left
94.0,94.0,1.74,6.98,8.72,0,move_right,97.4,jump
100.0,100.0,3.41,1.65,5.06,0,move_left,98.7,move_right
13.0,31.0,0.11,6.44,6.34,3,punch,90.9,block
61.0,55.0,0.48,8.32,8.8,2,kick,92.9,block
25.0,49.0,0.18,8.32,8.5,2,idle,90.7,idle
55.0,79.0,0.64,6.44,7.08,2,block,92.4,idle
22.0,85.0,1.23,5.45,6.68,0,punch,93.2,block
100.0,100.0,3.69,5.01,8.7,0,special,98.5,move_right
100.0,100.0,3.78,5.08,8.86,5,punch,97.4,idle
91.0,85.0,0.24,5.81,6.06,1,move_left,95.2,special
43.0,25.0,1.42,7.44,8.86,0,move_left,90.1,block
1.0,73.0,0.29,6.29,6.0,0,block,92.1,move_left
31.0,76.0,0.07,7.03,6.96,0,block,92.5,special
100.0,100.0,4.87,4.93,9.81,0,punch,98.6,move_right
100.0,94.0,1.89,4.65,6.54,0,kick,97.2,move_right
82.0,85.0,1.06,4.78,5.84,2,move_left,94.9,idle
100.0,82.0,1.5,5.41,6.9,3,kick,95.7,idle
82.0,55.0,1.25,8.15,9.4,0,move_left,94.3,punch
4.0,34.0,0.09,6.6,6.69,4,move_left,93.6,idle
70.0,49.0,2.02,7.14,9.16,1,move_right,92.0,idle
37.0,34.0,0.71,4.05,4.76,1,move_left,91.2,idle
13.0,25.0,1.03,6.8,7.83,2,special,92.4,block
43.0,70.0,1.65,6.91,8.56,3,move_right,95.5,idle
100.0,100.0,1.66,6.83,8.5,0,block,94.9,move_right
94.0,91.0,0.83,7.03,7.86,0,move_left,94.5,punch
52.0,82.0,1.3,6.04,7.33,0,punch,93.1,block
73.0,67.0,1.72,4.61,6.34,2,move_right,97.7,idle
85.0,94.0,1.78,7.09,8.87,0,idle,95.0,jump
91.0,82.0,1.5,5.71,7.2,0,kick,95.2,block
100.0,100.0,1.89,3.78,5.66,0,move_right,98.7,move_right
46.0,64.0,0.37,7.17,7.54,0,move_left,95.3,punch
100.0,100.0,2.87,3.51,6.38,0,punch,98.4,jump
16.0,25.0,0.82,7.43,8.26,6,kick,91.4,block
49.0,58.0,0.44,4.78,4.34,2,kick,91.7,block
16.0,43.0,1.44,6.41,7.86,1,punch,88.8,idle
55.0,28.0,1.93,7.43,9.36,0,special,91.5,move_right
100.0,100.0,6.83,2.53,9.36,0,punch,98.8,move_right
10.0,43.0,1.21,8.49,9.7,0,punch,88.5,block
100.0,100.0,3.37,6.13,9.51,0,idle,98.1,jump
100.0,100.0,4.0,3.59,7.59,6,block,97.5,idle
13.0,58.0,0.04,8.87,8.83,0,block,90.3,move_left
100.0,100.0,7.34,0.61,7.94,0,idle,99.0,move_right
100.0,94.0,0.59,8.81,9.4,2,kick,94.7,block
34.0,76.0,0.71,4.09,4.8,1,kick,96.4,block
88.0,100.0,1.46,7.94,9.4,0,jump,94.8,block
61.0,61.0,0.33,4.65,4.98,3,move_left,94.7,idle
4.0,10.0,1.33,7.7,9.03,0,punch,91.0,block
100.0,100.0,1.81,5.39,7.2,3,punch,96.1,idle
73.0,64.0,1.59,6.81,8.4,2,punch,95.8,idle
94.0,94.0,1.42,6.24,7.66,2,idle,96.1,idle
100.0,100.0,2.03,6.73,8.76,0,move_right,97.3,move_right
64.0,82.0,0.98,6.28,7.27,0,jump,94.6,punch
100.0,100.0,6.36,3.1,9.45,0,kick,98.0,jump
37.0,73.0,1.04,5.19,6.22,1,idle,94.8,idle
100.0,100.0,7.06,1.13,8.2,0,idle,99.0,move_right
28.0,43.0,0.49,5.82,6.31,0,move_right,91.5,punch
76.0,94.0,1.43,7.07,8.5,0,kick,95.6,jump
40.0,73.0,0.79,7.66,8.44,2,special,94.8,block
64.0,82.0,1.4,6.2,7.59,2,idle,97.3,idle
100.0,100.0,1.76,6.77,8.53,0,move_left,96.7,jump
10.0,49.0,0.52,6.06,6.58,0,jump,92.8,punch
4.0,37.0,0.79,5.74,6.54,2,move_right,91.6,idle
61.0,76.0,1.48,8.19,9.67,1,move_right,91.3,idle
100.0,100.0,1.33,6.28,7.61,0,kick,97.5,jump
40.0,52.0,0.61,8.36,7.75,3,idle,91.8,idle
79.0,64.0,0.47,4.26,4.73,3,jump,94.6,idle
100.0,94.0,2.04,6.3,8.34,0,kick,97.1,jump
10.0,19.0,1.59,5.55,7.14,1,idle,89.4,idle
100.0,100.0,4.89,4.14,9.03,0,punch,98.5,jump
13.0,58.0,0.55,5.71,6.26,2,punch,92.8,block
64.0,73.0,1.2,5.44,6.64,2,idle,95.3,idle
100.0,100.0,3.42,5.3,8.72,0,move_left,97.2,move_right
61.0,67.0,0.76,8.04,8.8,0,punch,93.3,jump
55.0,73.0,0.44,8.66,9.1,3,move_left,92.0,idle
100.0,100.0,5.79,2.18,7.97,0,idle,98.1,move_right
100.0,100.0,1.72,7.02,8.75,0,move_right,95.8,move_right
100.0,100.0,1.88,6.15,8.03,0,move_right,97.5,jump
64.0,76.0,1.32,6.59,7.91,1,move_right,95.1,idle
94.0,88.0,0.86,5.93,6.79,2,punch,96.2,block
70.0,88.0,1.6,6.32,7.91,4,punch,97.1,idle
40.0,31.0,1.04,4.78,3.74,0,jump,89.9,jump
100.0,100.0,4.28,5.31,9.59,0,move_right,98.1,move_right
19.0,49.0,0.55,5.87,6.42,1,jump,88.2,idle
46.0,61.0,1.17,7.18,8.35,2,punch,92.6,block
49.0,40.0,1.19,4.29,5.48,6,punch,94.3,block
79.0,85.0,0.29,7.76,8.05,2,punch,94.5,block
85.0,85.0,0.39,6.7,7.09,2,punch,94.2,block
79.0,94.0,0.8,4.62,5.42,2,idle,97.3,punch
94.0,67.0,1.29,6.3,7.59,6,idle,96.5,idle
28.0,49.0,0.77,4.94,5.7,0,move_left,94.0,kick
19.0,58.0,0.15,8.95,8.8,0,jump,90.2,move_left
37.0,64.0,0.53,6.77,7.3,3,special,92.2,block
43.0,79.0,1.5,8.5,10.0,0,move_right,90.9,special
64.0,79.0,0.88,7.39,8.27,0,idle,93.5,move_right
34.0,43.0,0.52,6.62,7.14,4,punch,91.1,block
1.0,64.0,0.18,9.09,8.91,0,block,86.9,move_left
22.0,37.0,1.48,7.69,9.17,2,punch,90.6,idle
31.0,58.0,1.64,5.19,6.82,1,move_right,93.8,idle
76.0,88.0,1.83,7.87,9.7,0,punch,93.5,move_right
88.0,94.0,0.62,8.18,8.8,3,move_left,95.1,idle
49.0,76.0,0.91,7.44,8.35,3,kick,94.4,block
76.0,79.0,0.42,8.19,8.61,3,kick,91.5,block
100.0,100.0,4.29,3.98,8.27,0,move_right,97.3,move_right
100.0,100.0,2.14,4.94,7.08,0,move_left,97.2,jump
100.0,100.0,2.22,6.58,8.8,0,kick,96.1,move_right
58.0,31.0,0.62,5.99,6.6,5,kick,90.1,block
4.0,28.0,0.73,4.94,4.2,3,punch,91.6,block
100.0,100.0,5.92,2.72,8.64,0,jump,98.5,move_right
10.0,7.0,0.02,4.04,4.02,4,punch,92.1,block
4.0,73.0,0.28,6.11,6.4,0,jump,92.9,move_right
100.0,100.0,7.67,2.21,9.88,4,idle,98.3,idle
34.0,52.0,1.07,8.53,9.6,2,idle,91.2,idle
4.0,70.0,0.11,7.79,7.9,0,jump,92.6,move_right
100.0,100.0,2.18,4.51,6.69,0,kick,98.1,move_right
55.0,67.0,1.55,8.15,9.7,1,idle,95.3,move_right
100.0,100.0,7.37,2.21,9.58,6,kick,98.5,idle
100.0,100.0,3.42,5.49,8.91,0,kick,96.4,move_right
37.0,61.0,1.4,8.6,10.0,3,move_right,92.6,idle
22.0,37.0,1.48,7.69,9.17,3,move_right,90.7,idle
55.0,49.0,1.29,7.11,8.4,1,jump,95.0,idle
100.0,100.0,2.46,4.0,6.46,3,punch,97.5,idle
100.0,100.0,3.28,4.89,8.17,6,move_right,97.2,idle
61.0,70.0,2.1,3.74,5.84,0,punch,93.5,jump
100.0,100.0,4.84,5.1,9.93,0,idle,97.3,jump
16.0,46.0,0.6,5.24,4.64,2,move_left,88.3,idle
25.0,82.0,0.27,5.94,6.21,0,move_left,94.1,move_right
43.0,22.0,0.36,7.82,8.18,0,move_left,88.9,punch
94.0,94.0,1.65,5.71,7.36,0,move_right,97.9,jump
100.0,100.0,5.75,1.25,7.0,0,move_left,98.6,move_right
4.0,40.0,0.61,9.39,10.0,1,move_right,88.5,idle
31.0,43.0,0.44,8.66,9.1,3,punch,89.6,block
91.0,100.0,0.75,6.81,7.55,2,kick,96.1,block
43.0,61.0,1.09,6.28,7.37,0,punch,95.2,block
100.0,100.0,3.6,4.4,8.0,0,punch,98.0,move_right
22.0,43.0,1.48,7.69,9.17,1,punch,91.1,idle
73.0,100.0,0.75,7.64,8.39,1,move_left,95.2,idle
100.0,100.0,1.32,4.61,5.94,3,idle,96.4,idle
100.0,100.0,2.3,3.31,5.61,0,idle,98.5,move_right
10.0,64.0,0.18,9.59,9.41,0,idle,92.3,jump
55.0,61.0,0.33,4.65,4.98,0,jump,93.9,punch
88.0,82.0,1.29,6.81,8.1,3,punch,97.4,idle
55.0,58.0,1.9,6.92,8.81,0,punch,93.4,move_right
85.0,67.0,1.52,8.48,10.0,2,idle,93.4,idle
100.0,100.0,3.61,4.35,7.96,2,special,97.1,idle
85.0,94.0,1.04,8.66,9.7,0,punch,93.7,jump
64.0,76.0,1.32,6.59,7.91,0,kick,95.0,block
64.0,85.0,1.34,7.51,8.84,0,move_right,93.2,kick
100.0,94.0,1.51,7.33,8.83,3,special,97.2,idle
100.0,100.0,3.58,5.5,9.08,0,move_right,97.0,move_right
37.0,67.0,1.04,5.19,6.22,3,punch,94.5,punch
88.0,82.0,0.91,7.52,8.43,3,kick,96.3,block
43.0,46.0,1.07,7.32,8.4,0,move_right,92.1,special
100.0,100.0,1.02,7.85,8.87,3,idle,97.7,idle
94.0,100.0,1.32,6.77,8.09,2,jump,96.4,idle
100.0,100.0,3.88,4.9,8.77,0,idle,99.0,move_right
94.0,91.0,0.82,4.86,5.68,2,move_left,97.7,idle
55.0,28.0,1.83,6.6,8.42,0,punch,91.7,move_right
10.0,73.0,0.08,9.62,9.7,0,kick,93.0,jump
100.0,100.0,4.28,5.01,9.29,0,move_right,98.2,move_right
46.0,73.0,0.12,8.19,8.31,0,punch,89.8,block
10.0,31.0,0.52,6.06,6.58,5,block,92.5,idle
70.0,85.0,1.15,5.17,6.32,3,special,97.3,block
100.0,100.0,2.4,3.74,6.14,0,block,98.1,jump
94.0,79.0,1.27,4.21,5.48,3,move_left,97.4,idle
100.0,100.0,1.32,4.61,5.94,0,punch,96.7,jump
52.0,91.0,0.82,7.62,8.45,0,kick,93.7,jump
7.0,58.0,0.04,9.17,9.13,0,idle,89.0,move_left
100.0,100.0,6.12,2.3,8.42,0,punch,98.8,move_right
31.0,67.0,0.78,6.58,7.36,3,move_left,92.9,idle
40.0,61.0,1.4,7.31,8.71,0,jump,93.6,kick
19.0,67.0,0.27,5.23,4.96,0,idle,93.2,move_left
100.0,100.0,7.17,2.34,9.51,0,punch,97.7,jump
100.0,91.0,1.2,7.3,8.5,3,idle,95.8,idle
79.0,31.0,0.89,5.55,4.66,5,kick,91.8,block
25.0,31.0,1.99,8.01,10.0,0,jump,90.3,move_right
37.0,88.0,0.79,4.22,5.01,0,move_left,95.9,punch
7.0,58.0,0.44,6.99,7.42,0,idle,92.4,move_right
19.0,58.0,0.15,8.95,8.8,0,kick,90.3,block
34.0,34.0,1.15,5.17,6.32,0,move_left,93.6,punch
52.0,43.0,1.42,7.74,9.16,2,jump,91.0,idle
22.0,61.0,1.47,6.0,7.47,1,punch,95.0,idle
61.0,73.0,1.45,5.87,7.32,3,idle,91.2,idle
43.0,70.0,1.35,7.21,8.56,1,idle,94.2,idle
100.0,100.0,3.22,3.84,7.06,0,kick,97.9,jump
31.0,49.0,0.78,7.34,8.12,1,punch,93.0,block
100.0,100.0,1.96,4.45,6.41,0,kick,97.1,move_right
22.0,55.0,0.27,4.65,4.38,0,kick,92.2,special
46.0,46.0,0.88,4.04,4.92,0,jump,94.1,punch
100.0,100.0,1.79,7.46,9.25,0,idle,96.4,move_right
82.0,73.0,1.1,7.01,8.11,6,punch,95.7,block
100.0,100.0,4.69,4.06,8.74,0,jump,98.5,jump
64.0,76.0,1.04,8.66,9.7,2,move_right,90.8,idle
61.0,82.0,0.57,5.94,6.51,0,punch,95.3,punch
49.0,67.0,1.23,5.37,6.6,6,idle,95.0,idle
100.0,100.0,8.07,0.54,8.61,0,punch,98.7,move_right
70.0,61.0,1.7,6.01,7.71,0,punch,95.8,jump
100.0,100.0,1.39,5.54,6.94,0,special,97.8,block
67.0,73.0,1.03,4.2,5.23,2,kick,96.1,block
34.0,49.0,0.75,2.67,1.92,0,move_right,92.4,special
100.0,100.0,6.42,3.58,10.0,0,jump,97.1,move_right
43.0,73.0,1.2,8.8,10.0,3,punch,93.5,idle
37.0,46.0,1.26,7.0,8.26,3,kick,88.4,idle
100.0,100.0,1.44,8.26,9.7,0,punch,97.3,jump
100.0,100.0,3.48,5.08,8.56,3,move_right,97.9,idle
31.0,70.0,0.79,5.44,6.24,1,kick,95.0,block
100.0,100.0,3.82,2.46,6.28,0,kick,98.9,jump
100.0,100.0,1.62,4.08,5.7,0,kick,98.2,jump
100.0,91.0,1.22,7.73,8.95,1,kick,96.9,idle
22.0,61.0,0.1,8.5,8.6,0,jump,90.7,move_right
100.0,100.0,2.08,4.99,7.07,0,punch,98.0,move_right
100.0,91.0,1.32,6.14,7.46,3,move_right,97.3,idle
1.0,37.0,0.87,4.65,3.78,1,block,91.2,idle
100.0,100.0,1.66,3.55,5.21,3,move_right,97.9,idle
73.0,82.0,0.52,7.43,7.96,0,move_left,93.5,block
43.0,85.0,1.8,8.2,10.0,6,move_right,92.1,idle
100.0,100.0,7.13,2.23,9.36,0,move_left,98.9,move_right
100.0,94.0,1.06,4.42,5.47,1,idle,97.9,idle
46.0,76.0,1.32,7.49,8.81,0,idle,94.4,punch
94.0,94.0,1.45,7.35,8.8,0,punch,97.2,block
34.0,46.0,1.7,7.95,9.65,0,move_right,89.8,move_right
16.0,34.0,1.34,8.66,10.0,2,special,88.3,idle
16.0,55.0,0.2,9.3,9.1,0,punch,90.7,block
91.0,94.0,1.42,6.32,7.74,3,idle,96.2,idle
100.0,100.0,4.88,1.2,6.08,0,kick,98.7,move_right
61.0,64.0,1.74,3.7,5.44,0,move_right,95.4,jump
100.0,100.0,2.08,7.0,9.07,0,move_right,97.8,move_right
100.0,91.0,1.06,4.78,5.84,0,move_left,96.0,punch
100.0,91.0,2.18,5.69,7.87,1,jump,97.0,idle
100.0,100.0,3.38,4.65,8.03,0,punch,98.1,move_right
100.0,100.0,4.59,1.67,6.26,0,jump,98.9,move_right
100.0,100.0,4.77,1.67,6.44,3,idle,98.4,idle
4.0,28.0,0.73,4.94,4.2,2,idle,91.5,idle
100.0,100.0,0.76,7.61,8.37,0,move_left,94.2,special
25.0,19.0,1.58,7.19,8.77,0,move_right,90.1,move_right
61.0,37.0,1.72,4.91,6.64,2,move_right,94.2,idle
55.0,85.0,1.28,3.67,4.95,0,kick,96.0,block
76.0,64.0,0.28,7.09,7.37,0,punch,94.9,block
100.0,100.0,8.06,1.94,10.0,0,move_right,98.4,jump
91.0,100.0,1.05,8.65,9.7,1,special,95.0,block
4.0,28.0,1.03,4.94,3.9,0,idle,91.3,kick
10.0,61.0,0.76,9.24,10.0,0,kick,87.4,block
55.0,67.0,1.92,4.3,6.22,0,move_right,94.9,move_right
79.0,88.0,0.15,4.17,4.32,0,kick,97.0,jump
16.0,61.0,0.16,8.48,8.63,0,jump,90.5,move_right
34.0,70.0,0.82,6.58,5.77,0,block,92.7,kick
91.0,55.0,1.55,8.15,9.7,2,kick,94.5,idle
40.0,64.0,0.23,6.43,6.66,5,punch,94.7,block
100.0,100.0,4.19,5.36,9.55,0,idle,97.4,move_right
40.0,55.0,0.33,4.65,4.98,0,jump,93.3,block
43.0,46.0,0.83,5.2,6.04,0,move_right,94.1,jump
100.0,100.0,5.73,1.17,6.9,0,jump,98.9,move_right
76.0,85.0,1.17,5.27,6.44,1,jump,94.7,idle
79.0,79.0,1.14,7.01,8.14,6,punch,95.3,block
100.0,100.0,3.43,6.52,9.94,0,special,96.3,move_right
28.0,64.0,0.04,7.27,7.24,0,move_left,91.9,move_left
76.0,79.0,0.04,4.27,4.23,1,special,95.3,block
100.0,100.0,2.05,5.41,7.46,0,jump,98.1,move_right
82.0,82.0,2.1,6.8,8.9,1,move_right,95.8,idle
67.0,22.0,0.96,7.82,8.78,0,jump,89.7,kick
88.0,82.0,1.12,7.13,8.26,1,kick,94.8,block
100.0,100.0,4.25,4.85,9.1,0,jump,98.3,move_right
100.0,100.0,1.46,3.36,4.82,0,move_left,97.5,kick
70.0,67.0,0.8,7.22,8.02,1,idle,95.4,idle
100.0,100.0,7.69,2.31,10.0,0,move_right,98.3,move_right
100.0,100.0,1.99,5.38,7.37,0,move_right,98.2,move_right
73.0,67.0,1.42,4.61,6.04,1,special,98.0,idle
100.0,100.0,5.75,4.25,10.0,0,jump,98.7,move_right
100.0,100.0,5.43,4.57,10.0,1,move_right,98.5,idle
94.0,91.0,2.09,3.69,5.78,0,kick,97.3,idle
100.0,100.0,2.19,3.18,5.36,0,idle,99.0,move_right
94.0,100.0,1.6,6.7,8.3,1,punch,97.0,idle
58.0,46.0,0.02,7.09,7.07,0,idle,93.4,kick
4.0,7.0,1.19,5.19,6.38,3,jump,91.3,idle
100.0,100.0,2.04,5.4,7.44,0,move_right,98.0,move_right
82.0,100.0,1.92,3.84,5.76,0,move_right,98.0,move_right
52.0,52.0,1.28,4.4,5.68,1,move_left,96.3,idle
19.0,73.0,1.44,8.56,10.0,0,move_right,92.4,move_right
16.0,61.0,0.14,8.78,8.63,0,idle,90.9,move_left
70.0,70.0,0.14,7.13,7.0,3,kick,93.0,block
22.0,61.0,0.36,6.98,6.62,0,idle,90.9,move_left
100.0,100.0,3.15,6.08,9.23,0,punch,97.2,jump
100.0,100.0,5.86,3.1,8.96,0,move_right,98.2,block
1.0,73.0,0.12,6.84,6.96,0,move_right,91.6,move_right
52.0,22.0,0.17,4.56,4.73,6,punch,92.5,block
19.0,76.0,1.23,8.47,9.7,1,punch,89.0,idle
100.0,88.0,1.18,7.89,9.07,3,jump,93.6,idle
58.0,67.0,1.23,8.47,9.7,0,move_right,92.5,punch
58.0,70.0,1.7,6.31,8.01,2,jump,92.0,move_left
91.0,76.0,1.86,7.52,9.38,0,move_right,93.8,idle
100.0,91.0,1.25,8.15,9.4,2,move_left,96.9,idle
100.0,100.0,2.86,5.21,8.07,0,special,96.2,jump
100.0,100.0,7.47,0.69,8.17,0,idle,98.9,move_right
82.0,73.0,1.18,4.04,5.22,3,move_left,96.3,idle
100.0,100.0,1.04,7.51,8.54,3,kick,95.1,block
76.0,82.0,1.86,4.9,6.76,2,jump,94.2,idle
70.0,70.0,0.6,8.5,9.1,1,move_left,93.6,idle
58.0,67.0,0.52,7.43,7.96,2,move_left,92.8,idle
100.0,100.0,1.59,8.34,9.93,1,move_right,96.6,idle
100.0,100.0,6.48,3.04,9.52,0,punch,98.4,move_right
91.0,100.0,1.36,7.3,8.66,0,punch,95.7,block
82.0,100.0,1.65,7.64,9.29,0,move_right,96.0,jump
34.0,37.0,0.8,7.81,8.61,0,punch,88.1,block
10.0,10.0,0.37,8.23,8.61,6,move_right,91.0,idle
52.0,82.0,1.29,6.38,7.67,2,idle,94.5,idle
40.0,7.0,0.1,8.6,8.5,2,kick,89.1,special
58.0,52.0,0.98,7.05,8.03,3,punch,93.7,block
100.0,100.0,2.84,5.56,8.4,0,move_right,98.5,move_right
10.0,67.0,0.57,5.75,5.18,0,jump,91.0,move_left
94.0,85.0,1.41,4.55,5.95,1,punch,95.8,idle
70.0,40.0,0.16,4.42,4.57,0,block,94.7,special
25.0,55.0,0.99,8.27,9.27,1,kick,94.0,block
10.0,37.0,1.43,5.2,6.64,0,punch,92.0,jump
46.0,43.0,0.33,6.12,6.45,2,jump,92.4,idle
100.0,100.0,3.49,4.37,7.87,0,idle,98.7,move_right
85.0,58.0,0.69,6.6,7.29,0,idle,95.5,punch
52.0,70.0,1.03,7.07,8.11,3,move_left,94.0,idle
94.0,91.0,1.12,4.86,5.98,3,punch,97.8,block
46.0,76.0,0.96,7.88,6.92,1,punch,93.5,block
85.0,82.0,1.65,7.58,9.23,1,punch,95.1,idle
100.0,100.0,5.74,2.19,7.93,0,move_left,98.1,move_right
85.0,67.0,1.08,8.32,9.4,0,idle,94.1,block
100.0,100.0,2.8,4.79,7.59,0,special,96.3,move_left
52.0,58.0,1.5,5.74,7.24,2,kick,93.4,idle
52.0,58.0,1.58,4.4,5.98,1,kick,96.7,idle
10.0,64.0,0.1,8.14,8.23,0,punch,88.8,block
34.0,76.0,0.71,4.09,4.8,2,idle,96.5,idle
22.0,55.0,0.59,4.77,5.36,0,block,93.8,move_right
34.0,52.0,1.07,8.53,9.6,0,punch,91.0,block
91.0,85.0,1.22,7.01,8.23,3,kick,96.0,idle
13.0,31.0,1.5,7.1,8.6,1,idle,91.4,idle
94.0,73.0,1.53,5.82,7.35,5,kick,96.6,idle
73.0,94.0,1.59,4.37,5.96,0,kick,97.2,special
100.0,100.0,2.68,6.1,8.77,0,idle,98.4,move_right
7.0,58.0,0.74,6.69,7.42,0,move_left,92.6,move_right
40.0,55.0,0.03,4.65,4.68,3,move_left,93.1,idle
76.0,46.0,1.57,8.13,9.7,0,special,92.6,kick
94.0,88.0,1.27,3.61,4.88,3,punch,98.0,idle
100.0,73.0,1.58,5.71,7.29,2,move_right,96.3,idle
61.0,94.0,0.32,7.78,8.1,0,kick,93.8,block
94.0,91.0,1.63,7.56,9.19,2,move_right,97.3,idle
31.0,64.0,1.22,7.31,8.53,3,idle,92.8,idle
100.0,100.0,0.8,4.62,5.42,2,move_right,98.8,idle
100.0,100.0,2.48,4.48,6.97,0,punch,98.2,move_right
100.0,85.0,1.74,7.01,8.74,3,move_right,96.7,idle
100.0,100.0,7.95,1.76,9.71,0,idle,99.0,jump
67.0,43.0,1.26,7.82,9.08,2,punch,91.3,idle
100.0,100.0,1.76,7.64,9.4,0,move_left,95.9,move_right
52.0,43.0,1.42,7.74,9.16,1,special,91.3,idle
100.0,100.0,1.29,6.81,8.1,0,move_left,97.8,special
34.0,58.0,0.3,7.3,7.6,0,jump,92.8,punch
34.0,31.0,0.0,7.21,7.2,0,jump,89.1,punch
76.0,94.0,1.53,5.15,6.68,3,special,97.1,idle
73.0,76.0,0.6,7.3,7.9,3,punch,94.5,block
52.0,70.0,0.14,7.13,7.0,3,idle,91.3,idle
43.0,34.0,0.1,6.91,6.81,0,move_left,93.3,block
88.0,94.0,0.92,8.18,9.1,5,move_left,95.3,idle
46.0,100.0,0.72,5.69,6.42,0,punch,95.0,jump
55.0,88.0,1.66,4.87,6.53,2,jump,96.5,idle
16.0,37.0,1.14,6.71,7.86,3,punch,87.1,move_left
82.0,94.0,1.32,7.89,9.21,3,special,94.0,idle
31.0,61.0,1.52,8.34,9.86,2,kick,88.5,idle
73.0,67.0,1.06,3.86,4.92,4,move_right,97.2,idle
10.0,40.0,0.9,8.5,7.6,3,block,89.8,idle
49.0,67.0,0.9,8.5,9.4,2,kick,91.7,block
100.0,100.0,3.57,3.84,7.41,0,idle,98.2,move_right
100.0,73.0,1.62,7.6,9.22,0,idle,95.2,move_right
100.0,100.0,3.44,6.26,9.7,3,idle,96.2,idle
100.0,94.0,1.82,7.88,9.7,0,move_right,96.5,block
94.0,73.0,1.02,7.22,8.24,5,punch,96.7,block
22.0,40.0,0.73,7.07,7.81,0,idle,90.8,kick
52.0,40.0,0.99,5.55,6.54,2,move_left,91.8,idle
31.0,25.0,0.1,6.91,6.81,2,move_right,92.8,idle
25.0,49.0,0.18,8.32,8.5,0,move_right,91.4,kick
40.0,73.0,0.12,5.61,5.73,2,move_right,95.7,idle
28.0,73.0,0.39,4.41,4.8,0,move_left,92.8,move_right
43.0,64.0,0.98,7.41,8.39,0,move_left,93.3,kick
31.0,76.0,0.23,7.03,7.26,6,move_right,92.4,idle
31.0,58.0,0.23,7.03,7.26,2,block,91.3,idle
52.0,85.0,0.74,7.51,8.24,3,move_left,92.7,idle
61.0,82.0,0.57,5.94,6.51,1,jump,95.0,idle
19.0,61.0,0.14,7.62,7.48,0,jump,91.5,special
43.0,34.0,0.1,6.91,6.81,2,block,93.5,idle
70.0,37.0,0.32,5.99,6.3,2,idle,90.9,idle
100.0,100.0,8.37,0.54,8.91,0,idle,99.0,jump
79.0,100.0,1.1,6.5,7.6,0,move_right,95.8,punch
7.0,13.0,1.13,7.66,8.79,2,punch,89.9,block
100.0,100.0,1.46,3.97,5.43,0,block,97.3,kick
43.0,61.0,1.36,8.51,9.87,2,move_right,88.7,idle
100.0,100.0,2.97,5.38,8.35,0,jump,98.6,jump
100.0,94.0,1.5,6.92,8.42,2,move_right,96.2,idle
28.0,64.0,0.56,6.97,7.54,0,move_right,92.0,move_right
100.0,100.0,2.84,3.99,6.82,0,punch,97.8,move_right
46.0,37.0,0.73,5.47,6.19,0,move_left,92.5,punch
46.0,52.0,1.28,6.59,7.87,0,idle,92.5,kick
28.0,61.0,0.46,8.78,9.23,0,move_right,92.2,move_right
91.0,76.0,1.81,6.25,8.06,0,special,91.9,move_right
100.0,100.0,1.29,8.34,9.63,3,move_left,96.8,idle
100.0,94.0,1.59,6.1,7.69,3,kick,95.4,idle
88.0,91.0,1.09,6.14,7.24,0,move_left,96.4,special
100.0,94.0,1.2,4.34,5.54,3,jump,97.4,idle
1.0,55.0,0.0,9.7,9.7,0,idle,88.8,move_right
100.0,100.0,4.51,3.84,8.35,0,move_left,97.9,move_right
1.0,64.0,0.12,9.09,9.21,0,idle,87.1,move_right
100.0,100.0,2.24,4.29,6.52,0,move_left,97.7,move_right
7.0,61.0,0.0,9.7,9.7,0,jump,89.4,move_left
28.0,73.0,0.99,4.11,5.1,0,idle,93.0,move_right
61.0,76.0,1.61,7.49,9.1,1,kick,94.8,idle
1.0,37.0,0.74,8.66,9.4,0,punch,87.5,block
52.0,79.0,1.21,6.54,7.75,2,punch,94.6,idle
16.0,88.0,0.68,5.01,5.69,0,punch,94.1,block
100.0,100.0,2.76,3.4,6.16,0,move_left,98.7,move_right
73.0,76.0,0.26,4.56,4.82,2,move_left,95.0,idle
7.0,40.0,0.05,5.87,5.82,1,jump,86.6,idle
43.0,52.0,1.06,8.51,9.57,0,block,88.1,special
28.0,61.0,0.16,9.08,9.23,0,idle,92.1,move_right
55.0,61.0,1.32,6.1,7.42,2,punch,92.9,idle
55.0,31.0,1.57,8.43,10.0,0,punch,90.9,kick
19.0,55.0,0.47,4.41,4.88,0,move_right,92.9,move_right
43.0,85.0,0.92,7.44,8.36,0,punch,91.2,block
58.0,70.0,0.83,5.49,6.32,2,kick,94.2,block
100.0,100.0,2.16,4.0,6.16,0,idle,98.0,jump
100.0,100.0,1.69,5.98,7.67,0,move_right,98.0,move_right
100.0,100.0,3.75,5.48,9.23,0,move_right,97.6,move_right
100.0,100.0,2.39,6.86,9.25,0,punch,96.7,move_right
91.0,82.0,1.82,5.39,7.2,0,jump,95.4,move_left
55.0,88.0,1.09,4.22,5.31,0,kick,96.2,block
34.0,73.0,0.72,3.94,3.22,3,jump,95.5,idle
100.0,100.0,2.07,5.04,7.11,0,punch,97.7,move_right
100.0,100.0,1.99,6.17,8.17,0,kick,97.7,move_right
7.0,58.0,0.0,9.4,9.4,0,move_right,87.4,move_right
55.0,64.0,0.89,4.29,5.18,3,jump,94.9,idle
100.0,91.0,1.85,5.45,7.3,0,move_right,96.4,jump
52.0,49.0,1.09,5.82,6.91,0,kick,93.5,block
91.0,76.0,1.81,5.95,7.76,3,jump,92.3,idle
55.0,37.0,1.23,6.9,8.12,0,idle,92.1,kick
100.0,100.0,3.93,3.35,7.28,0,kick,98.7,move_right
61.0,76.0,0.13,7.94,8.07,1,move_left,94.6,idle
34.0,61.0,1.17,6.3,7.47,6,move_left,95.5,idle
76.0,82.0,1.5,6.61,8.1,0,jump,93.1,special
64.0,58.0,0.65,6.01,6.66,3,kick,95.2,block
1.0,73.0,0.21,5.91,5.7,0,move_left,90.1,move_left
100.0,91.0,1.26,4.9,6.16,0,jump,96.1,jump
49.0,46.0,1.55,4.53,6.08,2,special,94.3,idle
100.0,100.0,3.56,1.26,4.82,0,idle,98.5,move_right
100.0,100.0,5.73,1.8,7.52,0,idle,98.5,move_right
16.0,46.0,1.48,6.32,7.79,1,punch,92.4,idle
52.0,52.0,0.21,6.7,6.49,2,punch,90.9,block
100.0,100.0,5.52,4.34,9.85,0,jump,97.5,move_right
61.0,70.0,1.53,6.0,7.52,3,kick,94.6,idle
76.0,67.0,1.23,4.65,5.88,4,special,95.6,idle
43.0,37.0,1.58,4.4,5.98,3,special,95.1,idle
100.0,100.0,5.1,1.51,6.6,0,idle,98.1,move_right
100.0,100.0,5.26,1.72,6.97,0,block,98.8,move_right
100.0,100.0,3.14,5.27,8.41,0,move_left,98.2,move_right
49.0,79.0,1.67,5.74,7.41,0,punch,93.2,jump
100.0,100.0,4.3,2.72,7.02,0,move_left,98.0,move_right
100.0,100.0,2.73,6.37,9.1,0,idle,97.3,kick
55.0,73.0,1.27,7.17,8.44,2,punch,95.9,idle
1.0,31.0,0.68,4.2,4.88,3,jump,91.9,idle
100.0,82.0,1.66,7.44,9.1,2,move_right,94.2,idle
16.0,10.0,0.52,7.44,7.96,0,move_left,88.9,special
94.0,82.0,1.33,4.5,5.83,3,move_right,97.3,idle
100.0,94.0,1.38,3.94,5.32,1,kick,98.7,idle
70.0,100.0,1.58,6.27,7.84,5,punch,94.9,idle
37.0,46.0,0.96,7.0,7.96,5,move_left,87.9,idle
19.0,64.0,0.05,6.91,6.86,0,move_left,93.8,move_left
10.0,64.0,0.47,7.24,7.71,0,move_right,90.2,move_right
61.0,61.0,1.03,6.83,7.86,0,move_left,93.5,move_right
94.0,91.0,1.33,7.86,9.19,3,idle,96.8,idle
100.0,91.0,0.72,7.22,7.94,0,move_left,96.9,special
85.0,94.0,1.65,7.28,8.93,0,move_right,96.1,jump
100.0,100.0,4.21,5.12,9.33,2,punch,98.6,idle
40.0,7.0,1.52,5.99,7.5,3,move_right,88.7,idle
10.0,82.0,0.01,9.08,9.07,0,jump,94.1,move_left
100.0,100.0,4.44,4.34,8.78,0,move_right,98.7,move_right
43.0,79.0,1.37,5.74,7.11,3,punch,93.0,idle
19.0,16.0,1.29,6.18,7.46,1,move_left,88.4,idle
100.0,100.0,4.06,3.22,7.27,0,punch,97.5,move_right
100.0,100.0,2.52,3.52,6.04,0,kick,98.3,move_right
100.0,100.0,4.36,5.04,9.4,0,kick,96.0,move_right
70.0,76.0,0.8,7.22,8.02,0,idle,95.7,kick
67.0,85.0,1.4,5.41,6.81,0,idle,93.6,kick
100.0,100.0,4.66,0.58,5.24,0,idle,99.0,move_right
91.0,100.0,1.58,5.38,6.97,0,kick,97.5,jump
49.0,31.0,1.22,5.99,7.2,1,move_right,89.7,idle
31.0,28.0,0.13,5.68,5.81,2,punch,92.1,block
100.0,100.0,1.51,5.55,7.06,2,jump,95.8,idle
70.0,64.0,1.43,5.2,6.64,0,move_right,95.6,special
10.0,46.0,0.3,5.24,4.94,0,move_right,88.0,punch
100.0,100.0,4.84,3.14,7.98,0,punch,97.8,move_right
7.0,31.0,0.66,7.0,7.66,0,jump,86.4,block
1.0,67.0,0.3,10.0,9.7,3,move_left,89.7,idle
100.0,100.0,3.44,6.26,9.7,6,kick,96.5,idle
91.0,100.0,0.94,8.28,9.22,0,idle,96.0,block
85.0,91.0,1.05,8.65,9.7,0,move_left,94.3,punch
73.0,67.0,1.42,4.61,6.04,0,idle,97.4,punch
100.0,100.0,1.02,5.49,6.51,0,move_left,97.5,kick
10.0,19.0,1.28,7.79,9.07,3,move_right,89.1,idle
46.0,82.0,0.99,6.38,7.37,0,punch,94.2,block
91.0,73.0,1.32,8.2,9.52,0,special,94.6,block
70.0,85.0,1.21,7.44,8.65,0,punch,95.8,jump
100.0,100.0,2.68,2.84,5.52,2,punch,98.4,idle
76.0,82.0,1.02,5.61,6.63,1,punch,97.3,block
22.0,28.0,1.04,7.67,8.71,3,punch,90.7,block
10.0,16.0,0.86,8.84,9.7,1,move_left,91.5,idle
100.0,100.0,2.97,4.5,7.47,0,punch,98.7,jump
91.0,91.0,1.48,5.81,7.3,0,idle,96.5,punch
37.0,25.0,1.59,6.48,8.06,0,punch,89.7,jump
37.0,43.0,1.01,4.05,5.06,0,punch,91.6,block
100.0,100.0,4.2,4.22,8.42,0,idle,97.7,jump
100.0,100.0,3.31,5.17,8.48,1,jump,96.6,idle
94.0,67.0,0.01,8.81,8.8,4,jump,93.6,idle
10.0,67.0,0.57,5.15,4.58,0,move_left,90.8,move_left
100.0,100.0,2.8,4.9,7.7,0,punch,98.3,jump
43.0,91.0,1.05,5.67,6.72,2,move_right,91.1,idle
13.0,19.0,1.36,4.16,5.52,2,jump,91.6,idle
43.0,34.0,1.59,5.88,7.46,2,punch,92.7,idle
7.0,13.0,1.06,4.46,5.52,3,punch,91.3,block
100.0,100.0,2.79,3.17,5.96,0,jump,98.4,move_right
16.0,73.0,0.73,8.46,9.19,0,punch,94.2,block
88.0,58.0,0.76,4.42,5.17,3,kick,96.6,block
55.0,82.0,1.1,6.2,7.29,3,move_left,96.8,idle
43.0,31.0,1.55,4.53,6.08,0,jump,93.3,jump
85.0,82.0,1.33,6.5,7.83,0,move_right,96.1,kick
100.0,100.0,7.0,2.3,9.3,0,special,98.5,move_right
100.0,100.0,2.22,3.78,6.0,0,punch,98.4,move_right
7.0,73.0,0.18,6.84,6.66,0,punch,92.1,jump
22.0,58.0,0.98,6.31,7.29,0,special,91.4,block
61.0,76.0,1.76,6.07,7.84,6,move_right,95.1,idle
67.0,79.0,0.87,7.18,8.05,3,punch,94.2,block
100.0,73.0,1.32,6.7,8.02,6,jump,96.3,idle
100.0,100.0,0.42,5.02,5.44,1,idle,97.3,idle
52.0,82.0,0.59,8.18,8.77,0,special,96.2,block
52.0,67.0,0.86,5.93,6.79,1,idle,93.9,idle
34.0,46.0,1.4,7.95,9.35,0,move_left,89.9,block
10.0,43.0,0.91,8.19,9.1,6,jump,87.5,idle
1.0,64.0,0.3,10.0,9.7,0,block,91.4,move_left
61.0,88.0,1.47,6.39,7.87,3,kick,95.4,punch
19.0,64.0,1.22,7.61,8.83,0,move_right,92.1,move_right
16.0,25.0,0.14,8.51,8.37,3,idle,86.1,idle
55.0,61.0,1.3,8.7,10.0,1,kick,92.5,idle
40.0,40.0,1.44,4.0,5.44,3,idle,93.4,idle
100.0,100.0,1.33,8.32,9.64,0,idle,95.6,punch
43.0,79.0,0.91,6.54,7.45,0,move_left,94.4,punch
22.0,64.0,0.5,8.74,8.23,0,jump,89.7,move_left
67.0,91.0,0.75,5.97,6.72,0,idle,93.4,kick
100.0,100.0,1.58,6.07,7.65,0,move_left,96.4,special
64.0,85.0,0.29,8.06,8.35,1,punch,93.8,block
91.0,94.0,1.02,7.89,8.91,2,move_left,94.3,idle
49.0,82.0,0.12,5.61,5.73,0,move_left,96.6,punch
73.0,94.0,1.69,4.22,5.91,2,kick,97.7,idle
100.0,100.0,3.16,4.61,7.77,0,idle,96.5,idle
85.0,67.0,1.82,8.18,10.0,0,move_right,93.7,move_right
100.0,88.0,1.29,4.95,6.24,0,move_right,96.6,punch
61.0,70.0,1.8,3.74,5.54,2,jump,93.7,idle
46.0,76.0,1.3,6.04,7.33,0,block,92.4,punch
22.0,64.0,1.0,7.54,8.53,0,move_right,90.2,move_right
34.0,79.0,1.0,5.69,6.69,0,kick,92.5,jump
58.0,73.0,1.64,7.36,9.0,1,move_right,96.2,idle
28.0,25.0,0.74,5.53,6.27,3,idle,92.9,idle
67.0,91.0,0.45,6.81,7.25,2,punch,95.1,block
40.0,85.0,0.93,5.15,6.08,2,kick,94.2,block
49.0,49.0,1.51,8.19,9.7,4,idle,91.7,idle
100.0,100.0,1.47,5.64,7.11,0,punch,97.5,block
100.0,100.0,1.88,6.78,8.65,0,jump,98.1,jump
100.0,100.0,4.94,1.89,6.82,0,move_left,98.7,move_right
58.0,73.0,0.42,3.94,3.52,3,punch,96.3,block
100.0,100.0,5.55,1.17,6.72,0,idle,99.0,move_right
49.0,76.0,1.36,5.62,6.97,0,jump,94.4,punch
100.0,76.0,2.2,6.32,8.52,4,move_right,95.6,idle
31.0,61.0,0.6,4.04,4.64,0,jump,90.7,punch
100.0,100.0,3.26,3.83,7.09,0,idle,98.9,kick
100.0,100.0,1.94,4.63,6.57,0,idle,98.4,move_right
43.0,43.0,0.85,5.17,6.02,4,kick,94.4,block
16.0,1.0,0.82,6.62,7.44,0,move_left,89.0,special
94.0,94.0,1.14,7.58,8.72,2,jump,96.8,idle
73.0,85.0,0.39,6.7,7.09,3,punch,93.4,block
13.0,67.0,0.56,9.44,10.0,0,jump,90.1,move_right
100.0,94.0,1.44,8.54,9.98,3,punch,96.9,idle
100.0,100.0,5.74,4.2,9.93,0,move_right,97.6,move_right
55.0,79.0,0.94,6.44,7.38,0,punch,92.2,block
100.0,100.0,4.88,3.37,8.25,0,idle,98.2,kick
100.0,100.0,1.73,6.13,7.86,0,special,96.5,move_right
91.0,73.0,1.58,5.71,7.29,1,kick,96.2,idle
55.0,64.0,0.97,7.17,8.14,3,idle,95.6,idle
70.0,94.0,1.22,7.78,9.0,0,punch,94.9,block
94.0,85.0,1.71,8.17,9.87,1,move_right,94.0,idle
100.0,100.0,5.45,3.65,9.1,0,kick,98.8,move_right
10.0,82.0,1.04,8.96,10.0,0,move_right,92.1,move_right
37.0,70.0,0.61,7.44,8.05,1,idle,93.8,idle
100.0,100.0,1.8,4.54,6.34,0,move_right,97.1,move_right
100.0,100.0,2.0,5.72,7.72,0,special,98.2,jump
13.0,79.0,0.45,7.71,8.15,0,move_right,92.6,move_right
10.0,31.0,1.0,7.22,8.21,1,move_left,91.8,idle
100.0,100.0,1.93,4.97,6.91,0,idle,98.5,move_right
100.0,100.0,5.19,2.8,7.99,0,move_left,98.5,move_right
22.0,52.0,1.03,4.2,5.23,0,move_right,92.9,move_right
52.0,58.0,1.5,6.04,7.54,0,idle,93.0,punch
100.0,100.0,2.52,5.87,8.39,0,punch,97.4,punch
34.0,49.0,0.74,7.13,6.4,0,block,89.3,punch
76.0,79.0,1.51,6.54,8.05,3,idle,95.1,idle
4.0,4.0,1.22,6.79,5.57,1,punch,89.6,idle
100.0,100.0,5.77,4.23,10.0,0,idle,98.1,move_right
100.0,100.0,2.52,6.28,8.8,0,kick,96.2,move_right
58.0,55.0,0.67,8.23,8.91,1,kick,94.4,block
25.0,64.0,1.22,7.31,8.53,1,kick,92.6,idle
85.0,85.0,0.39,6.7,7.09,3,move_left,94.3,idle
22.0,31.0,1.5,6.34,7.84,0,punch,91.3,block
82.0,76.0,1.07,7.02,8.1,1,kick,95.7,block
43.0,58.0,0.68,5.71,6.39,0,punch,93.7,block
55.0,70.0,0.17,5.31,5.48,0,jump,95.2,jump
79.0,100.0,0.8,4.62,5.42,2,punch,97.7,block
43.0,67.0,1.18,8.18,7.0,3,move_left,92.7,idle
100.0,100.0,1.74,3.7,5.44,0,move_left,98.9,special
10.0,70.0,0.12,5.69,5.82,0,punch,92.0,jump
100.0,100.0,2.89,4.34,7.24,0,move_left,98.6,move_right
91.0,94.0,1.14,5.81,6.96,0,punch,96.0,block
100.0,82.0,1.55,5.71,7.26,3,punch,96.9,idle
79.0,85.0,2.3,6.8,9.1,0,kick,94.7,move_right
79.0,88.0,0.8,4.62,5.42,3,idle,97.2,idle
100.0,76.0,0.76,7.61,8.37,3,idle,93.4,idle
43.0,46.0,0.83,5.2,6.04,0,move_left,93.5,kick
46.0,61.0,0.8,6.75,7.55,2,idle,93.3,idle
85.0,67.0,0.41,3.45,3.86,0,jump,95.6,jump
58.0,73.0,0.18,6.14,5.96,2,move_left,95.6,idle
100.0,73.0,1.62,6.7,8.32,5,move_right,96.2,idle
7.0,55.0,0.76,9.24,10.0,0,block,89.8,move_right
55.0,67.0,1.32,5.8,7.12,3,idle,93.7,idle
61.0,94.0,0.77,4.54,5.31,2,move_left,95.5,idle
100.0,91.0,0.99,8.34,9.33,1,idle,95.3,idle
100.0,100.0,2.97,5.38,8.35,2,idle,98.3,idle
79.0,49.0,1.18,8.5,9.67,0,special,94.3,block
73.0,82.0,1.32,4.61,5.94,4,jump,95.1,move_right
40.0,61.0,0.62,3.68,3.06,0,punch,92.4,jump
100.0,100.0,3.82,3.24,7.06,2,special,98.3,idle
19.0,31.0,0.19,6.44,6.64,5,punch,91.1,block
100.0,82.0,1.29,6.81,8.1,6,idle,97.7,idle
100.0,100.0,1.47,6.3,7.77,0,kick,97.8,block
10.0,67.0,0.27,5.97,5.7,0,jump,92.4,move_left
100.0,100.0,3.39,2.25,5.64,0,idle,99.0,move_right
64.0,58.0,1.34,8.66,10.0,6,jump,90.4,idle
37.0,19.0,1.12,7.44,8.56,2,move_left,89.6,idle
52.0,49.0,1.69,4.92,6.61,1,move_right,94.7,idle
100.0,100.0,6.15,2.01,8.15,0,move_left,98.8,move_right
100.0,88.0,1.0,8.7,9.7,0,kick,94.3,jump
31.0,52.0,1.32,6.4,7.72,2,punch,90.7,idle
55.0,79.0,1.11,4.85,5.95,0,move_right,93.6,jump
100.0,100.0,2.32,4.44,6.76,0,punch,97.3,move_right
25.0,4.0,0.13,4.56,4.43,3,jump,91.2,idle
100.0,88.0,1.59,4.95,6.54,3,move_right,96.5,idle
70.0,79.0,1.75,4.97,6.72,0,move_right,92.4,jump
100.0,100.0,2.9,5.55,8.45,0,idle,97.4,move_right
100.0,100.0,2.85,4.47,7.32,0,move_right,97.6,jump
100.0,100.0,3.9,2.71,6.6,0,idle,97.6,move_right
58.0,73.0,0.82,7.43,8.26,3,punch,93.0,punch
4.0,70.0,0.19,8.09,7.9,0,move_left,92.8,jump
40.0,61.0,0.62,3.68,3.06,0,jump,92.3,punch
7.0,58.0,0.03,7.29,7.27,0,idle,89.9,move_left
100.0,100.0,6.13,2.3,8.43,0,punch,98.6,move_right
88.0,94.0,0.9,4.34,5.24,5,move_left,96.8,idle
100.0,100.0,3.72,5.0,8.72,0,move_right,97.8,jump
16.0,73.0,0.02,6.17,6.19,0,kick,90.3,block
49.0,76.0,0.07,7.03,6.96,2,punch,92.8,block
58.0,88.0,1.58,4.71,6.29,3,punch,95.7,idle
37.0,46.0,1.28,7.41,8.69,0,kick,91.7,jump
49.0,67.0,1.23,5.37,6.6,1,special,95.1,special
82.0,73.0,0.66,5.81,6.46,1,move_left,95.3,idle
100.0,100.0,4.96,2.02,6.97,0,block,98.7,move_right
100.0,94.0,1.53,4.05,5.58,0,kick,96.6,block
49.0,76.0,0.02,3.68,3.66,0,kick,93.5,idle
100.0,88.0,0.86,5.93,6.79,3,kick,96.3,block
34.0,34.0,0.39,6.7,7.09,1,jump,89.7,idle
16.0,1.0,0.82,6.62,7.44,5,jump,89.5,idle
100.0,100.0,1.87,7.23,9.1,0,punch,96.9,jump
40.0,55.0,1.35,3.87,2.52,0,punch,94.3,block
100.0,100.0,2.62,3.66,6.28,0,kick,98.4,move_right
55.0,70.0,1.0,7.22,8.21,3,kick,94.8,block
100.0,100.0,6.48,1.94,8.42,0,jump,98.7,jump
73.0,73.0,0.9,5.44,6.34,2,move_left,95.7,idle
100.0,100.0,1.35,5.41,6.76,0,jump,98.8,move_left
10.0,73.0,0.52,6.87,6.34,0,move_left,91.8,move_left
100.0,100.0,4.21,5.04,9.25,0,move_left,98.7,move_right
100.0,100.0,2.92,5.52,8.45,0,punch,97.1,move_right
55.0,70.0,0.7,7.6,8.3,0,move_left,92.8,kick
55.0,58.0,0.74,4.78,4.04,1,jump,92.1,idle
100.0,100.0,5.97,1.89,7.87,0,kick,98.4,move_right
100.0,100.0,3.45,2.07,5.52,0,idle,99.0,move_right
43.0,73.0,0.68,5.97,6.64,3,block,93.1,idle
100.0,100.0,1.76,3.06,4.82,0,move_right,97.7,jump
79.0,49.0,1.18,8.5,9.67,0,jump,94.4,jump
91.0,94.0,1.23,5.4,6.62,1,move_left,96.2,idle
52.0,82.0,1.17,6.69,7.87,0,idle,94.2,block
64.0,82.0,0.58,3.68,4.26,0,jump,95.7,kick
58.0,70.0,0.83,5.49,6.32,1,jump,94.1,idle
13.0,70.0,0.71,7.79,8.5,0,punch,93.2,block
49.0,73.0,1.33,8.16,9.49,6,move_right,95.4,idle
100.0,100.0,2.18,5.77,7.95,0,block,96.6,jump
100.0,100.0,2.57,3.04,5.61,0,move_left,97.8,jump
43.0,52.0,1.03,4.2,5.23,1,punch,93.8,block
19.0,67.0,1.46,8.54,10.0,0,kick,90.7,block
52.0,49.0,1.39,4.92,6.31,2,jump,94.8,idle
10.0,61.0,0.12,8.14,8.02,0,move_left,91.7,move_left
31.0,58.0,0.07,7.03,6.96,0,punch,91.1,punch
100.0,100.0,6.53,3.47,10.0,0,punch,97.9,move_right
91.0,82.0,0.58,7.09,7.67,0,idle,96.7,punch
16.0,37.0,1.14,7.31,8.46,0,idle,86.1,jump
100.0,100.0,2.77,5.75,8.52,0,idle,97.7,move_right
82.0,88.0,1.53,5.4,6.92,2,kick,95.9,idle
88.0,100.0,1.19,7.76,8.95,0,move_left,95.6,kick
13.0,37.0,0.53,5.49,6.02,2,kick,91.2,block
70.0,88.0,2.2,6.32,8.51,0,move_right,96.6,move_right
31.0,52.0,0.07,7.03,6.96,3,punch,90.6,block
52.0,73.0,1.75,5.87,7.62,2,punch,90.7,idle
85.0,82.0,1.33,5.63,6.96,2,idle,96.8,idle
88.0,94.0,1.22,8.18,9.4,0,idle,95.5,special
85.0,85.0,0.39,6.7,7.09,0,move_right,94.0,kick
28.0,64.0,0.53,6.77,7.3,2,kick,92.1,block
100.0,100.0,3.61,5.34,8.95,0,move_left,98.6,jump
94.0,88.0,0.82,6.32,7.14,1,idle,93.7,idle
76.0,79.0,1.21,6.54,7.75,1,block,94.9,idle
10.0,61.0,0.2,9.41,9.61,0,punch,92.3,block
58.0,70.0,2.3,6.01,8.31,0,move_right,91.8,move_right
64.0,61.0,0.39,6.7,7.09,2,kick,91.7,block
37.0,52.0,1.35,7.81,9.16,0,move_left,92.5,punch
28.0,22.0,1.05,3.87,4.92,1,move_right,93.5,idle
100.0,100.0,2.3,6.41,8.71,0,idle,97.2,jump
100.0,100.0,4.96,2.51,7.47,0,jump,97.4,move_left
100.0,100.0,7.0,1.19,8.19,0,move_right,98.6,move_right
100.0,100.0,2.91,3.05,5.95,0,kick,97.6,jump
100.0,100.0,4.58,4.96,9.54,0,idle,99.0,jump
94.0,73.0,1.57,5.11,6.68,0,jump,95.9,kick
94.0,85.0,1.34,5.23,6.57,0,kick,96.0,block
70.0,82.0,1.37,7.63,9.0,3,move_right,94.9,idle
100.0,100.0,1.96,6.7,8.66,0,move_right,96.1,move_right
94.0,100.0,1.27,6.95,8.22,5,punch,97.0,idle
67.0,76.0,1.7,6.01,7.71,1,punch,92.6,idle
25.0,82.0,0.27,5.64,5.91,0,jump,93.6,move_right
85.0,67.0,0.11,3.45,3.56,1,jump,95.0,idle
76.0,67.0,0.46,8.34,8.8,2,move_left,94.1,idle
1.0,13.0,1.28,8.09,9.37,3,punch,88.5,idle
70.0,55.0,1.12,7.14,8.26,0,move_left,92.3,punch
100.0,100.0,1.8,6.5,8.3,1,kick,96.8,idle
100.0,91.0,2.18,6.45,8.63,0,punch,96.3,move_right
100.0,100.0,4.98,3.14,8.12,0,punch,97.5,move_right
100.0,100.0,1.66,3.58,5.24,5,punch,97.7,idle
100.0,100.0,5.47,4.53,10.0,0,idle,98.0,move_right
7.0,67.0,0.88,8.18,7.3,0,punch,91.9,jump
88.0,88.0,1.19,4.77,5.96,2,jump,97.8,idle
100.0,100.0,2.52,3.48,6.0,0,kick,98.5,move_right
73.0,64.0,1.59,7.11,8.7,0,idle,95.5,punch
58.0,67.0,0.52,7.43,7.96,1,idle,92.7,idle
82.0,100.0,1.38,6.58,7.96,2,idle,96.1,idle
10.0,31.0,1.0,7.22,8.21,0,special,91.6,block
7.0,64.0,0.92,8.81,9.73,0,move_right,91.4,move_right
100.0,100.0,5.78,0.6,6.38,0,punch,98.9,move_right
100.0,100.0,3.09,5.18,8.27,0,move_left,96.9,move_right
55.0,52.0,1.2,7.4,8.6,1,punch,93.4,idle
61.0,73.0,0.72,8.15,8.87,3,move_left,96.4,idle
100.0,100.0,4.22,4.78,9.0,0,idle,97.4,move_right
100.0,94.0,1.58,4.4,5.98,3,idle,98.5,idle
79.0,22.0,0.61,7.52,8.13,4,move_left,93.5,idle
100.0,100.0,3.6,2.54,6.14,0,kick,98.5,move_right
91.0,88.0,1.27,4.02,5.29,3,move_left,96.1,idle
100.0,100.0,3.37,6.03,9.4,0,special,97.2,move_right
58.0,82.0,0.12,3.94,3.82,1,idle,96.5,idle
4.0,82.0,0.59,8.78,9.37,0,move_right,93.6,move_right
76.0,100.0,1.58,6.97,8.55,0,punch,94.6,kick
25.0,64.0,0.92,7.61,8.53,0,kick,92.3,block
67.0,79.0,0.53,7.07,7.6,0,move_left,94.7,punch
100.0,82.0,1.88,5.11,6.99,0,idle,96.7,move_right
49.0,46.0,1.39,6.44,7.84,1,move_left,93.1,idle
73.0,70.0,1.0,7.6,8.6,0,move_left,93.9,kick
19.0,40.0,0.25,5.87,6.12,0,move_left,87.5,punch
70.0,31.0,0.46,4.42,4.87,2,move_right,94.0,idle
100.0,100.0,5.92,1.82,7.74,0,move_left,98.5,move_right
100.0,100.0,2.28,5.98,8.26,0,move_left,96.6,move_right
16.0,37.0,1.44,7.01,8.46,2,move_right,86.3,idle
22.0,37.0,0.53,5.49,6.02,3,kick,91.3,block
73.0,55.0,0.95,8.45,9.4,2,punch,94.1,block
94.0,100.0,1.45,3.47,4.92,3,punch,97.1,idle
88.0,58.0,0.46,4.42,4.87,2,move_left,96.5,idle
100.0,100.0,1.67,4.64,6.3,0,move_left,98.2,jump
64.0,73.0,0.57,8.47,7.9,0,kick,92.0,block
7.0,82.0,0.42,7.37,7.79,0,move_right,94.1,move_right
1.0,64.0,0.1,6.2,6.3,0,jump,93.2,move_right
85.0,94.0,1.17,7.18,8.35,0,move_right,95.5,kick
67.0,79.0,0.53,5.49,6.02,3,punch,94.4,kick
100.0,100.0,5.03,2.19,7.22,0,move_left,98.2,move_right
82.0,79.0,1.83,5.4,7.22,3,move_right,95.6,idle
25.0,55.0,0.99,7.91,8.9,0,move_right,91.5,move_right
58.0,85.0,0.68,5.18,5.86,2,idle,96.6,idle
28.0,82.0,0.22,4.97,4.75,2,special,96.0,block
22.0,73.0,0.98,9.02,10.0,0,block,93.5,move_right
100.0,100.0,4.98,3.14,8.12,0,special,98.2,special
100.0,100.0,2.17,7.23,9.4,0,jump,96.6,move_right
25.0,58.0,0.82,5.16,5.98,1,punch,94.1,block
58.0,73.0,0.42,6.14,6.56,2,kick,96.0,block
100.0,100.0,4.62,1.9,6.52,0,idle,98.9,move_right
91.0,82.0,0.28,7.09,7.37,0,idle,96.3,jump
100.0,100.0,4.04,2.83,6.87,0,idle,99.0,move_right
100.0,100.0,3.91,4.39,8.3,0,punch,98.8,move_right
100.0,100.0,7.6,1.7,9.3,0,idle,98.8,move_right
85.0,100.0,0.42,5.69,6.12,3,move_left,95.8,idle
76.0,67.0,0.16,8.34,8.5,0,kick,93.9,block
100.0,82.0,1.02,4.6,5.62,1,move_left,97.2,idle
79.0,85.0,0.51,4.85,5.35,0,punch,94.8,block
49.0,49.0,1.81,8.19,10.0,1,jump,91.4,idle
31.0,61.0,1.06,8.34,9.4,1,kick,91.0,block
88.0,100.0,1.46,7.94,9.4,0,idle,95.0,block
37.0,52.0,1.58,4.27,5.85,2,idle,93.4,idle
34.0,79.0,1.0,5.69,6.69,3,jump,92.2,move_right
91.0,82.0,1.56,7.52,9.08,2,idle,94.4,idle
25.0,7.0,1.09,8.61,9.7,4,idle,89.2,idle
58.0,82.0,1.3,6.04,7.33,0,kick,93.7,block
28.0,28.0,1.01,4.05,5.06,0,move_right,90.0,kick
100.0,100.0,1.85,4.53,6.38,1,kick,98.4,idle
37.0,85.0,1.22,7.44,8.66,0,move_right,90.7,punch
100.0,100.0,1.41,7.87,9.27,0,move_left,95.4,kick
100.0,100.0,0.75,8.65,9.4,0,move_left,95.3,punch
100.0,100.0,2.72,5.94,8.66,0,idle,94.7,move_right
100.0,100.0,6.67,3.33,10.0,0,move_right,98.5,jump
94.0,100.0,1.55,7.25,8.8,2,move_right,96.8,idle
100.0,100.0,4.53,1.05,5.58,0,jump,98.8,move_right
100.0,100.0,0.5,4.62,5.12,0,idle,99.0,punch
100.0,100.0,2.64,5.78,8.42,0,move_left,98.3,move_right
67.0,76.0,0.3,7.3,7.6,0,jump,94.2,jump
100.0,100.0,3.72,4.52,8.24,0,idle,98.3,move_right
10.0,22.0,0.38,5.48,5.86,2,kick,92.2,block
100.0,100.0,7.95,1.97,9.92,0,move_right,98.8,move_right
100.0,100.0,3.63,3.72,7.35,3,punch,98.1,idle
28.0,73.0,0.91,5.39,6.3,3,punch,92.9,block
67.0,94.0,1.59,4.08,5.66,0,punch,98.0,special
31.0,67.0,0.56,4.56,5.12,3,idle,93.5,idle
94.0,85.0,1.34,5.23,6.57,3,kick,96.5,idle
16.0,52.0,0.13,8.24,8.37,0,kick,92.6,block
19.0,82.0,0.2,7.1,7.29,0,punch,95.0,block
100.0,100.0,5.35,1.6,6.95,0,special,98.8,move_right
100.0,100.0,2.08,7.0,9.08,0,block,96.5,jump
100.0,100.0,5.86,4.14,10.0,1,special,96.5,idle
100.0,100.0,1.53,5.07,6.6,1,move_right,97.0,idle
91.0,73.0,0.98,6.89,7.87,5,move_left,95.7,idle
100.0,100.0,3.32,5.93,9.25,0,block,98.2,move_right
34.0,34.0,1.02,6.9,7.92,1,move_left,92.7,idle
46.0,70.0,1.44,8.56,10.0,0,punch,92.1,block
100.0,100.0,2.48,3.51,5.99,0,special,97.4,move_right
55.0,64.0,1.19,4.29,5.48,0,move_right,94.6,punch
100.0,91.0,1.33,6.5,7.83,3,kick,96.8,idle
16.0,37.0,0.96,7.0,7.96,3,kick,86.8,punch
49.0,67.0,1.37,7.93,9.3,3,idle,93.5,idle
100.0,100.0,3.44,6.26,9.7,0,idle,95.9,move_right
1.0,73.0,0.18,5.32,5.14,0,idle,93.3,move_left
100.0,100.0,4.26,3.62,7.88,1,punch,97.9,idle
100.0,100.0,1.32,6.4,7.72,1,move_left,97.0,idle
28.0,31.0,1.5,6.34,7.84,1,move_right,91.4,idle
43.0,85.0,1.8,8.2,10.0,0,punch,91.4,move_right
28.0,22.0,1.05,3.87,4.92,0,idle,93.4,punch
100.0,100.0,3.2,4.4,7.6,0,kick,97.7,move_right
49.0,85.0,0.32,8.18,8.5,0,move_left,93.5,kick
91.0,91.0,1.32,5.49,6.81,2,block,96.9,idle
58.0,79.0,1.16,5.93,7.09,1,move_left,94.7,idle
7.0,31.0,0.73,7.07,7.81,2,jump,89.9,idle
16.0,49.0,0.75,2.67,1.92,5,special,92.2,block
28.0,25.0,0.98,8.72,9.7,0,special,91.8,block
22.0,43.0,0.75,7.64,6.89,2,move_left,91.0,idle
46.0,43.0,1.58,6.59,8.17,6,block,92.1,idle
100.0,100.0,5.73,1.92,7.65,0,idle,99.0,move_right
100.0,94.0,1.22,7.78,9.0,5,idle,95.5,idle
61.0,73.0,1.86,6.36,8.22,3,kick,93.1,idle
10.0,43.0,1.21,8.19,9.4,1,idle,87.7,idle
64.0,76.0,1.32,6.59,7.91,3,idle,95.3,idle
64.0,31.0,0.62,5.99,6.6,0,move_right,90.3,special
91.0,91.0,0.73,6.77,7.51,1,move_left,96.3,idle
52.0,64.0,0.55,6.01,6.56,2,move_right,94.9,idle
46.0,82.0,0.15,4.17,4.02,0,punch,95.7,block
64.0,52.0,0.98,7.05,8.03,0,kick,94.1,block
10.0,16.0,0.69,6.18,6.86,0,idle,87.6,kick
100.0,100.0,4.24,4.29,8.53,0,punch,96.8,move_right
31.0,52.0,0.07,7.03,6.96,1,idle,90.8,idle
52.0,64.0,0.73,7.07,7.81,1,move_left,92.6,idle
64.0,73.0,1.31,6.56,7.88,0,special,93.5,block
94.0,100.0,1.16,6.07,7.24,1,punch,97.2,block
1.0,49.0,1.35,2.67,1.32,2,move_left,91.0,idle
22.0,40.0,0.22,5.12,4.9,0,punch,95.1,block
79.0,85.0,1.15,7.35,8.5,3,idle,96.2,idle
46.0,73.0,1.34,8.56,9.9,3,idle,93.5,idle
46.0,79.0,1.47,5.57,7.04,2,idle,93.2,idle
100.0,100.0,3.59,6.08,9.67,0,idle,97.9,move_right
1.0,73.0,0.09,5.61,5.7,0,punch,90.5,block
43.0,64.0,0.15,8.65,8.5,0,jump,91.3,punch
64.0,46.0,1.13,5.2,6.34,5,move_left,95.4,idle
16.0,28.0,0.84,5.51,4.66,2,punch,90.5,block
34.0,61.0,0.87,6.88,7.75,0,block,92.1,punch
70.0,88.0,1.29,6.38,7.67,2,punch,94.9,idle
94.0,100.0,1.02,7.85,8.87,2,punch,97.6,block
76.0,88.0,1.6,6.02,7.61,2,jump,97.7,idle
22.0,4.0,0.04,4.43,4.47,0,move_left,90.8,special
100.0,100.0,1.77,6.09,7.87,0,jump,96.9,move_right
100.0,100.0,1.47,6.39,7.87,0,block,96.8,block
64.0,73.0,1.43,7.36,8.79,0,idle,94.4,punch
31.0,85.0,1.23,5.15,6.38,1,punch,93.5,idle
34.0,82.0,1.04,8.36,9.4,3,kick,93.3,block
100.0,100.0,4.98,2.98,7.96,0,idle,99.0,move_right
100.0,100.0,4.62,3.6,8.22,0,kick,98.7,move_right
55.0,73.0,0.83,7.07,7.9,0,idle,93.4,block
10.0,67.0,0.04,4.86,4.82,0,punch,91.1,block
82.0,85.0,0.13,6.07,6.19,0,idle,96.2,kick
100.0,100.0,3.27,3.9,7.17,0,idle,99.0,move_right
58.0,64.0,1.58,4.4,5.98,0,kick,97.0,punch
10.0,52.0,0.2,9.4,9.6,0,jump,89.3,move_right
100.0,100.0,1.63,7.26,8.89,0,punch,97.6,move_right
100.0,100.0,3.78,4.18,7.96,0,punch,98.5,jump
100.0,100.0,4.32,3.29,7.61,0,punch,98.2,move_right
7.0,73.0,0.19,6.12,6.31,0,kick,93.8,jump
40.0,31.0,0.74,4.78,4.04,2,punch,90.1,block
100.0,100.0,2.56,5.33,7.9,0,kick,96.4,block
70.0,88.0,1.29,6.38,7.67,3,punch,95.0,idle
43.0,52.0,1.63,6.5,8.13,0,punch,94.5,move_right
64.0,94.0,1.28,3.67,4.95,0,kick,97.1,block
67.0,70.0,0.83,5.49,6.32,3,move_right,94.3,idle
100.0,94.0,1.49,8.51,10.0,0,punch,95.0,move_right
19.0,13.0,1.34,4.78,3.44,3,move_left,88.8,idle
100.0,88.0,1.32,6.6,7.92,3,kick,97.3,idle
100.0,100.0,3.02,5.98,9.0,0,kick,97.0,move_right
100.0,100.0,3.31,2.35,5.66,0,move_right,97.6,move_right
94.0,100.0,1.57,6.95,8.52,3,move_right,96.8,idle
10.0,73.0,0.17,9.36,9.19,0,punch,93.8,block
76.0,88.0,1.6,6.32,7.91,5,idle,97.2,idle
58.0,43.0,1.04,5.53,6.57,1,move_left,94.3,idle
4.0,67.0,0.03,6.27,6.3,0,move_right,89.2,move_right
100.0,100.0,3.61,6.02,9.63,0,move_left,97.9,move_right
16.0,67.0,0.12,5.84,5.96,0,punch,93.9,block
82.0,94.0,0.94,3.25,4.18,0,move_left,97.2,punch
4.0,70.0,0.76,5.92,6.67,0,move_left,93.9,move_right
100.0,100.0,4.3,3.59,7.89,5,move_right,97.4,idle
82.0,91.0,1.1,7.01,8.11,0,move_left,95.8,special
94.0,82.0,0.6,7.3,7.9,3,punch,95.4,block
46.0,58.0,0.98,6.59,7.57,0,move_right,92.9,punch
61.0,49.0,0.94,8.54,7.6,0,idle,91.8,punch
100.0,73.0,0.4,6.8,7.2,6,move_left,96.1,idle
76.0,76.0,0.76,4.78,5.54,3,idle,94.2,idle
19.0,40.0,0.55,5.87,6.42,0,special,87.6,jump
40.0,85.0,1.23,5.15,6.38,3,jump,94.7,idle
37.0,40.0,1.6,7.22,8.81,4,punch,92.6,idle
25.0,49.0,0.18,8.32,8.5,0,move_right,91.0,block
19.0,73.0,0.67,3.72,4.39,2,special,92.8,block
100.0,100.0,5.65,1.3,6.95,0,idle,98.9,move_right
19.0,40.0,1.17,8.17,7.0,0,idle,89.3,punch
100.0,100.0,2.25,6.68,8.93,0,punch,96.9,move_right
100.0,88.0,0.73,7.94,8.67,2,move_left,96.3,idle
67.0,91.0,1.39,5.82,7.21,1,kick,96.6,idle
67.0,58.0,0.3,7.3,7.6,2,kick,93.5,block
13.0,31.0,0.73,7.07,7.81,0,kick,90.4,jump
100.0,100.0,3.58,4.89,8.47,4,move_right,97.0,idle
100.0,100.0,4.22,3.54,7.76,0,idle,97.4,jump
100.0,100.0,5.26,4.28,9.53,0,kick,98.4,move_right
25.0,28.0,0.72,8.42,9.14,2,punch,90.9,block
76.0,76.0,0.12,5.79,5.91,0,punch,95.0,block
100.0,100.0,4.28,3.87,8.14,5,jump,97.9,idle
91.0,91.0,1.24,8.28,9.52,3,move_right,95.7,idle
37.0,61.0,0.3,4.34,4.64,3,jump,91.0,idle
82.0,61.0,1.37,7.32,8.7,0,kick,94.1,jump
64.0,67.0,1.85,8.15,10.0,4,move_right,96.0,idle
43.0,79.0,0.88,8.08,7.2,1,idle,90.9,idle
100.0,85.0,1.29,6.3,7.59,3,move_left,97.2,idle
40.0,64.0,1.26,5.91,7.17,0,punch,94.6,block
4.0,67.0,0.26,4.56,4.82,0,jump,90.4,move_right
37.0,52.0,1.95,7.51,9.46,1,punch,92.7,idle
25.0,43.0,0.52,6.62,7.14,2,punch,90.9,block
43.0,73.0,0.98,5.18,6.16,3,idle,95.3,idle
64.0,70.0,0.6,8.5,9.1,2,kick,93.0,block
82.0,73.0,0.93,8.47,9.4,5,idle,93.9,idle
10.0,49.0,0.22,6.06,6.28,2,punch,93.0,block
82.0,100.0,1.09,4.22,5.31,1,special,98.1,block
100.0,100.0,5.77,3.98,9.75,0,idle,98.5,move_right
25.0,37.0,0.44,8.66,9.1,0,punch,88.6,jump
25.0,43.0,1.51,8.49,10.0,0,jump,90.3,kick
10.0,73.0,0.43,9.06,9.49,0,move_right,93.5,move_right
100.0,100.0,2.86,3.52,6.37,0,idle,98.5,move_right
37.0,25.0,0.23,8.23,8.01,0,punch,92.4,block
58.0,61.0,0.67,8.23,8.91,0,idle,94.7,punch
64.0,73.0,1.43,7.36,8.79,0,jump,94.8,block
100.0,100.0,5.42,3.83,9.25,0,punch,98.9,move_right
40.0,61.0,0.62,3.68,3.06,1,jump,92.5,idle
55.0,40.0,1.6,7.22,8.81,6,kick,92.8,idle
37.0,64.0,1.1,4.62,5.72,0,move_left,94.9,punch
100.0,100.0,7.92,1.34,9.25,0,idle,98.5,move_right
61.0,61.0,1.33,6.83,8.16,2,special,93.7,idle
100.0,100.0,1.96,3.28,5.24,0,punch,98.1,jump
49.0,49.0,1.81,8.19,10.0,4,move_right,92.2,idle
82.0,100.0,1.05,5.67,6.72,0,idle,95.8,punch
37.0,67.0,1.46,8.54,10.0,2,idle,91.1,idle
79.0,40.0,0.61,7.52,8.13,4,jump,94.2,idle
13.0,19.0,0.64,8.54,7.9,5,idle,89.8,jump
49.0,37.0,1.09,6.44,7.54,3,jump,92.7,idle
43.0,70.0,1.05,7.21,8.26,0,idle,94.5,punch
100.0,100.0,1.23,4.72,5.95,3,move_left,98.7,idle
100.0,100.0,3.49,5.26,8.74,0,idle,98.0,move_right
64.0,70.0,1.51,6.85,8.36,0,move_right,89.6,kick
94.0,100.0,0.38,4.97,5.35,4,punch,97.8,block
76.0,73.0,1.19,4.29,5.48,2,move_left,96.0,idle
31.0,43.0,1.03,6.8,7.83,0,move_left,93.6,kick
34.0,52.0,1.37,8.23,9.6,1,punch,92.0,idle
37.0,61.0,1.82,8.04,9.86,3,punch,89.2,idle
52.0,79.0,1.18,7.78,6.6,1,idle,92.1,idle
37.0,58.0,1.46,7.97,9.43,2,jump,92.1,idle
100.0,100.0,3.73,5.84,9.57,0,kick,97.5,move_right
55.0,67.0,1.59,4.08,5.66,3,idle,96.3,idle
100.0,100.0,5.96,4.04,10.0,0,move_right,97.3,move_right
43.0,79.0,1.24,3.85,5.08,0,move_left,94.3,punch
58.0,76.0,0.02,3.68,3.66,0,special,94.0,block
43.0,85.0,0.42,5.78,6.2,0,move_left,96.2,move_right
91.0,94.0,1.06,6.42,7.48,1,kick,96.3,block
28.0,49.0,1.47,8.47,7.0,2,kick,90.1,idle
25.0,55.0,0.28,2.78,3.06,0,move_right,90.5,move_right
100.0,100.0,3.85,4.6,8.45,2,idle,96.7,jump
100.0,100.0,1.03,4.5,5.53,2,move_left,97.9,idle
73.0,16.0,0.31,5.55,5.86,0,kick,90.2,jump
100.0,100.0,3.15,2.67,5.82,0,punch,98.8,move_right
61.0,79.0,0.03,6.27,6.3,3,kick,92.1,block
88.0,91.0,1.02,7.85,8.87,3,idle,97.3,move_right
40.0,28.0,0.84,5.81,4.96,4,kick,91.3,block
31.0,82.0,1.1,6.2,7.29,0,block,96.3,punch
100.0,94.0,1.5,8.5,10.0,0,move_right,94.9,jump
43.0,43.0,0.65,6.01,6.66,3,punch,94.2,block
79.0,31.0,0.29,5.55,5.26,0,block,91.3,punch
100.0,100.0,6.08,2.55,8.63,0,move_right,98.9,move_right
37.0,37.0,0.84,7.31,8.14,0,punch,92.5,jump
16.0,52.0,0.13,8.24,8.37,0,idle,92.5,move_right
10.0,40.0,0.56,8.84,9.4,1,kick,92.1,block
100.0,100.0,2.19,3.51,5.7,0,kick,97.0,jump
1.0,64.0,0.3,10.0,9.7,0,idle,90.5,move_left
82.0,79.0,2.13,5.4,7.52,2,move_right,95.5,idle
67.0,82.0,0.29,4.77,5.06,2,move_right,95.4,idle
100.0,100.0,4.58,3.87,8.44,0,idle,98.2,jump
100.0,94.0,0.12,5.02,5.14,0,idle,96.6,block
100.0,91.0,1.25,5.75,7.0,2,kick,96.0,idle
34.0,37.0,1.13,5.2,6.34,2,block,92.9,idle
100.0,100.0,4.94,3.77,8.71,0,kick,98.7,move_right
55.0,49.0,2.19,4.38,6.56,0,idle,95.0,punch
43.0,64.0,1.31,8.06,9.38,0,block,90.7,punch
100.0,100.0,2.45,4.25,6.7,0,move_right,97.3,jump
100.0,100.0,2.19,7.74,9.93,0,kick,97.1,move_right
76.0,82.0,1.8,5.71,7.5,0,special,94.1,move_left
13.0,64.0,0.56,6.97,7.54,0,move_right,91.6,move_right
79.0,52.0,1.55,4.53,6.08,0,punch,95.0,kick
100.0,100.0,3.85,1.93,5.78,0,move_right,98.8,move_right
67.0,55.0,1.16,8.54,9.7,3,idle,94.5,idle
100.0,100.0,1.96,4.72,6.67,0,special,96.7,move_right
100.0,100.0,4.62,3.9,8.52,0,move_right,98.6,move_right
22.0,61.0,0.66,7.28,6.62,0,move_left,91.0,move_left
43.0,67.0,0.72,4.68,5.4,0,idle,94.5,punch
34.0,46.0,0.3,6.91,7.2,1,kick,90.7,block
55.0,70.0,1.0,7.6,8.6,0,punch,93.0,block
4.0,40.0,0.42,8.32,7.9,2,punch,89.9,block
79.0,100.0,0.8,6.5,7.3,0,punch,95.9,jump
70.0,76.0,1.36,7.58,8.93,0,idle,94.8,block
79.0,73.0,1.23,5.82,7.05,0,idle,95.7,punch
37.0,61.0,1.4,8.6,10.0,2,punch,92.9,idle
40.0,58.0,0.87,8.47,7.6,0,idle,91.0,block
31.0,79.0,1.35,6.81,8.15,3,move_right,93.2,idle
100.0,91.0,1.16,4.27,5.43,2,kick,96.5,block
16.0,16.0,1.19,5.19,6.38,4,punch,92.6,idle
34.0,82.0,1.01,4.39,5.4,0,move_right,97.2,move_left
1.0,73.0,0.0,9.4,9.4,0,kick,92.0,block
100.0,100.0,4.45,3.61,8.06,0,idle,99.0,move_right
16.0,64.0,0.77,6.04,6.81,0,move_left,90.9,move_right
37.0,25.0,1.59,6.18,7.76,3,jump,89.1,idle
1.0,10.0,0.85,8.25,9.1,6,kick,87.7,block
85.0,100.0,1.7,3.91,5.61,1,jump,96.2,idle
100.0,100.0,1.44,6.71,8.14,0,idle,97.8,kick
100.0,100.0,2.41,6.19,8.6,0,move_right,98.2,move_right
100.0,100.0,3.01,5.29,8.3,0,special,98.5,move_right
40.0,61.0,1.59,6.41,8.0,3,kick,93.0,idle
91.0,76.0,1.51,4.75,6.26,2,jump,94.8,move_right
64.0,82.0,1.53,8.47,10.0,0,punch,92.4,punch
100.0,91.0,1.44,7.01,8.44,0,idle,96.8,punch
100.0,100.0,3.26,1.87,5.13,0,idle,98.2,move_right
73.0,100.0,0.75,7.64,8.39,0,idle,95.1,punch
1.0,25.0,0.74,5.53,6.27,0,punch,92.0,block
43.0,94.0,0.46,5.05,5.51,1,kick,94.8,block
67.0,64.0,0.7,6.8,7.5,2,kick,95.1,block
34.0,79.0,0.87,5.87,6.74,0,punch,92.2,block
16.0,82.0,1.28,7.08,8.35,0,idle,95.9,move_right
58.0,46.0,0.28,7.09,7.37,2,jump,93.6,idle
46.0,82.0,0.38,4.97,5.35,0,move_right,96.5,special
100.0,100.0,1.76,3.97,5.73,0,kick,96.8,move_right
10.0,73.0,0.19,8.26,8.44,0,move_right,91.4,move_right
100.0,100.0,2.08,6.7,8.77,0,kick,98.2,jump
100.0,100.0,3.75,4.34,8.09,0,idle,99.0,block
43.0,70.0,1.65,7.21,8.86,0,move_right,93.8,move_right
19.0,67.0,1.06,7.6,8.66,1,special,93.6,block
19.0,67.0,0.03,4.63,4.66,0,move_right,93.5,move_right
37.0,70.0,1.54,6.74,8.28,1,kick,90.6,idle
100.0,100.0,2.46,5.92,8.38,0,move_left,97.5,jump
100.0,100.0,3.9,5.8,9.7,0,punch,96.9,move_right
10.0,70.0,1.02,8.09,9.11,0,special,93.7,punch
16.0,55.0,0.21,9.47,9.27,0,punch,93.3,block
70.0,76.0,1.51,6.55,8.06,0,punch,91.0,kick
91.0,85.0,1.52,4.07,5.59,2,punch,96.0,idle
10.0,43.0,0.46,7.62,8.08,0,move_right,90.8,punch
52.0,79.0,1.18,7.78,6.6,0,jump,91.9,special
19.0,10.0,0.23,8.23,8.01,0,special,91.4,block
82.0,85.0,0.72,8.19,8.91,3,move_left,92.8,idle
58.0,73.0,1.62,8.2,9.82,0,move_right,92.4,move_right
31.0,67.0,0.78,6.58,7.36,2,punch,92.8,block
34.0,49.0,0.38,4.2,4.58,0,jump,93.4,punch
76.0,70.0,0.16,4.78,4.94,1,move_left,93.6,idle
82.0,64.0,1.48,4.04,5.52,1,move_right,95.7,idle
67.0,37.0,1.26,7.82,9.08,3,punch,91.0,idle
100.0,100.0,1.66,6.12,7.78,0,block,96.9,move_right
64.0,88.0,1.39,4.22,5.61,3,block,96.5,idle
64.0,76.0,0.52,6.58,6.07,0,move_left,93.6,punch
61.0,79.0,1.4,8.6,10.0,3,block,93.8,idle
100.0,100.0,3.73,5.16,8.89,0,punch,98.8,move_right
85.0,76.0,0.58,6.32,6.89,2,punch,95.9,block
85.0,82.0,1.33,6.5,7.83,2,punch,96.3,idle
100.0,100.0,1.8,6.5,8.3,2,punch,96.9,idle
64.0,94.0,1.14,8.56,9.7,3,punch,94.3,block
16.0,22.0,1.58,4.7,6.28,3,move_right,93.8,idle
70.0,73.0,1.32,8.2,9.52,3,kick,93.6,idle
94.0,94.0,1.12,6.32,7.44,0,move_left,94.0,punch
85.0,100.0,1.45,5.53,6.98,2,punch,95.5,idle
73.0,82.0,0.87,5.94,6.81,2,idle,95.6,idle
91.0,91.0,1.47,6.3,7.77,3,kick,97.6,idle
10.0,13.0,1.22,6.79,5.57,0,special,90.0,block
10.0,82.0,0.29,8.78,9.07,0,idle,94.2,move_right
76.0,82.0,0.88,7.89,8.77,2,move_left,92.9,idle
100.0,100.0,1.5,4.54,6.04,0,idle,97.2,jump
34.0,34.0,1.14,4.3,5.44,3,punch,92.1,block
82.0,67.0,1.09,6.14,7.24,0,idle,95.7,special
34.0,49.0,0.72,8.15,8.87,0,move_left,94.5,special
100.0,100.0,1.93,3.9,5.83,0,idle,98.7,jump
100.0,100.0,1.36,4.48,5.84,0,kick,96.8,block
100.0,100.0,5.31,3.37,8.67,0,idle,98.0,punch
43.0,73.0,0.75,5.67,6.42,4,kick,90.7,block
16.0,52.0,0.13,8.24,8.37,1,move_left,92.7,idle
85.0,100.0,1.09,4.24,5.34,2,idle,98.4,idle
40.0,58.0,1.32,4.91,6.24,3,block,92.1,special
37.0,19.0,0.82,7.44,8.26,1,move_left,89.5,block
67.0,73.0,1.33,4.2,5.53,1,move_right,96.0,idle
73.0,67.0,0.66,6.9,6.24,2,jump,93.3,idle
94.0,85.0,1.29,6.3,7.59,2,idle,96.7,idle
100.0,100.0,1.06,7.44,8.5,0,move_left,94.9,block
22.0,70.0,0.29,8.04,7.75,0,jump,92.7,move_left
16.0,82.0,0.08,4.37,4.45,0,idle,95.5,move_right
94.0,100.0,1.21,7.52,8.73,0,idle,96.7,special
85.0,91.0,1.56,7.12,8.68,0,move_left,95.2,punch
52.0,64.0,1.03,7.07,8.11,0,punch,93.0,block
52.0,67.0,1.12,6.32,7.44,3,idle,92.2,idle
100.0,100.0,2.41,6.97,9.38,0,move_right,95.6,move_right
31.0,37.0,1.5,7.4,8.9,1,idle,92.6,idle
100.0,100.0,4.03,5.54,9.57,0,punch,97.6,move_right
100.0,100.0,1.39,6.47,7.87,0,move_left,97.6,special
100.0,100.0,1.54,5.24,6.78,3,kick,96.9,idle
28.0,64.0,0.23,6.77,7.0,1,move_left,92.0,idle
100.0,91.0,1.3,6.8,8.1,2,move_right,96.6,idle
37.0,73.0,0.82,5.16,5.98,0,move_left,95.1,kick
13.0,10.0,1.23,7.5,8.72,2,idle,89.5,idle
34.0,40.0,0.89,4.59,5.48,0,kick,93.6,block
100.0,100.0,4.11,1.25,5.35,0,move_right,98.8,move_right
100.0,100.0,3.92,2.39,6.3,0,idle,98.6,move_right
52.0,22.0,0.47,4.56,5.03,3,move_left,92.2,idle
76.0,73.0,1.21,6.79,8.0,2,punch,95.8,idle
1.0,64.0,0.09,7.58,7.67,0,special,92.1,block
46.0,85.0,1.23,5.15,6.38,2,move_right,95.4,idle
100.0,100.0,1.86,4.72,6.58,0,punch,97.4,jump
100.0,94.0,1.6,5.72,7.32,1,special,96.3,idle
91.0,94.0,1.29,6.7,7.99,0,move_left,94.9,kick
73.0,100.0,0.75,6.81,7.55,1,special,96.0,block
4.0,70.0,0.12,5.69,5.82,0,jump,91.7,move_right
100.0,100.0,3.98,6.02,10.0,0,move_right,97.2,move_right
34.0,79.0,1.17,5.87,7.04,0,move_right,92.1,kick
34.0,13.0,0.13,4.56,4.43,0,punch,91.5,block
58.0,76.0,1.51,7.93,9.43,1,kick,94.8,idle
100.0,100.0,4.58,4.71,9.29,0,punch,98.4,move_right
31.0,70.0,1.52,7.31,8.83,3,move_right,93.2,idle
4.0,31.0,0.15,8.11,8.26,3,move_right,89.5,idle
28.0,10.0,1.15,8.25,9.4,5,move_left,88.3,idle
19.0,52.0,0.0,9.1,9.1,0,punch,90.9,block
82.0,91.0,1.34,7.36,8.7,0,move_left,96.9,jump
70.0,82.0,0.42,4.08,4.5,2,kick,97.0,block
22.0,19.0,0.71,4.05,4.76,0,idle,89.2,kick
52.0,49.0,1.09,5.82,6.91,0,kick,93.3,block
16.0,82.0,0.01,8.78,8.77,0,kick,94.7,block
100.0,100.0,2.39,7.28,9.67,0,special,97.2,move_right
100.0,100.0,7.78,0.7,8.48,0,jump,98.9,move_right
58.0,79.0,0.68,5.18,5.86,3,punch,96.3,block
100.0,100.0,1.05,8.65,9.7,1,move_left,95.4,idle
58.0,70.0,0.14,7.13,7.0,6,punch,91.6,block
40.0,43.0,0.45,7.64,7.19,6,jump,91.4,idle
4.0,43.0,0.69,7.11,7.8,0,move_left,92.9,kick
91.0,94.0,1.31,5.06,6.38,2,kick,96.5,idle
4.0,49.0,0.54,5.62,5.08,3,jump,90.6,idle
55.0,49.0,2.19,4.38,6.56,1,special,94.7,move_right
28.0,67.0,0.03,5.97,6.0,0,punch,89.9,block
52.0,43.0,0.85,5.17,6.02,6,idle,94.6,idle
100.0,100.0,1.97,3.36,5.33,0,kick,96.9,jump
7.0,58.0,0.14,7.29,7.42,0,idle,92.3,move_right
91.0,67.0,0.94,4.43,5.37,1,move_left,95.9,idle
28.0,31.0,1.2,6.34,7.54,3,move_right,91.6,idle
49.0,46.0,1.62,6.6,8.22,0,kick,93.9,jump
61.0,88.0,1.77,6.39,8.17,3,move_right,95.3,idle
85.0,67.0,1.08,7.04,8.12,6,punch,95.2,block
22.0,55.0,0.16,6.91,6.74,6,move_left,89.7,idle
43.0,52.0,0.95,8.45,9.4,0,move_left,93.9,kick
85.0,94.0,1.56,5.32,6.88,0,jump,96.3,punch
58.0,94.0,1.32,7.0,8.32,0,idle,94.2,punch
31.0,46.0,1.13,5.49,6.62,1,idle,91.9,idle
52.0,46.0,0.62,7.09,6.47,1,move_left,93.1,idle
55.0,16.0,0.76,4.42,5.17,1,block,92.7,idle
100.0,100.0,2.73,3.9,6.62,0,idle,97.3,move_right
100.0,100.0,1.58,7.71,9.29,0,jump,96.7,special
67.0,43.0,1.26,7.82,9.08,0,move_right,91.1,punch
46.0,94.0,0.42,5.69,6.12,2,move_left,94.7,idle
67.0,49.0,0.76,3.86,4.62,2,punch,95.4,block
91.0,82.0,0.58,7.09,7.67,1,kick,96.8,block
13.0,13.0,1.64,4.18,2.54,0,move_left,87.8,move_left
4.0,37.0,0.53,5.49,6.02,2,move_right,90.2,idle
58.0,52.0,0.44,7.67,8.11,2,idle,93.6,idle
100.0,100.0,1.68,6.94,8.62,0,block,97.0,move_right
100.0,100.0,2.49,6.21,8.7,0,punch,98.0,move_right
55.0,94.0,1.67,4.54,6.21,0,move_right,95.0,move_right
100.0,100.0,4.97,1.24,6.21,0,kick,98.6,move_right
58.0,79.0,0.42,6.3,6.72,0,jump,95.9,punch
25.0,82.0,0.57,5.94,6.51,0,special,94.4,block
16.0,64.0,0.28,8.63,8.35,0,punch,91.4,jump
25.0,94.0,1.45,5.23,6.68,0,kick,93.8,block
82.0,100.0,1.34,6.77,8.11,3,special,97.6,idle
34.0,76.0,0.71,4.09,4.8,3,kick,96.6,block
100.0,100.0,5.37,2.04,7.41,0,move_right,98.8,move_right
94.0,76.0,0.17,4.26,4.43,3,move_left,95.2,idle
4.0,37.0,0.83,5.49,6.32,1,move_right,90.7,idle
94.0,100.0,1.49,7.76,9.25,3,kick,95.9,idle
100.0,100.0,2.93,4.29,7.22,0,move_right,97.3,move_right
100.0,100.0,3.89,5.48,9.37,0,move_right,98.1,move_right
61.0,82.0,0.45,3.87,4.32,1,special,97.2,block
52.0,37.0,1.42,5.21,6.64,3,move_left,93.2,idle
55.0,67.0,0.86,7.97,8.83,0,special,93.4,block
13.0,22.0,0.54,7.31,7.84,2,block,91.6,idle
52.0,49.0,1.39,4.92,6.31,4,kick,95.0,idle
94.0,100.0,1.57,6.95,8.52,2,punch,96.7,idle
100.0,100.0,1.33,4.5,5.83,3,punch,98.0,idle
70.0,82.0,1.58,6.28,7.87,0,punch,95.5,jump
100.0,100.0,1.93,4.97,6.91,0,kick,98.6,jump
85.0,85.0,1.51,7.93,9.43,0,block,96.1,jump
67.0,61.0,1.96,7.91,9.87,2,move_right,90.6,idle
100.0,100.0,4.03,5.02,9.04,0,block,97.9,move_right
100.0,100.0,4.66,2.32,6.97,5,block,98.4,idle
19.0,58.0,0.86,8.27,9.13,0,jump,91.3,move_right
43.0,79.0,1.21,6.54,7.75,1,kick,94.5,idle
4.0,67.0,0.27,6.57,6.3,0,special,89.4,block
13.0,79.0,0.45,7.41,7.85,0,move_left,92.7,move_right
70.0,67.0,0.86,7.97,8.83,1,punch,93.7,block
37.0,40.0,1.95,7.81,9.76,3,move_right,91.6,idle
61.0,64.0,0.68,5.71,6.39,0,kick,95.2,jump
1.0,37.0,0.87,4.65,3.78,2,move_left,91.3,idle
94.0,100.0,1.47,6.88,8.35,0,kick,96.5,block
100.0,94.0,0.75,4.17,4.92,0,kick,98.1,jump
100.0,91.0,0.93,8.47,9.4,3,move_left,94.2,idle
100.0,100.0,4.59,1.71,6.3,0,punch,98.0,move_right
100.0,100.0,5.17,4.83,10.0,0,idle,97.9,move_right
31.0,49.0,1.09,7.71,8.8,3,move_right,91.7,idle
100.0,100.0,1.37,7.33,8.7,0,kick,97.2,jump
25.0,82.0,0.22,8.22,8.45,0,idle,91.8,move_right
22.0,70.0,1.36,5.62,6.97,2,kick,94.2,idle
22.0,46.0,0.58,6.32,6.89,3,kick,93.0,block
10.0,22.0,0.86,8.84,9.7,6,move_right,91.8,punch
34.0,67.0,0.57,6.27,5.7,1,idle,90.9,idle
10.0,13.0,0.99,6.45,7.44,2,special,88.8,block
49.0,67.0,0.26,4.56,4.82,3,move_left,94.4,idle
19.0,64.0,0.05,6.01,5.96,0,move_left,93.1,move_left
100.0,100.0,6.16,2.8,8.96,0,move_right,98.4,jump
52.0,61.0,0.85,5.17,6.02,0,punch,94.8,block
100.0,100.0,2.53,6.36,8.89,0,idle,98.3,jump
16.0,49.0,1.35,2.67,1.32,2,move_left,91.9,idle
49.0,46.0,1.69,6.44,8.14,3,move_right,93.3,idle
73.0,67.0,0.76,3.86,4.62,1,jump,96.5,idle
19.0,73.0,0.3,9.7,10.0,0,kick,92.7,block
10.0,25.0,0.66,5.91,6.57,0,move_left,90.8,special
40.0,79.0,1.32,5.04,6.36,3,idle,95.3,jump
82.0,94.0,0.94,3.55,4.48,3,jump,97.5,idle
79.0,67.0,1.53,5.82,7.35,1,move_right,95.4,idle
88.0,67.0,1.78,8.2,9.97,0,idle,95.8,move_right
76.0,88.0,1.57,7.53,9.1,2,move_right,96.0,idle
100.0,100.0,2.33,6.47,8.8,0,move_left,96.6,jump
70.0,31.0,0.76,4.42,5.17,1,move_right,93.9,idle
100.0,100.0,1.93,5.9,7.83,0,kick,97.3,jump
82.0,100.0,0.78,6.58,7.36,0,move_left,95.9,punch
16.0,55.0,0.0,5.24,5.24,0,move_right,89.3,move_right
10.0,46.0,0.61,9.39,10.0,1,punch,88.9,block
100.0,100.0,2.42,5.21,7.63,0,move_left,97.7,jump
67.0,79.0,1.13,7.07,8.2,1,move_right,94.4,idle
10.0,55.0,0.19,6.04,6.24,0,move_right,92.7,move_right
100.0,100.0,3.91,1.45,5.36,6,punch,98.5,idle
25.0,64.0,1.02,7.89,8.91,0,move_right,88.2,move_right
28.0,34.0,0.72,6.9,7.62,0,idle,92.0,kick
70.0,79.0,1.1,6.75,7.85,1,idle,94.7,idle
52.0,58.0,1.44,4.0,5.44,0,punch,94.5,special
58.0,88.0,1.62,7.0,8.62,0,idle,93.8,jump
58.0,76.0,1.56,5.2,6.76,3,move_right,93.1,idle
19.0,49.0,0.26,8.84,9.1,0,kick,92.5,block
91.0,100.0,1.24,7.98,9.22,1,punch,96.6,idle
100.0,100.0,5.59,4.41,10.0,0,move_right,97.3,move_right
67.0,61.0,1.66,7.91,9.57,3,move_right,90.7,idle
22.0,61.0,0.4,7.9,8.3,0,punch,91.0,block
31.0,70.0,0.49,4.22,4.71,0,move_right,94.2,punch
82.0,82.0,1.22,7.73,8.95,0,idle,95.6,punch
100.0,100.0,2.0,6.15,8.15,0,idle,97.2,jump
67.0,76.0,1.7,5.41,7.11,0,kick,93.2,move_right
4.0,67.0,0.15,5.67,5.82,0,block,89.1,move_right
100.0,100.0,3.76,4.9,8.66,2,punch,97.2,idle
67.0,82.0,0.01,4.77,4.76,2,punch,95.8,block
100.0,100.0,1.8,4.24,6.04,0,punch,97.4,move_right
100.0,82.0,1.32,4.6,5.92,3,move_left,97.4,idle
76.0,82.0,1.56,5.2,6.76,0,move_left,93.6,punch
25.0,52.0,0.3,6.92,7.22,0,idle,92.2,jump
61.0,49.0,0.94,8.54,7.6,2,move_right,92.0,idle
22.0,55.0,0.59,4.47,5.06,0,move_right,93.3,move_right
100.0,100.0,3.46,4.9,8.36,1,move_left,97.1,idle
43.0,70.0,1.01,7.79,8.8,6,punch,94.0,block
28.0,82.0,1.25,5.75,7.0,2,special,94.9,idle
19.0,73.0,0.6,9.4,10.0,0,jump,92.8,move_right
7.0,55.0,1.06,8.34,9.4,0,jump,90.2,move_right
55.0,64.0,0.7,7.22,7.91,2,move_left,94.3,idle
91.0,73.0,0.98,6.89,7.87,2,block,95.4,idle
100.0,100.0,1.14,3.7,4.84,3,move_left,98.5,idle
94.0,94.0,1.42,6.02,7.44,0,punch,94.2,block
10.0,46.0,0.3,5.24,4.94,0,special,87.6,jump
100.0,100.0,3.16,4.73,7.9,0,move_right,96.6,move_right
34.0,34.0,0.39,6.7,7.09,0,block,89.6,special
22.0,61.0,0.14,8.78,8.63,0,punch,91.2,block
70.0,70.0,0.14,7.13,7.0,0,kick,92.6,block
100.0,100.0,1.84,8.1,9.93,0,punch,95.7,jump
37.0,34.0,0.4,6.91,6.51,0,move_left,93.0,kick
31.0,40.0,1.28,7.41,8.69,3,jump,91.3,idle
94.0,88.0,1.2,6.92,8.12,3,move_left,95.9,idle
73.0,55.0,0.98,4.2,5.18,3,block,95.1,idle
22.0,82.0,0.22,4.97,4.75,1,punch,95.9,block
1.0,61.0,0.27,6.9,7.17,0,jump,92.3,move_right
34.0,37.0,1.13,5.2,6.34,1,kick,92.8,block
100.0,100.0,4.98,3.14,8.12,3,punch,97.8,idle
52.0,55.0,1.23,5.82,7.05,2,block,93.8,idle
19.0,70.0,0.71,7.79,8.5,0,special,93.4,block
13.0,31.0,0.73,7.07,7.81,2,punch,90.6,block
16.0,13.0,0.75,3.87,4.62,3,idle,92.4,idle
100.0,88.0,0.99,4.95,5.94,3,move_left,97.0,idle
34.0,70.0,1.36,5.47,6.83,3,move_right,94.7,idle
100.0,100.0,2.06,3.07,5.13,0,punch,97.7,move_right
28.0,67.0,0.15,5.97,5.82,0,punch,89.7,jump
64.0,73.0,1.43,7.36,8.79,0,punch,94.7,jump
61.0,100.0,1.24,6.44,7.68,0,move_right,94.1,punch
64.0,82.0,0.72,7.18,7.9,2,move_left,93.1,idle
100.0,100.0,4.53,2.07,6.6,0,punch,98.7,move_right
100.0,100.0,1.62,5.2,6.82,0,punch,97.8,move_right
76.0,88.0,1.36,6.42,7.78,0,move_right,95.8,kick
100.0,100.0,1.32,4.61,5.94,0,punch,96.8,block
100.0,82.0,1.42,7.13,8.56,0,move_right,95.8,special
100.0,100.0,1.81,5.09,6.9,0,punch,96.3,move_right
31.0,67.0,0.63,5.02,5.65,0,move_right,96.0,block
19.0,37.0,0.19,5.82,6.01,0,move_left,91.1,punch
91.0,49.0,0.64,4.43,5.07,2,punch,95.3,block
100.0,100.0,3.8,5.6,9.4,0,idle,97.6,move_right
100.0,100.0,2.29,4.02,6.31,0,move_left,98.9,move_right
76.0,85.0,1.17,5.27,6.44,3,idle,94.9,idle
40.0,55.0,1.35,4.17,2.82,2,move_left,94.7,idle
61.0,31.0,0.46,4.42,4.87,2,kick,93.6,block
100.0,100.0,4.34,5.66,10.0,0,move_right,98.3,move_right
31.0,37.0,1.04,7.67,8.71,1,kick,91.4,block
43.0,79.0,1.54,3.85,5.38,0,idle,94.9,punch
49.0,46.0,1.13,5.49,6.62,0,jump,92.7,jump
100.0,100.0,5.3,3.71,9.01,0,special,98.2,move_right
100.0,100.0,2.76,5.12,7.88,0,idle,97.3,move_right
61.0,100.0,1.45,5.53,6.98,3,block,95.1,idle
28.0,76.0,0.07,9.35,9.42,0,move_right,92.0,move_right
31.0,46.0,0.83,5.49,6.32,0,punch,91.7,block
100.0,100.0,3.46,5.94,9.4,0,punch,95.7,move_right
85.0,70.0,0.28,6.32,6.59,3,move_left,95.6,idle
46.0,43.0,0.34,8.54,8.2,0,move_right,91.3,punch
100.0,100.0,3.01,5.17,8.18,6,kick,97.2,special
49.0,88.0,1.65,6.31,7.96,0,punch,96.2,move_right
61.0,82.0,0.42,4.08,4.5,0,punch,96.8,block
100.0,94.0,1.69,7.41,9.1,0,jump,95.4,jump
100.0,94.0,1.42,6.32,7.74,2,move_left,97.0,idle
64.0,76.0,1.04,8.66,9.7,6,idle,91.2,idle
1.0,58.0,0.03,9.43,9.4,0,punch,92.4,jump
100.0,100.0,5.12,4.13,9.25,0,kick,98.8,move_right
76.0,94.0,0.86,6.07,6.94,3,punch,96.6,block
82.0,91.0,1.94,7.06,9.0,0,move_right,97.0,move_right
100.0,91.0,1.62,6.1,7.72,0,punch,96.7,move_right
22.0,13.0,1.28,8.42,9.7,1,move_right,90.0,idle
52.0,49.0,0.93,6.12,7.05,0,special,93.3,block
100.0,100.0,4.02,4.4,8.42,0,punch,98.1,move_right
100.0,100.0,3.03,2.55,5.58,0,kick,98.1,block
37.0,52.0,0.42,6.8,7.22,1,kick,92.7,block
100.0,100.0,5.76,1.52,7.28,0,idle,98.9,move_right
46.0,58.0,1.33,5.65,6.98,3,move_right,94.4,idle
37.0,31.0,0.23,8.23,8.01,0,move_right,92.8,punch
28.0,61.0,0.16,8.78,8.93,0,block,92.4,move_right
88.0,91.0,0.52,4.86,5.38,0,move_left,97.2,punch
85.0,94.0,1.03,5.05,6.08,1,kick,97.4,block
67.0,64.0,0.4,6.8,7.2,1,move_left,95.0,idle
19.0,58.0,0.22,5.76,5.98,0,block,93.6,move_right
100.0,100.0,1.79,7.58,9.37,0,move_left,97.1,move_right
85.0,73.0,1.93,5.93,7.86,0,move_right,95.7,move_right
28.0,43.0,0.68,4.2,4.88,1,punch,92.7,block
49.0,79.0,1.67,5.44,7.11,1,punch,93.4,idle
76.0,79.0,0.57,8.47,7.9,0,special,92.6,block
100.0,100.0,3.39,2.55,5.94,0,move_right,98.9,move_right
22.0,40.0,0.73,7.07,7.81,1,idle,90.9,idle
1.0,76.0,0.11,5.59,5.7,0,special,94.8,block
49.0,49.0,1.81,8.19,10.0,6,punch,91.9,idle
40.0,67.0,1.76,3.55,5.31,1,move_right,95.7,idle
91.0,94.0,1.42,6.32,7.74,2,special,96.1,idle
67.0,73.0,1.03,6.5,7.53,1,move_left,95.8,idle
46.0,46.0,1.2,7.4,8.6,3,kick,93.2,idle
100.0,100.0,5.1,1.54,6.64,0,idle,98.5,move_right
61.0,64.0,1.44,3.7,5.14,0,move_left,95.3,punch
85.0,100.0,0.38,4.97,5.35,0,kick,97.4,block
28.0,79.0,0.88,8.08,7.2,0,kick,90.7,block
40.0,40.0,1.48,8.52,10.0,0,jump,89.6,kick
61.0,82.0,1.44,3.4,4.84,0,jump,96.2,special
94.0,88.0,1.39,7.71,9.1,1,punch,94.9,idle
91.0,100.0,1.44,8.26,9.7,0,kick,97.1,block
61.0,37.0,1.72,4.91,6.64,1,idle,94.1,idle
100.0,100.0,3.74,4.66,8.4,0,punch,98.9,move_right
100.0,100.0,2.47,6.33,8.8,0,move_left,97.3,move_right
49.0,49.0,1.59,4.98,6.56,0,idle,94.1,punch
76.0,88.0,1.6,6.32,7.91,6,idle,97.3,idle
100.0,100.0,5.75,4.25,10.0,0,move_right,98.8,jump
79.0,40.0,0.61,7.52,8.13,2,special,94.0,block
37.0,88.0,0.79,4.22,5.01,2,block,95.7,idle
49.0,85.0,1.75,8.2,9.95,0,move_right,92.5,move_right
88.0,91.0,0.5,8.9,9.4,0,idle,94.3,punch
100.0,100.0,5.48,4.52,10.0,0,move_right,97.9,move_right
64.0,82.0,1.4,6.2,7.59,0,kick,97.6,block
79.0,85.0,0.64,8.84,8.2,0,move_left,94.2,kick
100.0,100.0,6.66,3.1,9.75,0,move_right,97.9,move_right
100.0,100.0,6.08,2.25,8.33,0,idle,99.0,move_right
100.0,100.0,7.66,2.3,9.96,0,idle,99.0,move_right
100.0,100.0,5.15,3.95,9.1,0,jump,98.7,jump
100.0,100.0,1.15,6.01,7.16,0,idle,97.3,jump
82.0,82.0,1.12,6.32,7.44,2,move_right,93.2,idle
100.0,100.0,1.66,3.58,5.24,0,punch,97.9,special
100.0,100.0,1.27,6.95,8.22,6,move_left,97.1,idle
100.0,100.0,4.25,5.15,9.4,0,move_right,98.2,move_right
76.0,88.0,1.72,6.92,8.64,0,idle,94.7,move_right
40.0,91.0,0.79,5.82,6.61,0,move_left,95.2,block
100.0,100.0,2.82,3.51,6.33,0,move_left,98.9,move_right
94.0,82.0,0.6,7.3,7.9,0,move_right,95.1,kick
100.0,100.0,3.46,4.43,7.9,0,kick,97.0,move_right
76.0,82.0,1.39,7.66,9.04,3,special,95.9,idle
25.0,31.0,0.3,6.91,7.2,2,kick,88.9,block
70.0,82.0,1.37,7.63,9.0,3,move_right,95.4,idle
19.0,55.0,0.43,5.01,4.58,0,move_left,92.7,move_left
85.0,94.0,1.48,6.19,7.67,0,idle,95.7,idle
40.0,91.0,1.09,5.82,6.91,0,idle,95.0,special
100.0,100.0,1.44,3.7,5.14,4,kick,98.6,idle
40.0,28.0,0.84,5.81,4.96,6,idle,91.5,idle
25.0,82.0,0.22,8.82,9.05,3,punch,92.5,block
100.0,100.0,3.91,1.45,5.36,4,jump,98.3,punch
10.0,52.0,0.1,9.7,9.6,0,move_left,89.5,move_left
49.0,67.0,1.08,7.24,8.32,3,block,94.3,idle
100.0,100.0,2.68,2.84,5.52,3,move_left,98.5,idle
100.0,100.0,3.11,3.56,6.68,0,block,97.3,jump
64.0,82.0,1.02,6.59,7.61,2,special,96.2,block
31.0,49.0,0.78,7.34,8.12,2,special,93.1,block
28.0,31.0,0.62,7.09,6.47,1,kick,91.3,block
70.0,76.0,1.51,6.55,8.06,3,idle,90.9,idle
100.0,100.0,2.12,6.83,8.95,0,idle,97.7,jump
100.0,82.0,1.66,7.74,9.4,3,move_right,93.6,special
37.0,40.0,1.05,8.11,9.16,0,move_left,91.0,block
28.0,73.0,1.09,5.82,6.91,2,idle,94.5,idle
100.0,91.0,1.52,4.79,6.3,2,jump,96.7,idle
10.0,55.0,0.1,9.3,9.4,0,punch,89.9,block
52.0,88.0,1.18,7.78,6.6,1,move_left,92.5,idle
100.0,94.0,1.28,4.4,5.68,0,block,98.0,special
52.0,61.0,0.85,5.17,6.02,0,idle,94.7,special
73.0,91.0,0.75,5.97,6.72,2,punch,94.0,block
100.0,100.0,3.08,2.47,5.55,0,move_right,98.6,move_right
19.0,73.0,1.26,6.66,7.92,0,block,91.5,move_right
79.0,31.0,0.89,5.55,4.66,6,kick,91.9,block
100.0,100.0,1.64,6.61,8.24,0,kick,95.8,jump
25.0,52.0,0.68,5.77,6.45,0,move_right,92.6,move_right
52.0,70.0,1.17,7.18,8.35,3,move_left,93.1,idle
34.0,22.0,1.12,5.21,6.34,1,punch,91.8,block
91.0,100.0,1.05,6.81,7.85,0,move_left,96.3,punch
52.0,46.0,1.2,6.34,7.54,3,move_left,92.4,idle
43.0,34.0,1.89,6.18,8.06,4,move_right,92.1,idle
43.0,40.0,1.49,4.29,5.78,4,move_right,94.1,idle
91.0,91.0,0.42,5.49,5.91,2,move_left,96.5,idle
67.0,82.0,1.19,4.77,5.96,3,jump,97.1,idle
16.0,73.0,0.43,8.76,9.19,0,move_left,94.0,move_right
82.0,100.0,1.69,5.52,7.21,0,move_right,97.9,jump
52.0,79.0,1.18,7.78,6.6,3,idle,92.3,idle
91.0,82.0,1.5,5.44,6.94,3,kick,96.0,idle
64.0,82.0,0.58,3.68,4.26,1,jump,95.9,idle
58.0,34.0,0.74,5.53,6.27,3,kick,94.0,block
91.0,94.0,1.87,3.42,5.29,3,move_right,97.5,idle
100.0,100.0,1.81,6.49,8.3,0,move_left,98.1,jump
25.0,55.0,0.02,2.78,2.76,0,idle,90.9,move_left
10.0,37.0,1.43,5.2,6.64,0,jump,91.8,block
100.0,100.0,2.71,6.37,9.08,0,punch,96.0,jump
58.0,79.0,1.21,6.54,7.75,3,special,94.7,idle
100.0,100.0,3.42,2.58,6.0,0,block,98.9,move_right
91.0,94.0,1.32,7.89,9.21,0,kick,94.6,block
49.0,91.0,1.33,7.86,9.19,2,idle,96.0,idle
7.0,25.0,0.22,7.43,7.66,3,move_left,91.1,idle
100.0,100.0,3.28,5.49,8.77,0,move_right,96.4,move_right
100.0,100.0,2.05,4.93,6.98,0,jump,97.0,jump
100.0,100.0,2.27,6.42,8.7,0,special,97.2,move_right
79.0,49.0,0.58,8.5,9.07,3,kick,95.2,block
49.0,76.0,1.27,7.25,8.52,2,jump,94.7,idle
85.0,76.0,0.58,6.32,6.89,3,special,96.0,block
100.0,100.0,1.96,3.55,5.51,0,move_right,97.6,jump
55.0,28.0,1.03,7.73,8.76,6,block,92.3,idle
100.0,100.0,7.77,1.44,9.21,0,special,98.3,move_right
28.0,61.0,1.0,7.6,8.6,0,punch,91.5,jump
100.0,85.0,1.1,5.71,6.81,2,idle,97.8,idle
61.0,52.0,0.8,7.22,8.02,0,move_left,94.4,kick
100.0,100.0,1.72,6.72,8.45,1,kick,96.2,idle
16.0,43.0,1.51,8.49,10.0,3,move_right,89.2,idle
25.0,7.0,0.79,8.61,9.4,3,move_left,89.1,idle
67.0,73.0,1.26,5.91,7.17,3,idle,95.8,idle
58.0,58.0,1.03,5.65,6.68,4,punch,95.0,block
22.0,70.0,0.29,7.74,7.45,0,move_left,92.4,move_left
100.0,100.0,7.29,0.98,8.27,0,idle,98.8,move_right
52.0,67.0,0.82,6.62,7.44,0,idle,91.8,punch
91.0,91.0,1.02,5.49,6.51,2,kick,97.3,block
100.0,100.0,1.33,7.56,8.89,0,jump,97.5,kick
58.0,49.0,0.8,6.91,7.71,2,idle,94.7,idle
100.0,100.0,1.87,7.23,9.1,0,move_right,97.0,jump
91.0,82.0,1.25,6.01,7.26,0,kick,96.5,jump
25.0,94.0,0.25,6.73,6.98,0,move_right,93.0,move_right
100.0,100.0,2.7,4.21,6.9,0,punch,96.6,jump
13.0,16.0,0.1,6.91,6.81,0,kick,91.7,special
73.0,79.0,1.22,4.07,5.29,3,special,95.2,idle
4.0,82.0,0.22,8.22,8.45,0,idle,90.5,move_right
19.0,73.0,1.34,8.56,9.9,0,punch,92.5,jump
55.0,73.0,0.36,5.62,5.98,0,punch,93.8,block
100.0,100.0,2.63,6.16,8.79,0,move_left,98.3,jump
37.0,70.0,1.01,7.79,8.8,3,punch,93.7,block
100.0,100.0,6.5,3.5,10.0,0,move_right,98.6,move_right
49.0,61.0,1.03,6.5,7.53,2,move_left,95.1,idle
64.0,76.0,0.48,7.24,7.72,2,punch,95.1,block
13.0,58.0,0.26,7.57,7.84,0,idle,89.9,move_right
100.0,100.0,2.27,6.43,8.7,0,kick,97.5,move_right
94.0,94.0,1.34,5.23,6.57,0,move_right,96.6,kick
16.0,67.0,0.88,8.18,7.3,1,jump,92.1,idle
28.0,19.0,1.28,8.72,10.0,3,move_right,91.5,idle
94.0,79.0,0.27,8.47,8.2,2,move_left,92.8,idle
100.0,100.0,4.86,2.46,7.32,0,punch,97.7,move_right
100.0,100.0,6.13,2.38,8.51,0,kick,98.9,move_right
13.0,67.0,0.12,7.48,7.36,0,idle,92.2,move_left
10.0,31.0,0.52,6.06,6.58,4,jump,92.4,idle
61.0,76.0,0.43,7.94,8.37,0,move_right,94.5,kick
25.0,52.0,0.23,7.03,7.26,0,idle,89.3,move_right
46.0,70.0,1.51,8.49,10.0,3,jump,90.2,idle
88.0,100.0,1.02,7.85,8.87,1,punch,97.5,block
91.0,94.0,1.61,5.06,6.68,0,move_right,96.3,jump
100.0,100.0,3.12,4.0,7.12,0,punch,98.8,jump
52.0,79.0,1.77,5.27,7.04,0,move_right,94.0,move_right
100.0,100.0,3.09,4.61,7.7,0,move_right,97.5,jump
22.0,55.0,0.31,5.37,5.06,0,move_left,92.7,move_left
7.0,55.0,0.07,7.97,7.9,0,block,89.9,move_left
46.0,52.0,1.32,8.42,9.74,2,kick,92.0,idle
100.0,100.0,1.95,6.21,8.15,0,move_right,96.9,move_right
100.0,100.0,1.18,4.04,5.22,0,move_left,97.6,special
100.0,100.0,2.22,5.24,7.46,0,move_left,97.7,move_right
100.0,100.0,5.25,1.47,6.72,0,punch,98.9,move_right
43.0,85.0,1.17,6.3,7.47,1,kick,96.4,block
88.0,73.0,1.57,5.11,6.68,2,kick,95.2,idle
82.0,64.0,0.28,7.09,7.37,1,move_right,95.2,idle
52.0,55.0,0.67,8.23,8.91,0,punch,94.3,block
85.0,82.0,0.22,5.12,4.9,0,move_left,97.5,kick
100.0,100.0,2.5,5.8,8.3,0,idle,97.7,move_right
37.0,85.0,1.52,7.44,8.96,3,move_right,90.6,idle
100.0,100.0,2.79,5.48,8.27,0,kick,96.8,move_right
100.0,100.0,1.85,4.53,6.38,2,idle,98.5,idle
46.0,37.0,0.43,5.47,5.89,2,move_left,92.3,idle
100.0,100.0,2.2,5.09,7.29,0,kick,96.0,move_right
88.0,91.0,1.25,5.75,7.0,0,punch,95.8,block
52.0,52.0,1.25,8.45,9.7,1,move_left,94.1,idle
55.0,67.0,0.86,7.97,8.83,0,punch,93.5,jump
13.0,13.0,1.64,4.48,2.84,0,jump,87.9,move_left
100.0,76.0,1.6,7.22,8.82,0,punch,94.8,punch
22.0,28.0,0.79,6.58,7.37,6,kick,93.9,block
100.0,100.0,1.97,3.66,5.63,0,move_right,96.5,move_right
100.0,100.0,3.78,5.08,8.86,2,move_right,97.8,idle
100.0,100.0,0.72,5.02,5.74,0,move_right,97.1,punch
73.0,82.0,1.32,4.61,5.94,5,move_left,95.2,idle
100.0,82.0,1.52,4.79,6.3,1,move_right,96.2,idle
73.0,64.0,1.58,4.4,5.98,1,idle,97.2,idle
88.0,79.0,1.29,3.81,5.1,3,punch,95.9,idle
67.0,73.0,1.46,8.24,9.7,3,block,92.0,punch
4.0,37.0,0.49,5.74,6.24,3,idle,91.7,idle
52.0,49.0,2.49,4.95,7.44,0,special,92.3,move_right
100.0,94.0,1.54,3.83,5.37,1,move_right,98.7,idle
7.0,64.0,0.62,9.11,9.73,0,punch,91.3,block
37.0,91.0,0.04,8.28,8.32,1,move_left,94.3,idle
100.0,91.0,0.93,8.47,9.4,2,idle,94.1,special
37.0,52.0,1.81,6.79,8.6,2,idle,94.5,idle
100.0,100.0,1.44,3.7,5.14,5,special,98.7,idle
4.0,73.0,0.02,6.11,6.1,0,jump,92.7,move_left
61.0,88.0,0.94,6.44,7.38,2,jump,93.5,idle
100.0,100.0,3.3,5.0,8.3,0,kick,97.8,move_right
100.0,88.0,1.26,5.46,6.72,2,move_right,95.7,idle
79.0,91.0,1.36,5.32,6.67,3,punch,95.8,idle
100.0,91.0,0.82,7.32,8.15,3,move_left,95.6,idle
100.0,100.0,5.42,2.51,7.93,0,jump,98.8,jump
37.0,61.0,1.82,8.04,9.86,2,idle,89.1,block
70.0,76.0,1.36,7.88,9.23,0,kick,94.6,block
31.0,88.0,0.98,7.08,8.05,3,jump,96.8,idle
22.0,31.0,1.2,6.34,7.54,0,move_left,91.1,punch
100.0,100.0,4.82,3.41,8.23,0,move_right,98.3,move_right
4.0,67.0,0.04,4.86,4.82,0,move_left,90.6,move_left
100.0,82.0,1.56,5.81,7.36,6,kick,97.1,idle
64.0,34.0,1.55,8.45,10.0,2,kick,92.9,jump
100.0,100.0,4.56,4.12,8.68,3,kick,98.5,idle
67.0,73.0,0.72,6.14,6.86,3,punch,96.6,block
43.0,46.0,0.83,5.2,6.04,0,punch,93.8,jump
13.0,43.0,1.02,6.7,7.72,0,special,89.5,jump
100.0,100.0,6.57,1.59,8.17,0,block,98.6,move_right
34.0,34.0,0.72,6.9,7.62,1,idle,92.2,jump
100.0,100.0,5.45,4.55,10.0,0,punch,98.6,jump
100.0,100.0,6.45,2.96,9.41,0,idle,98.2,move_right
52.0,64.0,1.33,7.07,8.41,3,punch,93.3,idle
49.0,67.0,1.37,7.93,9.3,1,punch,93.3,idle
43.0,58.0,0.49,7.71,8.2,0,idle,92.6,block
82.0,100.0,1.04,5.19,6.22,2,jump,97.0,idle
100.0,100.0,2.89,6.81,9.7,0,idle,96.4,jump
100.0,94.0,1.5,8.5,10.0,3,move_right,95.2,idle
16.0,16.0,1.19,5.19,6.38,3,block,92.5,idle
100.0,100.0,3.42,1.61,5.04,0,idle,99.0,move_right
37.0,46.0,1.56,7.0,8.56,2,move_right,88.3,idle
100.0,100.0,3.12,5.6,8.72,0,idle,97.1,move_right
100.0,100.0,3.92,5.04,8.96,0,move_right,95.2,move_right
100.0,100.0,2.22,5.8,8.02,0,kick,97.9,move_right
100.0,100.0,2.68,4.09,6.77,0,kick,98.3,move_right
100.0,100.0,3.84,6.16,10.0,0,jump,98.4,move_right
31.0,37.0,0.49,6.44,6.94,0,idle,91.9,punch
76.0,82.0,1.26,5.62,6.88,2,idle,95.2,idle
22.0,34.0,1.38,7.34,8.72,0,move_right,91.3,punch
100.0,100.0,1.42,6.72,8.15,0,idle,96.5,punch
100.0,91.0,2.48,5.99,8.47,0,move_right,96.5,jump
100.0,91.0,1.58,5.11,6.69,0,move_right,97.5,punch
85.0,82.0,1.58,6.28,7.87,1,punch,96.0,idle
64.0,73.0,1.2,5.44,6.64,1,idle,95.2,idle
76.0,100.0,0.86,6.07,6.94,0,move_right,96.7,punch
100.0,100.0,5.75,3.35,9.1,0,idle,98.9,move_right
100.0,100.0,3.2,6.2,9.4,0,kick,97.4,move_right
91.0,94.0,1.89,6.1,7.99,1,move_right,95.2,idle
100.0,100.0,2.57,6.13,8.7,0,jump,97.8,move_right
100.0,100.0,1.62,5.48,7.1,0,move_left,98.2,jump
34.0,58.0,1.28,5.71,6.99,3,move_right,92.5,idle
34.0,49.0,0.87,8.47,7.6,3,punch,90.7,block
100.0,94.0,1.21,7.14,8.35,1,move_left,97.3,idle
76.0,85.0,1.18,7.39,8.57,0,move_left,94.4,kick
82.0,94.0,1.62,7.89,9.51,0,punch,93.7,move_right
43.0,34.0,0.43,5.98,6.41,0,idle,92.8,punch
100.0,100.0,1.97,3.36,5.33,0,idle,96.7,jump
37.0,55.0,1.27,8.13,9.4,2,kick,93.0,idle
100.0,100.0,2.33,4.93,7.26,0,punch,97.0,move_right
79.0,67.0,1.29,6.41,7.7,3,jump,94.4,idle
22.0,61.0,0.86,3.85,4.71,3,kick,94.8,block
40.0,79.0,1.17,5.87,7.04,0,move_left,92.7,kick
70.0,79.0,1.75,5.27,7.02,0,jump,92.1,jump
85.0,73.0,1.63,5.63,7.26,1,special,96.3,idle
22.0,55.0,0.0,4.64,4.64,0,block,90.0,move_right
4.0,31.0,0.52,6.06,6.58,2,jump,92.2,idle
100.0,100.0,3.27,4.78,8.05,0,punch,98.9,move_right
43.0,64.0,1.61,6.56,8.18,0,move_right,92.6,move_right
16.0,16.0,1.21,7.99,9.2,5,punch,91.3,idle
25.0,49.0,0.06,5.62,5.68,3,jump,91.8,idle
100.0,100.0,4.68,3.28,7.96,0,block,98.9,jump
52.0,58.0,1.8,5.74,7.54,0,move_right,93.1,move_right
100.0,100.0,2.52,3.11,5.64,0,punch,97.4,move_right
19.0,76.0,0.27,9.37,9.1,0,idle,88.1,move_left
94.0,67.0,2.5,7.22,9.72,0,move_right,94.0,move_right
100.0,100.0,7.7,2.08,9.78,0,punch,97.7,move_right
43.0,79.0,1.54,3.25,4.78,2,idle,95.5,idle
73.0,49.0,1.29,4.95,6.24,3,move_right,93.3,idle
91.0,100.0,1.05,5.67,6.72,0,punch,96.0,block
49.0,67.0,1.08,7.24,8.32,2,punch,94.6,block
100.0,100.0,1.48,7.59,9.07,0,jump,95.0,punch
100.0,100.0,2.79,6.84,9.63,0,idle,97.5,move_right
100.0,100.0,6.62,2.38,9.0,0,jump,98.5,block
100.0,100.0,5.78,3.81,9.59,0,punch,98.8,jump
52.0,70.0,1.44,8.56,10.0,3,jump,92.6,idle
49.0,43.0,1.31,3.75,5.06,0,kick,92.9,block
100.0,100.0,1.94,6.31,8.24,0,kick,96.0,move_right
100.0,100.0,5.0,4.7,9.7,0,special,97.9,move_right
28.0,40.0,0.0,8.5,8.5,1,jump,90.8,idle
100.0,100.0,7.2,1.82,9.02,2,move_right,98.7,idle
70.0,82.0,1.26,5.62,6.88,0,idle,95.0,idle
10.0,64.0,0.12,9.59,9.71,0,move_right,92.2,move_right
100.0,100.0,4.83,1.77,6.6,0,move_right,98.8,move_right
100.0,82.0,0.58,6.32,6.89,2,move_left,97.4,idle
76.0,67.0,1.92,6.92,8.84,0,idle,95.5,jump
70.0,73.0,0.36,5.62,5.98,2,move_left,94.5,idle
88.0,82.0,1.5,6.8,8.3,5,punch,96.2,idle
100.0,94.0,1.9,4.84,6.73,2,kick,98.4,idle
100.0,100.0,3.91,6.02,9.93,0,move_right,98.0,jump
31.0,46.0,1.03,7.07,8.11,0,move_right,91.6,block
25.0,49.0,0.48,8.32,8.8,0,kick,91.9,block
100.0,76.0,1.84,4.43,6.27,0,kick,96.9,jump
43.0,55.0,0.85,5.87,6.72,0,punch,89.8,jump
1.0,28.0,1.7,7.81,9.51,0,kick,87.2,move_right
85.0,43.0,0.94,4.43,5.37,0,special,94.6,block
91.0,85.0,1.51,7.93,9.43,0,kick,96.3,jump
1.0,73.0,0.18,6.84,6.66,0,kick,91.9,block
100.0,100.0,1.85,4.53,6.38,1,move_right,98.0,idle
37.0,79.0,0.69,4.37,5.06,1,kick,95.8,block
100.0,100.0,8.0,1.78,9.78,6,move_right,98.4,idle
100.0,100.0,4.28,5.56,9.84,0,move_right,98.6,move_right
100.0,88.0,0.73,7.94,8.67,1,idle,96.2,idle
64.0,67.0,1.55,8.15,9.7,6,jump,96.2,idle
58.0,58.0,0.35,6.01,6.36,0,move_left,94.8,block
55.0,82.0,0.8,4.62,5.42,2,idle,96.1,idle
100.0,100.0,1.46,7.94,9.4,3,idle,95.6,idle
79.0,88.0,0.73,7.94,8.67,0,punch,95.8,jump
82.0,100.0,1.62,3.84,5.46,3,move_right,98.3,idle
46.0,37.0,1.03,5.47,6.49,0,punch,92.6,jump
13.0,73.0,0.3,10.0,9.7,0,move_left,91.5,move_left
34.0,43.0,0.09,6.7,6.79,0,block,90.0,kick
40.0,85.0,1.23,5.15,6.38,0,punch,93.9,jump
100.0,100.0,1.45,5.53,6.98,0,idle,96.7,kick
52.0,73.0,1.57,8.43,10.0,0,jump,93.9,special
91.0,76.0,1.51,4.75,6.26,0,punch,95.0,kick
55.0,67.0,1.32,5.5,6.82,0,idle,94.3,kick
16.0,61.0,0.27,7.2,7.47,0,move_right,94.1,move_right
91.0,79.0,1.44,7.01,8.44,2,kick,96.0,idle
100.0,100.0,2.52,6.02,8.54,0,idle,97.8,move_right
43.0,61.0,1.06,8.51,9.57,1,move_right,89.4,idle
55.0,85.0,2.18,3.37,5.55,0,punch,95.2,move_right
10.0,7.0,0.02,4.04,4.02,1,punch,91.8,block
58.0,76.0,1.15,5.17,6.32,1,jump,95.9,idle
49.0,82.0,1.37,7.93,9.3,3,punch,94.3,idle
22.0,73.0,1.22,4.67,5.89,4,block,91.9,idle
100.0,100.0,2.57,6.13,8.7,0,punch,97.9,jump
100.0,100.0,4.03,5.92,9.94,1,idle,96.6,idle
13.0,25.0,1.2,7.1,8.3,3,idle,91.2,idle
25.0,43.0,1.51,8.49,10.0,3,move_right,90.2,idle
100.0,100.0,2.73,6.37,9.1,0,kick,96.1,move_right
10.0,64.0,0.0,10.0,10.0,0,kick,89.5,block
4.0,10.0,1.93,6.8,8.73,1,move_right,91.4,idle
100.0,100.0,1.73,5.19,6.92,0,idle,96.8,move_right
67.0,67.0,0.46,8.34,8.8,0,kick,93.4,move_left
76.0,67.0,1.62,7.22,8.84,1,punch,95.7,idle
55.0,28.0,1.63,7.73,9.36,1,move_right,91.8,idle
16.0,58.0,1.03,6.25,7.28,0,idle,93.3,move_right
28.0,55.0,0.27,6.88,7.15,0,move_left,91.3,special
100.0,100.0,4.85,5.15,10.0,0,move_right,98.3,move_right
52.0,61.0,1.1,6.91,8.01,2,punch,90.6,block
100.0,100.0,3.18,4.64,7.82,0,idle,97.0,move_right
7.0,25.0,1.02,6.9,7.92,0,idle,90.9,block
76.0,85.0,1.08,6.58,7.66,2,move_left,94.6,idle
37.0,52.0,1.65,7.51,9.16,6,move_right,93.2,idle
100.0,100.0,5.26,2.63,7.9,2,punch,98.1,idle
55.0,64.0,1.0,7.22,8.21,3,move_left,94.4,idle
46.0,79.0,1.47,5.87,7.34,0,punch,92.9,block
100.0,94.0,0.98,3.67,4.65,3,move_left,98.1,idle
61.0,58.0,0.64,8.54,7.9,5,kick,92.7,block
43.0,82.0,0.68,5.97,6.64,0,idle,93.2,kick
85.0,73.0,0.22,5.12,4.9,0,jump,97.0,kick
34.0,61.0,0.87,6.88,7.75,0,move_left,92.2,idle
100.0,100.0,1.67,3.96,5.63,0,punch,96.4,jump
7.0,82.0,0.03,5.94,5.91,0,idle,92.1,move_left
100.0,100.0,2.36,5.47,7.84,0,move_right,98.0,jump
52.0,100.0,1.45,5.23,6.68,1,punch,94.5,idle
79.0,85.0,1.56,5.91,7.47,0,block,96.3,punch
70.0,88.0,1.6,6.92,8.51,0,punch,96.3,block
100.0,100.0,1.59,8.34,9.93,2,jump,95.8,idle
55.0,88.0,1.36,4.87,6.23,3,punch,97.3,idle
22.0,67.0,0.18,5.84,5.66,0,kick,94.8,block
100.0,100.0,3.44,6.56,10.0,0,block,98.0,move_right
100.0,100.0,2.66,7.04,9.7,0,move_right,96.1,move_right
19.0,73.0,0.3,9.7,9.4,0,move_left,92.2,move_left
19.0,67.0,0.14,9.1,8.96,0,idle,92.9,move_left
52.0,37.0,0.32,7.09,6.77,3,kick,92.7,block
100.0,100.0,3.53,5.87,9.4,0,kick,96.9,jump
52.0,70.0,1.44,8.56,10.0,1,idle,92.4,idle
22.0,46.0,0.38,7.05,7.43,3,jump,92.1,idle
10.0,25.0,1.27,8.43,9.7,0,special,88.3,block
100.0,100.0,1.59,5.5,7.09,0,move_left,96.6,kick
13.0,73.0,0.28,5.81,6.1,0,idle,93.4,move_right
94.0,91.0,1.63,7.56,9.19,0,idle,97.1,move_right
100.0,100.0,3.17,2.46,5.63,0,kick,97.6,move_right
40.0,49.0,0.44,4.78,4.34,3,move_right,90.6,special
100.0,100.0,2.34,5.81,8.14,0,punch,98.2,move_right
70.0,61.0,1.32,8.42,9.74,3,idle,93.7,idle
100.0,100.0,5.3,2.85,8.15,0,idle,98.4,move_right
73.0,79.0,1.2,4.04,5.24,0,kick,94.9,block
31.0,58.0,0.23,7.03,7.26,5,jump,91.6,idle
31.0,16.0,0.1,6.91,6.81,3,kick,92.1,block
100.0,100.0,2.81,5.09,7.9,0,punch,97.5,jump
58.0,76.0,0.3,6.92,7.22,3,move_right,94.4,idle
100.0,85.0,1.25,4.53,5.78,1,punch,97.0,idle
100.0,100.0,5.28,2.54,7.82,0,idle,98.4,move_right
70.0,82.0,1.58,6.28,7.87,2,idle,95.7,idle
25.0,73.0,0.64,4.45,5.08,0,jump,93.7,move_right
100.0,100.0,4.62,3.6,8.22,0,kick,98.8,jump
100.0,100.0,3.13,5.08,8.21,0,kick,98.0,jump
85.0,61.0,0.89,5.55,4.66,6,jump,93.3,idle
34.0,49.0,0.74,7.13,6.4,2,move_right,89.5,idle
10.0,25.0,0.65,8.45,9.1,3,move_left,92.1,idle
100.0,100.0,1.58,8.42,10.0,3,idle,96.1,idle
100.0,82.0,1.51,4.75,6.26,1,special,95.6,move_left
73.0,94.0,1.52,7.14,8.66,0,idle,92.9,block
40.0,67.0,1.38,7.24,8.62,6,move_right,93.9,idle
10.0,52.0,0.17,8.84,8.67,3,punch,92.2,block
100.0,100.0,6.78,1.64,8.42,0,jump,98.8,move_right
46.0,67.0,1.06,7.6,8.66,3,special,93.8,jump
67.0,73.0,1.16,8.24,9.4,0,move_right,92.5,kick
100.0,100.0,3.32,4.14,7.46,6,move_left,96.2,idle
43.0,67.0,0.0,6.92,6.92,0,punch,93.3,block
100.0,100.0,2.08,6.19,8.27,0,move_right,97.8,move_right
100.0,100.0,3.98,3.87,7.84,1,move_left,97.5,idle
46.0,73.0,1.26,6.66,7.92,4,kick,91.9,idle
49.0,94.0,1.22,7.44,8.66,0,move_left,91.6,kick
100.0,91.0,1.55,4.53,6.08,1,punch,97.5,idle
55.0,67.0,0.66,6.9,6.24,1,jump,92.7,idle
94.0,100.0,1.87,6.95,8.82,2,jump,96.3,idle
100.0,100.0,1.55,4.53,6.08,0,move_left,98.3,punch
34.0,55.0,0.78,5.79,5.01,2,move_left,93.1,idle
100.0,100.0,1.28,3.67,4.95,0,move_left,98.2,punch
100.0,100.0,2.41,6.67,9.08,0,idle,95.7,move_right
37.0,64.0,0.72,7.89,8.61,5,jump,88.7,idle
49.0,82.0,1.09,6.77,7.87,1,kick,96.0,kick
13.0,61.0,0.63,8.77,9.4,0,move_right,90.3,move_left
100.0,100.0,1.58,6.45,8.03,0,idle,97.1,kick
100.0,100.0,7.95,1.67,9.62,0,move_right,98.9,move_right
22.0,67.0,0.26,4.56,4.82,0,idle,92.9,move_right
100.0,100.0,3.31,5.17,8.48,3,block,96.8,idle
100.0,100.0,3.7,4.0,7.7,0,special,98.6,move_right
52.0,49.0,0.63,6.12,6.75,0,jump,93.0,punch
100.0,100.0,4.72,2.33,7.06,0,idle,99.0,move_right
67.0,79.0,0.42,8.19,8.61,1,kick,91.3,block
76.0,88.0,1.83,7.87,9.7,1,move_right,93.7,idle
91.0,100.0,1.44,8.56,10.0,3,move_right,96.4,idle
100.0,100.0,3.17,2.91,6.08,0,punch,98.6,move_right
100.0,88.0,1.84,3.83,5.67,0,special,98.1,move_right
91.0,94.0,1.43,7.07,8.5,0,kick,95.9,block
7.0,25.0,1.02,6.9,7.92,3,move_right,91.2,idle
100.0,100.0,1.74,5.51,7.26,0,special,96.7,move_right
7.0,82.0,0.57,5.34,5.91,0,move_right,92.3,move_right
4.0,34.0,0.21,6.6,6.39,1,kick,93.3,block
94.0,76.0,0.76,7.91,8.67,0,move_right,92.5,punch
55.0,70.0,1.0,7.6,8.6,1,idle,93.1,idle
58.0,82.0,0.23,6.43,6.66,1,idle,95.1,idle
94.0,82.0,1.42,7.13,8.56,0,move_right,95.1,punch
94.0,88.0,0.9,6.92,7.82,2,move_left,95.8,idle
100.0,100.0,4.2,2.44,6.64,0,move_right,98.2,move_right
73.0,79.0,1.21,8.19,9.4,0,move_left,93.9,block
64.0,49.0,1.22,8.48,9.7,3,move_left,91.8,idle
100.0,100.0,4.72,3.72,8.45,0,move_right,97.7,move_right
34.0,67.0,1.17,6.27,5.1,3,move_left,90.7,idle
37.0,67.0,1.46,8.54,10.0,0,jump,90.9,idle
100.0,94.0,1.52,7.18,8.7,3,move_right,96.3,idle
100.0,100.0,1.66,5.02,6.67,0,idle,96.6,jump
28.0,28.0,1.83,7.2,9.02,0,idle,90.2,move_right
1.0,34.0,1.14,4.3,5.44,3,kick,91.3,block
67.0,43.0,0.13,6.07,6.19,4,punch,94.2,move_left
19.0,55.0,0.13,4.71,4.58,0,idle,92.6,move_left
43.0,49.0,1.21,8.49,9.7,1,punch,90.8,idle
64.0,67.0,0.93,5.82,6.75,0,punch,94.8,block
34.0,46.0,0.08,7.22,7.14,0,idle,89.7,punch
100.0,100.0,1.16,5.93,7.09,0,jump,96.9,punch
82.0,61.0,1.37,7.02,8.4,2,jump,94.5,idle
100.0,100.0,4.54,3.99,8.53,0,idle,96.9,move_right
94.0,94.0,0.77,4.26,5.03,0,move_left,95.6,special
100.0,100.0,6.72,3.28,10.0,0,idle,97.2,move_right
70.0,76.0,1.51,6.55,8.06,2,idle,90.8,idle
61.0,43.0,0.64,8.54,7.9,2,move_right,91.6,idle
100.0,100.0,1.86,5.21,7.06,0,move_left,97.4,move_right
67.0,70.0,0.15,7.64,7.79,3,kick,93.3,block
25.0,82.0,0.1,7.4,7.29,0,idle,95.1,move_left
1.0,73.0,0.18,3.64,3.82,0,kick,94.1,jump
49.0,85.0,1.75,7.6,9.35,0,move_right,93.3,move_right
100.0,100.0,3.06,5.62,8.68,0,move_right,97.7,move_right
76.0,61.0,1.02,6.8,7.82,3,move_left,94.4,idle
4.0,4.0,1.02,8.2,9.22,0,punch,86.8,block
100.0,100.0,3.54,5.84,9.38,0,move_right,98.0,move_right
100.0,100.0,2.37,4.74,7.11,0,special,97.8,move_right
10.0,34.0,0.29,8.81,9.1,2,block,90.1,idle
43.0,73.0,0.88,5.81,6.7,5,jump,95.0,block
31.0,25.0,1.03,6.8,7.83,5,kick,92.7,block
40.0,37.0,1.04,7.67,8.71,2,move_right,91.5,idle
100.0,100.0,5.88,3.64,9.52,0,move_right,98.2,move_right
40.0,64.0,1.32,4.91,6.24,0,idle,92.2,punch
52.0,64.0,0.73,7.07,7.81,0,move_left,92.9,punch
100.0,100.0,6.72,1.97,8.69,0,idle,99.0,move_right
100.0,85.0,0.01,8.81,8.8,1,special,94.2,block
40.0,58.0,1.13,6.43,7.56,3,move_right,93.4,idle
25.0,52.0,0.23,7.03,7.26,1,idle,89.8,idle
100.0,100.0,3.63,3.57,7.2,0,idle,98.2,move_right
34.0,73.0,1.21,5.39,6.6,3,idle,93.4,idle
7.0,58.0,0.44,6.99,7.42,0,kick,92.5,block
100.0,100.0,3.15,3.57,6.72,0,special,97.9,move_right
13.0,58.0,0.25,6.01,6.26,0,idle,92.5,move_right
100.0,100.0,4.65,4.46,9.11,0,punch,97.7,move_right
100.0,100.0,1.54,3.55,5.08,0,punch,98.7,special
100.0,100.0,6.44,1.81,8.24,0,kick,98.6,move_right
19.0,82.0,0.03,5.94,5.91,0,punch,93.5,jump
85.0,70.0,1.36,7.61,8.97,2,move_left,91.1,idle
100.0,100.0,2.76,3.82,6.58,0,idle,97.8,move_right
46.0,73.0,0.74,7.66,8.4,0,punch,95.1,idle
22.0,52.0,0.91,9.09,10.0,4,idle,89.3,idle
1.0,4.0,0.98,8.42,9.4,5,move_left,88.3,idle
100.0,91.0,1.33,6.5,7.83,2,punch,96.7,idle
100.0,94.0,1.42,6.02,7.44,2,punch,94.4,idle
100.0,100.0,3.02,2.87,5.89,0,block,97.4,move_right
100.0,100.0,4.37,4.33,8.7,0,block,98.7,move_right
37.0,58.0,0.0,6.92,6.92,0,move_left,92.8,punch
82.0,100.0,1.92,6.4,8.32,0,move_right,96.3,punch
10.0,28.0,1.08,7.34,8.42,0,idle,90.8,punch
85.0,73.0,1.83,5.82,7.65,3,move_right,96.4,idle
55.0,82.0,1.4,6.2,7.59,0,punch,97.0,block
16.0,55.0,0.09,8.51,8.6,0,kick,90.9,block
43.0,70.0,1.35,7.21,8.56,0,punch,93.9,block
100.0,100.0,2.29,6.76,9.04,0,jump,97.2,jump
46.0,61.0,0.8,6.75,7.55,3,punch,93.4,block
55.0,94.0,1.36,4.87,6.23,0,jump,97.4,punch
79.0,76.0,1.43,4.9,6.34,0,move_right,96.9,punch
91.0,82.0,1.56,7.52,9.08,1,idle,94.3,idle
70.0,88.0,1.01,7.49,8.5,0,move_left,95.5,punch
100.0,100.0,4.33,5.24,9.57,0,special,97.9,move_left
100.0,100.0,3.65,3.31,6.96,0,kick,98.4,move_right
16.0,43.0,1.21,8.49,9.7,2,move_left,89.1,idle
1.0,31.0,0.73,7.07,7.81,2,move_right,89.3,idle
94.0,70.0,0.76,7.91,8.67,2,idle,92.3,idle
100.0,94.0,2.11,6.43,8.53,0,move_right,97.6,move_right
40.0,34.0,1.44,4.3,5.74,1,kick,92.6,idle
37.0,58.0,0.3,6.92,7.22,2,punch,93.0,block
100.0,100.0,3.01,5.77,8.78,0,jump,96.2,move_right
13.0,31.0,1.5,7.1,8.6,3,kick,91.6,idle
85.0,82.0,1.35,7.88,9.23,0,kick,94.9,jump
100.0,100.0,1.8,5.11,6.9,0,move_right,96.2,move_right
19.0,79.0,1.11,4.85,5.95,2,move_right,92.9,idle
100.0,100.0,3.83,3.39,7.22,0,special,97.8,jump
91.0,100.0,1.35,6.81,8.15,2,kick,96.5,idle
100.0,100.0,1.7,8.0,9.7,1,move_right,96.1,idle
1.0,55.0,0.28,3.08,3.36,0,kick,88.8,block
100.0,100.0,4.88,1.71,6.59,0,idle,98.7,jump
76.0,88.0,1.72,6.62,8.34,0,jump,94.9,move_right
34.0,70.0,1.36,6.67,8.03,0,punch,93.9,move_right
34.0,37.0,0.83,5.2,6.04,0,kick,93.1,punch
100.0,100.0,2.77,6.33,9.1,1,move_right,97.4,idle
100.0,100.0,3.51,1.55,5.05,0,move_left,98.7,move_right
7.0,4.0,1.58,8.42,10.0,4,kick,88.6,idle
73.0,16.0,0.31,5.55,5.86,1,idle,90.3,idle
100.0,100.0,2.02,4.26,6.28,0,idle,98.2,move_right
34.0,34.0,1.49,5.19,6.68,0,move_left,92.9,special
100.0,100.0,6.64,1.89,8.53,0,idle,99.0,punch
76.0,82.0,1.14,3.4,4.54,1,move_left,96.8,idle
4.0,49.0,0.54,5.62,5.08,0,punch,90.8,jump
100.0,100.0,6.21,2.47,8.67,0,kick,98.4,jump
85.0,67.0,1.38,8.32,9.7,3,move_left,94.4,idle
100.0,100.0,3.01,2.65,5.66,0,punch,97.4,move_right
100.0,100.0,2.41,4.95,7.36,0,punch,96.3,jump
61.0,91.0,0.88,5.81,6.7,0,block,95.2,special
100.0,88.0,0.15,4.17,4.32,3,move_left,97.8,idle
100.0,100.0,3.82,3.24,7.06,1,idle,98.2,idle
46.0,40.0,0.88,4.04,4.92,3,jump,94.0,idle
100.0,100.0,5.88,3.94,9.82,0,move_right,98.1,move_right
100.0,100.0,2.82,5.39,8.21,0,move_right,97.5,jump
7.0,37.0,0.57,4.65,4.08,3,kick,91.8,block
100.0,94.0,1.03,5.63,6.66,1,punch,97.8,block
79.0,82.0,0.43,7.94,8.37,2,punch,95.1,block
100.0,100.0,2.65,2.83,5.48,0,idle,98.2,jump
76.0,79.0,1.12,7.22,8.34,3,move_left,94.0,idle
46.0,43.0,1.88,6.59,8.47,5,move_right,92.0,idle
100.0,100.0,5.24,3.47,8.71,0,block,98.9,move_right
7.0,25.0,1.2,6.34,7.54,3,punch,90.3,block
79.0,82.0,1.27,7.17,8.44,1,idle,96.3,idle
52.0,37.0,0.92,7.09,6.17,1,move_left,92.5,idle
1.0,61.0,0.34,8.54,8.88,0,move_right,88.0,move_right
4.0,79.0,0.15,7.71,7.55,0,idle,92.2,move_left
52.0,73.0,1.87,8.13,10.0,1,punch,94.1,idle
100.0,100.0,5.84,3.86,9.7,0,punch,96.2,jump
100.0,100.0,2.17,7.63,9.81,0,punch,97.5,move_right
28.0,40.0,1.07,4.94,6.0,2,move_right,93.8,idle
40.0,70.0,0.82,6.58,5.77,0,kick,93.0,block
49.0,58.0,0.77,4.94,5.7,0,punch,95.6,jump
85.0,82.0,1.5,5.71,7.2,1,move_left,94.8,idle
19.0,58.0,0.34,8.87,8.53,0,move_left,90.9,move_left
1.0,52.0,0.13,8.84,8.97,0,idle,91.5,move_right
22.0,37.0,1.18,7.69,8.87,0,move_left,90.4,kick
70.0,37.0,1.57,8.13,9.7,2,move_right,92.0,idle
94.0,100.0,1.1,4.62,5.72,2,move_right,98.1,idle
85.0,67.0,1.52,8.48,10.0,0,idle,93.2,kick
49.0,91.0,1.39,5.82,7.21,0,kick,96.3,block
100.0,88.0,1.39,7.71,9.1,2,idle,95.0,idle
31.0,46.0,1.13,5.49,6.62,2,punch,92.0,block
94.0,100.0,1.13,6.73,7.86,0,move_right,95.5,kick
31.0,64.0,1.09,5.14,6.24,0,idle,94.3,kick
91.0,79.0,1.61,5.66,7.28,1,punch,95.2,idle
100.0,100.0,1.94,6.47,8.41,0,punch,97.8,move_right
49.0,61.0,1.0,7.6,8.6,2,move_right,92.6,idle
25.0,70.0,0.79,7.97,8.77,3,kick,95.0,block
37.0,46.0,1.28,7.41,8.69,0,move_right,91.8,block
10.0,64.0,0.87,6.47,7.34,0,punch,90.8,block
100.0,100.0,4.12,2.63,6.76,0,move_left,98.9,idle
88.0,88.0,0.99,3.81,4.8,3,punch,96.2,block
73.0,67.0,1.29,6.41,7.7,6,punch,94.0,idle
100.0,100.0,2.86,6.24,9.1,0,move_left,95.4,jump
16.0,43.0,0.91,8.49,9.4,0,move_left,88.9,punch
100.0,100.0,2.55,2.97,5.52,0,move_left,98.7,move_right
1.0,37.0,1.43,5.2,6.64,3,kick,91.4,idle
19.0,22.0,0.18,5.21,5.04,3,move_left,90.3,idle
76.0,82.0,1.86,4.9,6.76,0,move_left,94.0,idle
37.0,52.0,1.32,8.42,9.74,0,idle,91.8,punch
58.0,49.0,0.82,7.43,8.26,6,move_right,92.5,idle
100.0,100.0,3.5,5.9,9.4,0,jump,97.5,move_right
100.0,100.0,2.68,4.09,6.77,0,block,98.4,jump
16.0,55.0,0.69,8.57,9.27,0,move_left,93.6,move_right
37.0,85.0,1.05,6.81,7.85,2,move_right,93.7,idle
34.0,28.0,0.13,8.33,8.46,0,move_left,90.0,block
88.0,82.0,0.92,7.73,8.65,3,punch,96.0,block
100.0,100.0,3.68,3.89,7.57,0,kick,98.0,move_right
43.0,37.0,0.54,7.01,7.54,0,idle,93.2,block
100.0,100.0,2.85,2.97,5.82,0,idle,99.0,move_right
100.0,100.0,1.42,4.61,6.04,0,idle,99.0,special
100.0,100.0,2.92,3.36,6.28,0,idle,98.5,move_right
100.0,100.0,6.42,2.39,8.82,0,punch,98.6,move_right
58.0,76.0,0.56,4.56,5.12,2,punch,94.7,block
10.0,64.0,0.2,6.5,6.3,0,idle,93.5,move_left
19.0,76.0,0.63,8.77,9.4,0,jump,88.5,move_right
82.0,70.0,0.13,5.31,5.18,1,jump,95.9,idle
100.0,100.0,7.66,0.41,8.07,0,jump,98.9,move_right
49.0,67.0,0.78,7.24,8.02,2,move_left,94.2,idle
46.0,79.0,0.69,4.37,5.06,2,kick,95.9,block
100.0,88.0,1.33,5.63,6.96,0,move_left,97.2,block
70.0,100.0,0.98,6.27,7.24,2,idle,94.6,idle
52.0,73.0,0.92,4.67,5.59,3,jump,93.1,idle
100.0,100.0,2.29,6.81,9.1,0,move_left,96.2,move_right
91.0,94.0,1.48,7.6,9.08,0,jump,95.8,block
16.0,25.0,0.28,4.04,4.32,3,move_right,92.4,special
52.0,73.0,1.22,4.67,5.89,0,kick,93.3,jump
67.0,76.0,0.45,7.64,8.09,5,block,94.0,idle
91.0,64.0,0.92,5.99,6.9,5,jump,93.2,idle
4.0,67.0,0.46,8.04,8.5,0,move_right,91.1,move_right
22.0,73.0,0.16,7.51,7.34,0,idle,90.0,move_left
100.0,100.0,2.72,3.29,6.0,0,move_right,97.5,move_right
52.0,70.0,0.25,6.01,6.26,1,jump,95.2,idle
73.0,43.0,1.26,7.82,9.08,4,move_right,91.5,idle
100.0,100.0,2.96,5.87,8.83,0,idle,97.1,jump
100.0,100.0,2.7,7.3,10.0,0,move_right,96.2,move_right
22.0,25.0,0.16,8.51,8.67,6,move_right,86.4,idle
79.0,82.0,0.24,6.9,7.14,2,kick,94.5,block
46.0,76.0,1.32,7.19,8.51,0,special,94.6,block
100.0,100.0,1.52,7.73,9.25,0,idle,97.2,kick
100.0,100.0,3.92,5.08,9.0,0,punch,97.3,move_right
67.0,73.0,0.53,7.07,7.6,3,move_left,94.2,idle
100.0,100.0,4.23,5.17,9.4,0,move_left,98.2,move_right
37.0,52.0,1.95,7.51,9.46,2,idle,92.8,idle
22.0,46.0,0.91,7.15,8.06,3,kick,87.7,block
100.0,100.0,4.2,5.5,9.7,0,kick,97.0,move_right
67.0,70.0,1.42,7.22,8.64,3,move_right,92.8,idle
58.0,79.0,1.59,3.51,5.1,1,special,95.2,idle
34.0,55.0,0.62,3.68,3.06,0,move_left,91.9,punch
4.0,28.0,1.28,7.41,8.69,2,idle,90.4,idle
91.0,82.0,1.42,4.61,6.04,4,jump,98.7,punch
16.0,61.0,0.14,8.78,8.63,0,idle,89.7,move_left
100.0,100.0,2.64,6.44,9.08,0,punch,97.8,move_right
100.0,100.0,7.42,1.02,8.45,0,punch,98.8,move_right
34.0,34.0,2.39,4.59,6.98,0,move_right,93.1,move_right
43.0,55.0,0.98,7.41,8.39,3,idle,93.2,idle
10.0,25.0,0.96,5.91,6.87,0,kick,90.9,block
94.0,100.0,0.85,7.3,8.15,3,move_left,94.9,idle
19.0,55.0,0.73,5.31,4.58,0,jump,93.6,move_left
100.0,100.0,4.77,1.67,6.44,2,kick,98.3,idle
73.0,100.0,1.35,6.81,8.15,0,move_right,95.8,punch
46.0,79.0,1.47,5.57,7.04,1,jump,93.1,idle
13.0,73.0,0.02,6.11,6.1,0,punch,93.3,block
82.0,100.0,1.32,3.84,5.16,0,special,98.5,block
100.0,100.0,1.72,5.64,7.36,0,move_right,96.8,jump
91.0,100.0,1.53,5.07,6.6,0,punch,96.4,kick
100.0,100.0,3.62,2.69,6.3,0,punch,98.1,jump
100.0,100.0,1.55,5.15,6.7,0,jump,96.9,kick
40.0,67.0,0.32,3.68,3.36,0,move_right,92.8,punch
10.0,64.0,0.12,9.29,9.41,0,move_right,92.4,move_right
40.0,79.0,1.32,5.04,6.36,1,punch,95.1,idle
7.0,28.0,0.33,6.12,6.45,1,move_right,90.7,idle
100.0,100.0,4.73,4.33,9.06,0,kick,98.2,move_right
13.0,61.0,0.63,8.47,9.1,0,move_left,90.1,move_right
91.0,67.0,1.24,4.43,5.67,2,jump,96.0,idle
79.0,79.0,1.48,8.52,10.0,0,move_right,93.4,special
100.0,100.0,1.38,7.24,8.62,0,kick,96.9,jump
94.0,94.0,0.12,5.02,5.14,0,punch,96.5,jump
52.0,64.0,0.25,6.01,6.26,3,idle,95.0,idle
43.0,40.0,1.55,4.53,6.08,2,idle,93.9,block
100.0,100.0,5.43,1.47,6.9,0,punch,98.8,move_right
82.0,82.0,1.47,5.94,7.41,5,punch,96.7,idle
100.0,100.0,1.55,5.41,6.96,0,punch,97.7,block
13.0,34.0,1.15,5.17,6.32,1,kick,93.3,block
67.0,91.0,0.45,6.81,7.25,3,move_left,95.2,idle
43.0,49.0,0.52,7.43,7.96,0,move_right,91.9,punch
76.0,94.0,1.06,7.6,8.66,0,idle,94.7,special
100.0,100.0,1.92,4.3,6.22,0,kick,98.1,jump
91.0,100.0,1.73,7.06,8.79,0,move_right,96.5,move_right
28.0,19.0,0.98,8.72,9.7,1,special,91.3,block
4.0,61.0,0.5,9.5,10.0,0,move_right,90.9,move_right
43.0,58.0,0.68,5.71,6.39,1,move_right,93.2,idle
100.0,100.0,5.03,4.67,9.7,0,jump,97.5,jump
49.0,67.0,0.32,3.68,3.36,1,kick,93.1,block
37.0,82.0,0.19,4.22,4.41,0,move_left,95.1,punch
100.0,100.0,1.81,6.13,7.93,0,jump,98.2,move_right
100.0,100.0,6.82,1.82,8.64,0,idle,99.0,jump
79.0,31.0,0.29,5.55,5.26,2,block,91.5,idle
46.0,61.0,1.06,7.88,8.93,2,move_right,93.3,idle
100.0,100.0,2.55,7.45,10.0,0,kick,96.1,move_right
100.0,100.0,3.95,6.05,10.0,0,move_right,97.9,move_right
100.0,100.0,2.0,6.15,8.15,0,move_left,97.0,jump
34.0,55.0,0.48,5.79,5.31,3,block,93.2,idle
73.0,70.0,1.27,7.93,9.21,3,jump,95.9,idle
43.0,46.0,0.68,7.05,7.73,2,move_left,92.7,idle
28.0,55.0,0.89,4.77,5.66,2,kick,94.2,block
1.0,67.0,0.03,6.87,6.9,0,move_right,91.5,move_right
31.0,82.0,1.1,6.2,7.29,2,idle,96.1,idle
100.0,88.0,1.54,4.13,5.67,0,kick,98.0,jump
100.0,100.0,7.77,1.74,9.51,0,move_right,98.2,jump
100.0,100.0,3.78,4.18,7.96,0,jump,98.4,move_right
100.0,100.0,2.69,6.98,9.67,0,kick,97.3,move_right
10.0,25.0,1.27,8.43,9.7,2,punch,88.0,idle
43.0,25.0,1.42,7.44,8.86,0,jump,89.8,punch
13.0,67.0,0.03,5.32,5.35,0,idle,95.7,move_right
100.0,100.0,1.23,5.82,7.05,0,move_left,96.9,kick
16.0,61.0,0.27,7.2,7.47,0,move_right,93.9,move_right
28.0,55.0,0.27,4.65,4.38,0,move_left,92.7,move_left
91.0,91.0,1.56,6.92,8.48,3,kick,95.3,idle
100.0,100.0,7.64,2.36,10.0,4,jump,97.7,idle
1.0,4.0,0.47,4.56,5.03,4,move_right,90.6,idle
100.0,100.0,3.27,4.14,7.41,0,jump,98.1,move_right
40.0,79.0,1.17,5.87,7.04,3,idle,92.6,idle
100.0,100.0,4.28,5.26,9.54,0,kick,98.8,move_right
100.0,100.0,1.63,4.2,5.83,0,move_right,98.2,move_right
100.0,100.0,1.62,7.59,9.21,0,punch,95.2,move_right
31.0,73.0,1.34,8.56,9.9,1,punch,92.7,idle
85.0,55.0,0.92,5.99,6.9,2,kick,91.9,block
61.0,94.0,1.07,4.54,5.61,2,move_left,95.9,idle
70.0,82.0,1.58,6.28,7.87,1,idle,95.6,idle
52.0,88.0,0.88,7.78,6.9,2,punch,92.6,block
22.0,76.0,0.23,9.65,9.42,0,punch,91.8,block
16.0,55.0,0.79,6.04,6.84,0,kick,93.6,block
19.0,31.0,0.11,6.44,6.34,4,move_left,91.0,idle
16.0,70.0,0.01,7.44,7.45,0,punch,92.0,jump
13.0,73.0,0.24,9.76,10.0,0,idle,91.6,move_right
100.0,100.0,4.67,4.02,8.7,0,move_left,98.3,move_right
100.0,100.0,2.87,5.53,8.4,0,punch,98.2,move_right
4.0,70.0,0.46,6.22,6.67,0,idle,93.8,move_right
100.0,100.0,2.8,5.5,8.3,0,move_right,97.9,move_right
76.0,94.0,1.17,6.39,7.57,0,special,96.1,block
43.0,64.0,1.31,6.86,8.18,0,jump,92.3,kick
49.0,46.0,1.13,5.49,6.62,3,idle,93.1,idle
58.0,73.0,1.16,5.93,7.09,2,kick,94.4,jump
49.0,88.0,1.54,3.25,4.78,2,special,95.9,idle
52.0,64.0,0.73,7.07,7.81,3,idle,92.8,idle
16.0,37.0,0.84,7.31,8.16,0,punch,85.9,block
25.0,22.0,0.6,6.91,7.5,3,idle,88.6,idle
100.0,100.0,1.35,8.65,10.0,2,kick,95.5,idle
49.0,40.0,2.19,4.98,7.16,0,move_right,93.2,move_right
55.0,28.0,1.63,7.73,9.36,0,kick,91.4,move_right
100.0,100.0,4.82,1.07,5.89,0,move_left,98.2,jump
67.0,82.0,0.97,4.02,4.99,0,punch,94.2,block
100.0,100.0,5.15,4.25,9.4,0,idle,98.5,move_right
94.0,76.0,0.76,4.42,5.17,2,move_left,97.3,idle
28.0,37.0,1.13,7.66,8.79,0,move_left,90.5,special
52.0,58.0,1.5,5.74,7.24,3,move_right,93.5,idle
37.0,55.0,1.51,7.15,8.66,0,punch,88.2,kick
34.0,40.0,0.66,5.91,6.57,2,block,92.7,idle
94.0,100.0,0.08,4.97,5.05,2,punch,98.8,block
94.0,100.0,1.55,7.85,9.4,0,special,96.3,special
100.0,100.0,2.31,7.27,9.57,0,punch,95.6,move_right
58.0,61.0,1.14,6.11,7.26,2,jump,91.6,idle
31.0,43.0,0.14,8.66,8.8,1,jump,89.8,idle
19.0,55.0,0.27,6.88,7.15,6,kick,91.2,block
100.0,100.0,4.43,4.63,9.06,0,idle,98.1,move_right
100.0,100.0,5.61,3.07,8.67,0,move_right,98.1,move_right
28.0,76.0,1.57,7.25,8.82,0,punch,93.3,move_right
37.0,61.0,1.82,8.04,9.86,0,idle,88.9,move_right
37.0,49.0,1.32,4.98,6.3,2,move_right,92.6,idle
100.0,100.0,1.66,3.56,5.22,0,idle,98.7,move_right
22.0,64.0,0.84,8.86,9.7,0,idle,91.2,move_right
100.0,94.0,1.83,3.75,5.58,1,kick,96.8,idle
91.0,76.0,2.11,5.65,7.76,0,idle,92.8,move_right
4.0,61.0,0.12,7.84,7.72,0,idle,90.6,move_left
52.0,61.0,1.4,6.91,8.31,1,punch,89.8,idle
67.0,91.0,0.52,7.32,7.85,2,special,94.6,block
46.0,64.0,0.97,7.17,8.14,0,move_left,94.9,punch
82.0,73.0,1.12,5.16,6.28,6,kick,96.3,block
1.0,37.0,1.48,6.32,7.79,3,idle,91.4,idle
1.0,82.0,0.18,7.97,7.79,0,move_left,93.6,move_left
100.0,100.0,2.85,5.01,7.85,0,punch,97.4,jump
16.0,58.0,0.43,6.85,7.28,0,move_left,93.1,move_right
100.0,100.0,1.4,7.01,8.41,0,idle,96.6,punch
76.0,82.0,1.5,6.61,8.1,0,kick,93.3,block
31.0,58.0,1.26,6.82,8.08,1,special,92.9,idle
31.0,28.0,0.13,5.68,5.81,0,punch,91.9,block
55.0,82.0,0.8,4.62,5.42,0,jump,95.9,block
46.0,73.0,0.12,8.19,8.31,0,jump,89.7,move_left
85.0,82.0,0.08,5.12,5.2,1,punch,97.9,block
52.0,49.0,1.69,5.22,6.91,0,move_right,94.4,jump
28.0,37.0,1.13,7.66,8.79,5,move_right,91.4,idle
100.0,100.0,1.78,7.29,9.07,1,punch,95.2,idle
73.0,88.0,0.15,4.17,4.32,0,punch,96.9,jump
100.0,91.0,1.53,5.82,7.35,3,move_right,96.8,special
85.0,94.0,1.78,6.19,7.97,2,special,95.9,idle
52.0,34.0,2.3,7.22,9.52,0,move_right,93.3,move_right
34.0,49.0,1.35,2.67,1.32,0,punch,92.6,jump
100.0,100.0,3.88,1.58,5.46,0,punch,98.4,move_right
22.0,73.0,0.32,5.57,5.89,0,move_right,90.6,move_right
52.0,70.0,0.15,7.64,7.79,0,punch,92.7,jump
37.0,61.0,0.6,4.34,4.94,0,idle,91.6,kick
31.0,73.0,0.42,5.32,5.74,0,move_right,94.8,block
67.0,58.0,1.5,7.4,8.9,3,move_right,94.2,idle
100.0,100.0,1.4,8.6,10.0,0,idle,95.8,punch
88.0,91.0,0.42,6.77,7.19,1,move_left,95.9,idle
19.0,49.0,0.18,8.32,8.5,0,punch,90.4,jump
34.0,58.0,1.28,5.71,6.99,0,idle,92.2,punch
28.0,58.0,1.16,7.97,9.13,0,jump,91.7,move_right
37.0,85.0,0.75,6.81,7.55,0,move_left,93.9,punch
22.0,73.0,0.14,6.91,7.04,0,idle,89.8,special
31.0,43.0,0.44,8.66,9.1,0,move_right,89.7,punch
79.0,76.0,1.0,7.6,8.6,2,move_left,94.7,punch
100.0,94.0,1.03,6.28,7.31,0,idle,96.9,kick
88.0,94.0,1.2,4.34,5.54,1,move_right,96.4,idle
79.0,49.0,0.59,5.55,4.96,3,special,92.4,block
100.0,100.0,2.52,6.69,9.21,0,kick,95.8,move_right
94.0,88.0,1.2,8.5,9.7,1,jump,94.5,idle
16.0,55.0,0.09,8.51,8.6,0,kick,91.0,block
100.0,100.0,8.02,0.42,8.45,0,idle,99.0,move_right
88.0,67.0,1.48,8.2,9.67,3,idle,96.1,idle
100.0,82.0,1.36,8.34,9.7,0,idle,92.4,punch
58.0,67.0,1.26,5.5,6.76,1,jump,92.0,idle
100.0,100.0,3.16,3.22,6.37,0,punch,98.8,move_right
100.0,79.0,1.58,7.05,8.63,0,idle,95.3,block
4.0,58.0,0.03,6.27,6.3,3,idle,88.6,idle
70.0,61.0,1.62,8.12,9.74,0,move_right,93.9,move_right
40.0,46.0,0.44,7.67,8.11,3,move_left,92.0,idle
37.0,73.0,0.92,4.67,5.59,0,block,92.6,kick
19.0,61.0,0.76,6.72,7.48,0,idle,91.8,move_right
49.0,55.0,0.2,8.6,8.8,3,punch,92.0,block
76.0,82.0,1.27,7.25,8.52,2,kick,95.3,idle
4.0,70.0,0.39,4.07,4.46,0,move_right,93.9,move_right
79.0,49.0,1.18,8.52,9.7,0,kick,91.4,jump
100.0,100.0,4.03,5.92,9.94,0,jump,97.2,special
58.0,34.0,1.55,8.45,10.0,0,idle,92.4,kick
100.0,85.0,1.25,4.53,5.78,0,block,96.7,kick
16.0,73.0,0.32,6.47,6.79,0,move_right,90.1,move_right
76.0,88.0,0.97,4.02,4.99,2,special,95.2,block
61.0,76.0,1.61,7.49,9.1,0,kick,94.7,move_right
13.0,19.0,1.23,7.5,8.72,0,idle,89.7,kick
73.0,73.0,1.2,5.44,6.64,3,move_left,95.8,idle
7.0,31.0,0.05,5.87,5.82,1,idle,85.9,kick
100.0,100.0,2.19,3.51,5.7,0,kick,97.4,jump
4.0,61.0,0.64,3.55,2.91,1,move_left,93.4,punch
49.0,46.0,1.62,6.0,7.62,3,kick,94.6,idle
73.0,43.0,1.26,7.82,9.08,3,jump,91.4,idle
13.0,67.0,0.18,7.18,7.36,0,punch,92.1,block
22.0,73.0,0.68,9.32,10.0,0,kick,93.4,block
100.0,100.0,2.19,5.81,8.0,0,special,96.7,move_right
28.0,43.0,0.19,5.82,6.01,2,special,91.7,block
58.0,76.0,1.21,7.93,9.13,0,move_left,94.7,jump
94.0,88.0,1.16,5.93,7.09,0,move_right,96.0,kick
100.0,100.0,2.46,4.11,6.57,0,jump,98.1,move_right
70.0,64.0,1.13,5.2,6.34,2,idle,95.9,idle
100.0,100.0,4.51,5.12,9.63,1,move_right,98.5,idle
58.0,82.0,0.18,3.94,4.12,2,punch,97.1,block
37.0,67.0,1.46,7.97,9.43,1,block,92.3,kick
19.0,64.0,0.05,6.61,6.56,0,move_left,93.6,move_left
49.0,49.0,1.59,4.98,6.56,3,block,94.0,idle
61.0,76.0,1.59,4.08,5.66,3,block,97.6,idle
70.0,61.0,0.5,7.22,7.72,2,move_left,95.1,idle
25.0,37.0,0.52,6.62,7.14,1,kick,90.4,block
100.0,100.0,3.67,6.33,10.0,3,idle,98.3,idle
43.0,58.0,0.6,6.91,7.5,0,special,91.3,block
85.0,67.0,1.52,8.48,10.0,3,block,93.5,idle
85.0,73.0,1.33,6.53,7.86,0,idle,95.4,punch
100.0,100.0,2.06,2.46,4.52,0,jump,98.0,jump
40.0,37.0,0.1,8.6,8.5,5,kick,91.5,block
100.0,100.0,6.02,1.14,7.16,0,idle,98.6,move_right
70.0,70.0,0.14,7.13,7.0,0,special,91.9,jump
100.0,100.0,6.16,1.73,7.9,0,move_left,98.7,jump
4.0,64.0,0.13,8.14,8.01,0,idle,89.4,move_left
100.0,100.0,2.59,6.46,9.04,0,special,97.5,jump
64.0,76.0,1.08,7.24,8.32,0,move_right,94.8,kick
40.0,82.0,0.23,6.43,6.66,0,kick,94.9,special
67.0,88.0,0.14,8.66,8.8,1,move_left,93.1,idle
100.0,100.0,3.36,3.71,7.06,0,punch,98.2,move_right
94.0,61.0,1.03,5.98,7.01,5,punch,95.7,block
100.0,100.0,1.62,4.42,6.04,0,punch,97.9,move_right
64.0,61.0,0.72,8.42,9.14,0,jump,92.9,punch
64.0,49.0,0.92,8.48,9.4,0,move_left,91.5,punch
85.0,73.0,0.61,6.79,7.4,3,move_right,96.7,block
25.0,82.0,0.01,9.68,9.67,0,punch,95.2,block
37.0,70.0,0.19,4.22,4.41,2,idle,94.5,idle
100.0,100.0,2.82,5.69,8.51,0,move_right,97.3,jump
58.0,64.0,1.31,6.56,7.88,2,idle,93.0,idle
79.0,91.0,1.36,5.32,6.67,0,move_left,95.5,kick
82.0,88.0,0.97,4.02,4.99,0,kick,95.7,block
40.0,88.0,1.06,5.47,6.53,0,kick,96.0,jump
67.0,91.0,0.41,4.39,4.8,2,kick,98.4,block
100.0,100.0,0.71,4.09,4.8,3,move_left,98.9,idle
100.0,100.0,4.66,2.93,7.6,0,idle,97.8,move_right
28.0,67.0,0.76,8.04,8.8,0,punch,93.0,block
76.0,73.0,1.32,7.22,8.54,0,idle,96.0,punch
100.0,82.0,0.58,6.32,6.89,2,punch,97.0,block
55.0,73.0,1.26,6.66,7.92,5,punch,92.0,idle
58.0,76.0,1.86,5.2,7.06,0,jump,92.8,move_right
10.0,40.0,1.6,7.22,8.81,2,kick,92.4,idle
43.0,37.0,0.84,7.01,7.84,2,punch,92.9,block
25.0,37.0,0.74,8.66,9.4,2,move_right,88.8,idle
43.0,70.0,1.01,7.79,8.8,0,jump,94.1,special
40.0,37.0,0.1,8.6,8.5,0,idle,91.0,kick
100.0,94.0,2.38,7.59,9.97,3,move_right,94.3,move_left
100.0,100.0,2.78,3.21,5.99,0,move_left,97.8,jump
55.0,58.0,0.44,4.78,4.34,0,move_left,92.4,kick
82.0,88.0,0.72,6.8,7.52,0,move_left,95.3,special
10.0,82.0,0.01,9.08,9.07,0,idle,94.3,move_left
91.0,76.0,2.41,5.35,7.76,0,move_right,94.0,punch
73.0,73.0,1.22,4.67,5.89,3,idle,93.8,idle
49.0,91.0,1.33,7.86,9.19,3,move_right,96.1,idle
100.0,100.0,5.7,0.91,6.6,0,kick,98.3,move_right
46.0,61.0,0.86,5.93,6.79,1,idle,93.5,idle
100.0,100.0,2.13,5.22,7.35,0,punch,97.1,move_right
100.0,100.0,6.54,2.22,8.75,0,move_right,98.0,move_right
100.0,100.0,1.73,5.83,7.56,0,move_right,96.7,move_right
88.0,94.0,1.15,5.17,6.32,5,punch,97.9,block
49.0,88.0,1.65,6.61,8.26,0,move_right,96.1,move_right
55.0,49.0,0.99,7.11,8.1,0,punch,94.3,jump
64.0,76.0,0.22,6.58,6.37,2,special,93.8,block
16.0,73.0,0.49,7.66,8.14,0,move_right,91.8,move_right
28.0,49.0,0.56,8.54,9.1,6,jump,93.2,idle
37.0,67.0,0.31,8.81,8.5,0,jump,92.7,kick
100.0,100.0,2.04,5.21,7.26,0,jump,96.8,move_right
85.0,67.0,1.52,8.48,10.0,3,jump,93.1,move_left
100.0,100.0,5.32,2.82,8.15,0,move_left,98.2,move_right
25.0,43.0,0.74,7.13,6.4,3,kick,89.2,block
4.0,64.0,0.2,9.34,9.13,3,punch,88.0,punch
64.0,73.0,1.02,8.2,9.22,4,punch,93.1,block
100.0,100.0,1.42,5.72,7.14,1,kick,95.5,idle
1.0,64.0,0.6,10.0,9.4,0,move_left,91.6,move_left
1.0,64.0,0.39,6.98,7.37,0,move_right,92.8,move_right
52.0,40.0,1.44,4.0,5.44,5,idle,94.3,idle
37.0,82.0,1.1,6.2,7.29,1,special,96.6,block
100.0,94.0,0.76,7.13,7.9,3,move_left,94.5,idle
55.0,49.0,1.89,4.08,5.96,5,move_left,95.6,idle
55.0,49.0,2.49,4.08,6.56,0,move_right,95.1,move_right
13.0,52.0,0.38,6.67,7.05,0,move_right,91.6,move_right
100.0,100.0,5.48,1.11,6.59,0,move_left,98.9,move_right
64.0,82.0,1.21,5.39,6.6,2,jump,95.1,idle
100.0,94.0,0.96,5.46,6.42,3,move_left,96.3,idle
82.0,79.0,0.86,5.93,6.79,1,punch,95.7,block
85.0,76.0,1.13,4.6,5.74,3,punch,97.3,move_right
100.0,100.0,5.43,2.1,7.52,0,kick,98.4,move_right
94.0,91.0,1.09,7.66,8.74,3,punch,96.3,block
25.0,52.0,0.3,6.92,7.22,0,punch,92.3,block
67.0,70.0,1.36,7.91,9.27,0,idle,90.8,kick
43.0,46.0,1.88,4.4,6.28,1,move_right,95.4,idle
43.0,67.0,0.0,6.92,6.92,1,punch,93.5,block
10.0,43.0,1.25,8.45,9.7,0,punch,92.6,jump
25.0,43.0,0.95,8.45,9.4,0,punch,93.2,block
7.0,55.0,0.76,8.94,9.7,0,punch,90.0,block
100.0,100.0,1.53,5.07,6.6,0,jump,96.9,kick
100.0,100.0,2.04,5.21,7.26,0,punch,97.8,jump
100.0,100.0,2.96,5.87,8.83,3,kick,97.4,idle
100.0,100.0,3.72,4.04,7.76,0,kick,98.6,jump
100.0,100.0,5.8,1.82,7.62,0,move_left,98.4,move_right
58.0,73.0,1.5,5.44,6.94,1,punch,94.8,idle
70.0,64.0,1.13,5.2,6.34,0,punch,95.7,block
82.0,100.0,0.93,4.72,5.65,0,move_left,98.1,kick
22.0,22.0,0.45,3.87,4.32,1,punch,93.1,block
37.0,40.0,1.35,8.11,9.46,0,punch,91.1,block
52.0,79.0,1.47,5.27,6.74,2,move_right,94.2,idle
61.0,76.0,1.18,8.19,9.37,2,move_left,91.4,idle
25.0,70.0,1.09,7.97,9.07,0,punch,94.7,block
37.0,46.0,1.32,8.42,9.74,3,punch,91.7,idle
82.0,82.0,1.02,5.61,6.63,2,punch,97.4,block
37.0,70.0,1.3,6.04,7.33,0,kick,92.0,jump
4.0,37.0,0.83,5.49,6.32,0,idle,90.6,jump
25.0,19.0,1.28,7.49,8.77,3,idle,89.9,idle
100.0,82.0,0.49,3.75,3.26,2,idle,97.1,idle
100.0,100.0,1.36,4.48,5.84,0,block,96.7,kick
10.0,73.0,0.08,9.62,9.7,0,punch,93.1,jump
46.0,82.0,0.22,4.97,4.75,3,punch,96.1,block
94.0,82.0,0.28,6.32,6.59,6,move_left,96.7,idle
1.0,73.0,0.09,5.61,5.7,0,move_right,90.7,move_right
37.0,46.0,1.35,7.81,9.16,3,idle,92.4,idle
76.0,85.0,1.03,6.77,7.81,3,block,95.5,idle
73.0,79.0,1.22,4.67,5.89,0,jump,93.9,punch
91.0,82.0,2.12,5.09,7.2,0,move_right,95.6,move_right
100.0,100.0,3.82,3.24,7.06,0,kick,98.1,move_right
37.0,52.0,1.51,7.09,8.6,0,move_right,93.5,kick
52.0,52.0,1.02,6.8,7.82,1,punch,93.6,block
16.0,55.0,0.02,3.68,3.66,0,special,89.8,block
88.0,70.0,0.9,8.5,9.4,6,block,94.1,idle
100.0,91.0,1.44,6.71,8.14,3,punch,97.7,idle
100.0,94.0,0.47,4.71,5.18,2,move_left,97.5,idle
85.0,100.0,0.72,5.69,6.42,2,idle,96.3,idle
100.0,100.0,3.91,5.72,9.63,0,move_left,98.1,move_right
94.0,100.0,0.53,7.03,7.56,1,move_right,95.7,idle
64.0,82.0,1.53,8.47,10.0,3,idle,92.3,idle
37.0,7.0,0.6,8.8,9.4,1,idle,90.8,idle
13.0,64.0,0.26,7.87,8.14,0,jump,91.1,move_right
85.0,100.0,1.7,3.61,5.31,0,move_left,96.0,move_right
4.0,61.0,0.94,3.55,2.61,2,move_left,93.2,idle
100.0,100.0,2.22,7.25,9.47,0,kick,98.1,jump
22.0,55.0,0.59,4.77,5.36,0,punch,94.0,block
94.0,82.0,0.91,6.79,7.7,3,punch,97.2,block
100.0,100.0,3.13,6.82,9.94,0,block,96.2,move_right
82.0,85.0,1.54,8.19,9.73,1,punch,94.4,idle
100.0,100.0,3.01,4.93,7.93,0,idle,98.6,move_right
100.0,100.0,1.51,6.54,8.05,0,punch,97.0,punch
94.0,82.0,1.29,4.95,6.24,2,punch,96.0,idle
85.0,70.0,1.26,7.82,9.08,1,move_left,92.4,idle
37.0,67.0,0.61,8.81,8.2,2,special,92.9,block
67.0,73.0,0.12,8.19,8.31,2,kick,90.9,block
100.0,100.0,2.2,5.12,7.32,0,move_left,96.8,move_right
91.0,100.0,1.44,3.7,5.14,0,special,98.1,jump
1.0,73.0,0.12,4.72,4.84,0,special,92.7,jump
43.0,79.0,1.2,8.5,9.7,1,block,91.0,idle
100.0,100.0,1.35,6.81,8.15,3,block,96.6,idle
100.0,100.0,2.73,4.47,7.2,0,kick,97.8,jump
100.0,100.0,2.62,5.82,8.45,0,punch,97.0,jump
100.0,100.0,1.7,3.61,5.31,0,move_left,97.5,move_right
61.0,58.0,1.24,8.54,7.3,2,move_left,93.1,idle
52.0,37.0,0.73,5.77,6.49,0,move_left,93.0,kick
100.0,100.0,1.36,5.05,6.41,0,kick,96.1,block
100.0,100.0,1.88,5.38,7.27,2,kick,97.7,idle
1.0,73.0,0.18,7.44,7.26,0,punch,91.4,jump
64.0,64.0,0.65,6.01,6.66,0,kick,95.4,block
100.0,100.0,1.78,7.29,9.07,0,idle,95.1,move_right
100.0,100.0,2.49,4.9,7.39,3,jump,97.2,idle
100.0,100.0,5.1,2.8,7.9,0,punch,98.4,block
19.0,43.0,1.32,4.98,6.3,2,block,92.2,idle
34.0,43.0,0.52,7.43,7.96,2,block,91.7,idle
91.0,82.0,1.5,4.84,6.34,6,kick,96.9,idle
46.0,76.0,1.69,5.14,6.84,0,special,95.7,move_right
52.0,70.0,0.15,7.64,7.79,0,punch,92.8,block
94.0,91.0,0.76,3.86,4.62,2,move_left,98.4,idle
22.0,85.0,0.33,5.75,6.08,0,move_left,93.0,move_right
58.0,64.0,1.13,5.49,6.62,3,punch,93.9,block
91.0,82.0,1.5,5.44,6.94,0,idle,96.1,punch
43.0,25.0,1.42,7.74,9.16,1,punch,90.2,move_left
100.0,100.0,1.74,8.24,9.98,0,move_right,97.1,move_right
94.0,91.0,1.16,3.25,4.41,0,move_left,98.3,move_left
70.0,37.0,1.57,8.13,9.7,1,jump,91.9,idle
61.0,94.0,1.36,4.87,6.23,2,kick,97.7,idle
37.0,79.0,1.82,7.74,9.56,1,move_right,89.8,idle
52.0,82.0,0.15,4.17,4.02,0,punch,95.8,jump
31.0,16.0,0.1,6.91,6.81,2,jump,92.0,idle
94.0,100.0,1.57,6.95,8.52,0,jump,96.5,kick
94.0,100.0,1.46,6.07,7.54,3,punch,97.4,idle
100.0,100.0,1.81,6.49,8.3,0,idle,98.0,jump
61.0,67.0,1.99,4.32,6.31,0,move_right,95.6,jump
70.0,82.0,1.36,6.42,7.78,0,idle,94.7,punch
28.0,49.0,0.86,8.54,9.4,5,move_right,93.1,idle
73.0,85.0,0.09,6.7,6.79,0,move_left,93.1,punch
85.0,94.0,1.83,5.97,7.8,1,move_right,94.1,punch
70.0,61.0,1.42,6.54,7.96,0,kick,93.1,block
52.0,79.0,0.12,5.32,5.44,3,kick,95.7,block
100.0,82.0,0.88,7.09,7.97,3,move_right,97.0,idle
55.0,82.0,0.8,4.62,5.42,0,block,96.3,kick
37.0,37.0,0.64,8.54,7.9,2,move_left,90.2,idle
43.0,88.0,1.54,3.25,4.78,1,punch,95.8,idle
67.0,70.0,0.13,5.31,5.18,0,kick,95.7,block
76.0,82.0,1.18,7.89,9.07,3,special,93.0,block
64.0,76.0,1.34,8.66,10.0,0,idle,90.5,special
22.0,61.0,0.56,3.85,4.41,0,idle,94.5,move_right
58.0,43.0,0.43,5.77,6.19,0,kick,93.7,block
100.0,100.0,2.58,5.24,7.82,0,special,96.8,jump
28.0,28.0,1.53,7.2,8.72,2,jump,90.4,idle
88.0,79.0,1.75,4.67,6.42,0,idle,93.8,jump
100.0,100.0,3.07,6.33,9.4,0,punch,97.1,move_right
55.0,61.0,1.32,6.1,7.42,3,idle,93.0,idle
13.0,64.0,0.07,6.91,6.98,0,move_left,92.4,move_right
88.0,73.0,1.09,6.14,7.24,5,move_left,96.2,idle
91.0,91.0,1.03,6.77,7.81,2,move_left,96.4,idle
100.0,100.0,4.05,2.37,6.42,0,punch,98.4,move_right
100.0,100.0,8.82,0.09,8.91,0,idle,99.0,jump
40.0,55.0,1.14,6.11,7.26,1,punch,90.5,block
49.0,58.0,1.26,6.82,8.08,2,kick,93.0,idle
64.0,73.0,1.29,8.27,9.57,1,punch,95.7,idle
85.0,94.0,1.18,6.19,7.37,0,punch,96.3,jump
100.0,100.0,2.55,4.77,7.32,0,jump,97.3,move_right
7.0,25.0,1.2,7.1,8.3,2,punch,90.3,idle
76.0,82.0,1.86,4.9,6.76,3,move_right,94.3,idle
73.0,49.0,1.18,8.52,9.7,0,punch,91.2,jump
10.0,64.0,0.43,8.44,8.01,0,move_left,89.7,idle
64.0,61.0,1.02,8.42,9.44,3,punch,93.2,block
79.0,22.0,0.61,7.52,8.13,1,move_left,93.2,idle
37.0,61.0,1.88,3.97,5.85,1,punch,93.9,idle
100.0,100.0,3.07,5.67,8.74,0,move_left,98.1,move_right
13.0,25.0,1.06,4.16,5.22,0,move_left,91.8,punch
100.0,94.0,1.89,4.05,5.94,2,idle,97.8,idle
100.0,100.0,2.84,7.16,10.0,0,kick,95.6,move_right
82.0,100.0,1.62,6.4,8.02,1,punch,96.4,idle
100.0,100.0,1.13,7.06,8.19,2,move_left,97.5,idle
73.0,94.0,0.99,4.37,5.36,3,move_left,96.8,idle
58.0,73.0,0.36,5.81,6.16,0,punch,94.5,jump
1.0,61.0,0.26,4.57,4.83,0,punch,93.4,block
100.0,94.0,1.09,6.28,7.37,0,block,97.2,punch
28.0,19.0,0.98,8.72,9.7,3,idle,91.1,idle
31.0,7.0,0.2,8.6,8.8,1,move_right,88.5,idle
19.0,76.0,0.63,8.77,9.4,0,kick,88.6,jump
100.0,100.0,2.35,4.63,6.98,0,move_right,97.2,jump
82.0,79.0,1.29,3.81,5.1,1,jump,95.7,idle
46.0,73.0,1.34,8.56,9.9,0,idle,93.6,punch
94.0,94.0,1.14,7.58,8.72,0,jump,96.6,punch
100.0,100.0,3.31,5.17,8.48,0,punch,97.7,kick
100.0,100.0,3.72,5.38,9.1,0,move_left,96.5,move_right
100.0,100.0,2.15,3.93,6.08,0,move_right,98.9,move_right
82.0,82.0,1.39,6.77,8.17,0,jump,96.7,kick
100.0,100.0,1.69,4.62,6.31,0,kick,98.7,move_right
70.0,37.0,1.27,8.13,9.4,1,punch,92.3,idle
100.0,100.0,1.32,4.61,5.94,0,idle,96.5,kick
52.0,76.0,0.15,3.87,4.02,2,idle,96.9,idle
61.0,70.0,1.53,6.9,8.42,0,punch,93.8,special
85.0,61.0,0.43,5.98,6.41,0,move_left,94.7,punch
100.0,100.0,5.97,0.77,6.74,0,idle,98.8,move_right
34.0,79.0,1.47,6.3,7.77,0,punch,95.7,block
82.0,76.0,0.56,4.56,5.12,2,move_right,95.5,idle
13.0,67.0,0.16,8.5,8.66,0,punch,92.3,block
100.0,94.0,1.44,6.9,8.34,3,special,96.4,idle
22.0,67.0,0.18,5.84,5.66,0,block,94.7,move_left
55.0,31.0,0.97,8.43,9.4,3,move_left,90.4,idle
52.0,73.0,0.88,7.69,8.57,0,kick,92.8,jump
43.0,22.0,0.66,7.82,8.48,1,idle,89.0,idle
64.0,82.0,0.6,6.92,7.52,0,jump,94.9,punch
100.0,85.0,1.59,6.3,7.89,1,block,97.0,idle
94.0,91.0,1.18,3.68,4.86,3,punch,97.5,block
28.0,28.0,0.15,3.87,4.02,0,punch,94.3,block
100.0,100.0,5.82,2.69,8.52,0,move_left,98.5,move_right
88.0,73.0,1.39,6.14,7.54,6,move_right,96.3,idle
25.0,55.0,0.39,8.21,8.6,0,move_left,91.4,move_right
34.0,49.0,0.49,5.82,6.31,0,move_left,92.9,punch
100.0,100.0,4.16,5.84,10.0,0,jump,96.6,move_right
13.0,67.0,0.16,8.8,8.96,0,block,91.8,move_right
100.0,100.0,1.34,8.66,10.0,0,move_right,94.9,punch
100.0,100.0,3.12,6.35,9.47,0,idle,98.4,move_right
100.0,100.0,1.76,5.77,7.54,0,kick,97.6,move_right
100.0,100.0,3.28,4.89,8.17,5,kick,97.1,idle
100.0,100.0,2.67,5.1,7.77,0,kick,98.4,move_right
16.0,64.0,0.5,7.1,6.6,0,move_left,93.8,move_left
58.0,16.0,1.28,8.72,10.0,0,move_right,91.7,kick
100.0,100.0,7.73,2.27,10.0,0,move_right,98.7,jump
85.0,94.0,1.78,6.19,7.97,3,move_right,96.0,idle
7.0,25.0,0.08,7.43,7.36,2,move_left,91.0,idle
100.0,100.0,5.82,3.74,9.55,0,idle,97.7,move_right
67.0,61.0,1.12,7.22,8.34,2,jump,92.3,idle
28.0,79.0,0.02,7.48,7.5,0,move_right,89.9,move_right
55.0,61.0,0.33,4.65,4.98,0,idle,94.4,kick
79.0,76.0,1.09,7.71,8.8,2,move_left,93.8,idle
73.0,94.0,0.79,4.52,5.31,0,idle,97.0,punch
94.0,100.0,0.38,4.97,5.35,5,jump,97.9,idle
91.0,76.0,2.41,5.35,7.76,0,special,93.6,move_right
70.0,73.0,1.02,8.2,9.22,2,move_left,93.5,idle
100.0,94.0,0.96,5.46,6.42,0,special,96.0,jump
61.0,64.0,1.74,3.4,5.14,1,move_left,95.6,idle
55.0,85.0,1.58,3.37,4.95,0,idle,95.7,punch
10.0,25.0,0.35,8.45,8.8,2,move_left,92.0,idle
49.0,43.0,1.01,4.05,5.06,2,jump,91.9,idle
91.0,64.0,0.28,7.09,7.37,6,move_left,95.7,idle
91.0,100.0,1.88,5.68,7.57,0,idle,97.2,move_right
100.0,100.0,2.36,7.64,10.0,0,kick,96.3,move_right
100.0,100.0,2.52,5.09,7.62,0,move_left,97.5,move_right
7.0,58.0,0.14,7.29,7.42,0,idle,91.8,move_right
19.0,10.0,1.42,5.21,6.64,0,jump,90.3,special
100.0,100.0,3.61,4.33,7.93,0,kick,98.9,move_right
70.0,70.0,0.16,4.78,4.94,0,punch,93.5,block
28.0,31.0,0.96,5.91,6.87,0,idle,91.7,punch
100.0,100.0,4.49,4.91,9.4,0,kick,96.8,move_right
100.0,100.0,2.55,5.31,7.85,0,kick,97.2,move_right
76.0,85.0,0.44,7.13,6.7,0,punch,93.7,jump
49.0,91.0,0.75,5.67,6.42,4,special,91.3,block
76.0,79.0,1.21,6.54,7.75,2,move_left,95.0,idle
64.0,94.0,1.04,8.66,9.7,2,punch,91.8,block
100.0,82.0,1.56,5.81,7.36,4,kick,96.9,idle
61.0,64.0,1.74,3.4,5.14,0,idle,95.5,move_right
31.0,37.0,0.49,6.44,6.94,3,punch,91.8,block
82.0,100.0,1.69,5.22,6.91,2,move_right,98.2,idle
100.0,100.0,2.34,5.21,7.56,5,kick,97.4,idle
43.0,70.0,1.05,7.21,8.26,0,move_left,95.0,block
28.0,73.0,1.29,6.38,7.67,3,special,94.0,idle
37.0,58.0,0.44,8.66,9.1,2,punch,91.1,block
76.0,52.0,1.01,3.45,4.46,0,move_right,94.1,kick
16.0,55.0,0.39,8.87,9.27,0,idle,93.5,move_right
76.0,94.0,1.83,7.27,9.1,1,kick,94.8,idle
94.0,79.0,1.0,8.7,9.7,1,move_right,93.8,idle
100.0,100.0,2.95,1.97,4.92,0,idle,98.4,move_right
79.0,61.0,1.03,6.83,7.86,3,special,94.4,block
100.0,100.0,1.4,7.01,8.41,0,punch,96.7,block
100.0,94.0,1.83,4.05,5.88,0,move_right,96.5,jump
16.0,43.0,0.57,6.12,5.55,0,special,91.7,block
22.0,13.0,1.28,8.42,9.7,3,block,89.8,idle
34.0,55.0,0.03,4.65,4.68,1,idle,92.9,idle
25.0,31.0,1.99,8.01,10.0,3,kick,90.7,idle
79.0,94.0,1.4,6.5,7.9,0,move_right,95.4,kick
100.0,100.0,4.23,1.35,5.58,0,jump,98.7,move_right
7.0,73.0,0.02,6.77,6.79,0,idle,89.9,move_right
13.0,25.0,1.32,7.3,8.62,0,kick,88.6,jump
61.0,58.0,1.55,8.45,10.0,1,special,94.5,idle
100.0,100.0,5.52,3.1,8.62,0,kick,98.8,move_right
100.0,100.0,7.49,2.51,10.0,0,idle,97.8,move_right
100.0,91.0,1.44,7.01,8.44,0,jump,97.2,punch
100.0,100.0,4.67,4.32,9.0,0,move_right,98.2,move_right
100.0,100.0,1.73,7.06,8.79,3,move_right,96.8,idle
22.0,73.0,1.62,5.04,6.66,0,move_right,94.6,move_right
1.0,58.0,0.27,9.43,9.7,0,move_right,92.3,move_right
31.0,61.0,1.02,6.1,7.12,3,kick,92.3,block
85.0,100.0,1.15,7.3,8.45,0,kick,94.6,block
100.0,100.0,4.22,4.14,8.36,1,move_right,95.7,idle
55.0,28.0,1.83,6.9,8.72,0,move_right,91.6,punch
55.0,58.0,1.19,4.29,5.48,2,idle,94.4,special
100.0,100.0,2.24,5.71,7.94,0,kick,96.2,move_right
64.0,61.0,0.72,8.42,9.14,1,move_left,92.6,idle
100.0,100.0,7.7,1.78,9.48,1,punch,98.6,idle
49.0,58.0,0.44,4.78,4.34,0,idle,91.5,block
10.0,7.0,1.19,5.19,6.38,2,move_left,92.0,idle
100.0,100.0,6.09,1.61,7.7,0,punch,98.7,move_right
82.0,94.0,1.02,8.19,9.21,0,punch,93.1,block
100.0,94.0,1.59,4.35,5.94,0,move_left,97.5,block
19.0,64.0,1.27,7.47,8.74,0,punch,93.7,block
85.0,82.0,1.33,5.63,6.96,1,jump,96.7,idle
58.0,82.0,0.18,3.94,4.12,1,jump,97.0,idle
46.0,64.0,0.72,7.89,8.61,1,kick,89.1,block
49.0,52.0,0.36,5.81,6.16,3,idle,93.1,idle
70.0,100.0,1.24,6.14,7.38,3,move_left,94.7,idle
100.0,100.0,6.37,3.38,9.75,0,move_right,98.7,move_right
94.0,82.0,1.44,8.54,9.98,2,idle,96.0,idle
100.0,100.0,1.92,3.11,5.04,0,idle,98.3,move_left
88.0,67.0,1.48,7.9,9.37,0,idle,96.5,jump
31.0,58.0,1.26,6.82,8.08,6,idle,92.6,idle
100.0,100.0,7.73,0.69,8.42,0,punch,98.8,move_right
25.0,37.0,0.52,6.62,7.14,3,jump,90.6,idle
85.0,61.0,1.34,5.53,6.87,6,punch,94.9,special
13.0,25.0,0.73,6.8,7.53,1,move_left,92.3,idle
100.0,100.0,2.98,4.39,7.37,0,special,98.6,move_right
91.0,76.0,1.22,5.99,7.2,0,jump,94.4,punch
100.0,100.0,1.65,3.57,5.22,0,punch,98.5,move_right
100.0,100.0,4.26,2.81,7.06,0,special,98.5,move_right
70.0,67.0,0.8,7.22,8.02,3,idle,95.6,idle
64.0,67.0,0.57,8.47,7.9,3,move_right,91.7,idle
58.0,40.0,1.48,8.52,10.0,4,move_right,90.0,idle
100.0,88.0,1.03,7.94,8.97,3,punch,96.4,block
40.0,91.0,0.41,4.39,4.8,3,idle,97.9,idle
52.0,88.0,0.02,7.78,7.8,3,idle,93.2,idle
88.0,94.0,2.35,3.47,5.82,0,kick,95.7,move_right
28.0,64.0,0.23,7.37,7.6,0,move_right,91.0,move_right
55.0,67.0,1.89,4.08,5.96,1,punch,96.6,idle
7.0,58.0,0.26,8.87,9.13,0,punch,88.5,special
4.0,67.0,0.14,8.94,8.8,0,move_left,91.6,move_left
10.0,34.0,0.57,8.17,7.6,0,idle,88.9,jump
10.0,55.0,0.21,9.17,8.97,0,block,93.0,move_left
37.0,25.0,0.23,8.23,8.01,0,idle,92.3,block
94.0,91.0,1.49,3.39,4.88,6,punch,98.0,idle
79.0,85.0,1.7,6.5,8.2,3,move_right,95.3,idle
25.0,43.0,0.52,6.62,7.14,3,kick,91.0,block
91.0,94.0,0.98,7.08,8.05,1,kick,97.6,block
52.0,49.0,0.35,6.01,6.36,2,punch,94.5,block
82.0,73.0,1.18,4.04,5.22,0,move_right,96.0,kick
61.0,85.0,0.12,5.32,5.44,0,move_right,95.9,block
40.0,16.0,0.1,8.6,8.5,3,block,89.6,block
19.0,79.0,0.81,4.85,5.65,3,kick,93.0,block
22.0,64.0,1.07,6.04,7.11,0,kick,91.2,block
67.0,67.0,0.96,6.82,7.78,3,kick,93.5,block
34.0,79.0,1.47,6.3,7.77,0,punch,95.9,block
76.0,88.0,1.57,7.83,9.4,0,idle,95.7,punch
16.0,13.0,0.74,5.93,5.2,3,kick,86.3,block
91.0,76.0,2.11,5.95,8.06,0,idle,93.1,move_left
67.0,58.0,0.25,7.35,7.6,0,idle,94.7,special
13.0,64.0,0.04,8.17,8.14,0,jump,90.7,punch
79.0,61.0,0.88,8.52,9.4,4,move_left,93.1,idle
82.0,100.0,1.36,5.05,6.41,0,kick,95.9,block
73.0,100.0,0.41,4.39,4.8,0,idle,98.6,kick
76.0,67.0,1.08,8.32,9.4,0,kick,94.0,block
100.0,100.0,3.18,5.08,8.26,0,move_right,98.1,punch
82.0,67.0,0.77,7.02,7.8,2,move_left,95.0,idle
64.0,58.0,0.65,6.01,6.66,1,jump,95.0,idle
73.0,58.0,0.69,4.95,5.64,0,punch,93.5,jump
16.0,58.0,0.0,9.4,9.4,0,kick,88.3,jump
70.0,70.0,0.3,8.5,8.8,0,move_left,93.5,special
40.0,64.0,1.32,4.91,6.24,0,move_right,92.3,jump
49.0,94.0,1.52,7.14,8.66,4,jump,92.1,idle
67.0,70.0,1.42,7.22,8.64,2,special,92.7,idle
64.0,58.0,1.39,6.14,7.54,2,move_right,94.8,idle
64.0,85.0,1.04,7.51,8.54,6,idle,93.8,idle
31.0,94.0,0.98,7.08,8.05,0,move_left,96.9,punch
73.0,55.0,0.98,4.2,5.18,4,move_left,95.2,idle
40.0,88.0,1.06,5.17,6.23,0,kick,96.2,block
88.0,79.0,1.48,8.52,10.0,3,punch,93.8,idle
61.0,70.0,1.8,4.04,5.84,0,punch,93.2,move_right
79.0,55.0,1.48,8.52,10.0,2,move_right,92.5,idle
67.0,67.0,1.08,7.04,8.12,4,idle,94.6,idle
100.0,100.0,2.71,3.55,6.26,0,move_right,96.8,move_right
43.0,37.0,0.54,7.01,7.54,1,move_right,93.3,idle
79.0,61.0,1.63,6.83,8.46,2,punch,93.9,punch
25.0,31.0,0.49,6.44,6.94,3,kick,91.4,block
19.0,73.0,0.96,6.96,7.92,0,idle,91.4,move_right
100.0,100.0,4.61,1.76,6.38,0,jump,98.8,move_right
100.0,100.0,2.52,5.7,8.22,0,special,98.0,move_right
55.0,88.0,0.69,4.37,5.06,1,special,96.2,block
100.0,82.0,1.07,7.02,8.1,2,move_right,96.3,idle
100.0,100.0,2.04,6.11,8.14,0,punch,98.1,move_right
79.0,49.0,1.18,8.52,9.7,3,idle,91.8,idle
4.0,28.0,0.79,6.58,7.37,0,punch,93.3,block
82.0,85.0,0.63,5.37,6.0,3,idle,96.1,idle
67.0,70.0,0.82,7.22,8.04,0,move_left,92.5,kick
79.0,22.0,0.91,7.52,8.43,2,idle,93.3,idle
94.0,100.0,1.57,7.25,8.82,0,special,95.8,special
55.0,73.0,0.97,3.72,4.69,0,punch,93.6,idle
37.0,61.0,0.3,4.34,4.64,2,jump,91.4,idle
61.0,58.0,0.64,8.54,7.9,4,idle,92.6,idle
49.0,79.0,1.0,5.69,6.69,2,idle,92.7,idle
100.0,100.0,4.76,4.37,9.13,0,idle,98.2,jump
85.0,85.0,1.51,7.44,8.95,3,kick,96.1,idle
40.0,7.0,0.1,8.6,8.5,3,punch,89.2,block
100.0,91.0,1.58,4.2,5.78,3,idle,97.6,idle
1.0,52.0,0.0,8.5,8.5,0,move_left,90.4,move_left
100.0,100.0,2.67,4.44,7.11,0,special,97.9,move_right
61.0,100.0,1.67,4.54,6.21,0,move_right,96.2,jump
100.0,100.0,5.54,3.01,8.54,0,move_right,97.3,move_right
100.0,100.0,2.56,2.35,4.91,0,kick,98.6,move_right
67.0,91.0,0.75,5.97,6.72,1,move_right,93.5,idle
100.0,100.0,2.84,5.11,7.94,0,punch,96.5,move_right
7.0,67.0,0.26,9.74,10.0,0,idle,89.9,move_right
100.0,100.0,7.02,1.79,8.82,0,kick,98.8,move_right
70.0,82.0,0.96,5.62,6.58,0,move_left,94.9,block
100.0,100.0,5.08,3.1,8.18,0,idle,98.0,jump
73.0,70.0,1.3,7.6,8.9,1,kick,94.0,idle
31.0,43.0,1.33,6.8,8.13,0,jump,93.2,kick
82.0,91.0,1.12,5.16,6.28,1,idle,96.5,idle
85.0,58.0,1.01,3.45,4.46,0,move_right,94.5,punch
4.0,70.0,0.19,7.79,7.6,0,move_left,92.3,move_left
55.0,46.0,1.13,5.2,6.34,0,idle,94.9,punch
100.0,100.0,7.3,0.59,7.89,0,idle,99.0,move_right
100.0,82.0,0.88,6.79,7.67,6,move_left,97.3,move_right
49.0,64.0,0.66,5.81,6.46,2,block,93.7,idle
91.0,100.0,1.54,3.55,5.08,3,kick,98.3,idle
100.0,100.0,2.32,3.96,6.28,0,kick,98.3,move_right
16.0,31.0,0.66,7.0,7.66,3,move_left,86.7,idle
67.0,79.0,1.6,5.69,7.29,2,block,93.3,kick
82.0,100.0,1.62,3.84,5.46,2,kick,98.2,idle
19.0,73.0,0.61,5.39,6.0,1,kick,92.7,block
70.0,61.0,0.78,8.32,9.1,3,punch,93.8,block
100.0,94.0,0.97,8.13,9.1,1,move_left,96.0,idle
10.0,55.0,0.19,6.04,6.24,0,block,92.5,move_right
67.0,79.0,1.56,5.46,7.02,1,punch,94.7,idle
94.0,91.0,2.39,3.39,5.78,0,kick,97.4,move_right
4.0,67.0,0.15,5.67,5.82,0,kick,89.2,block
94.0,94.0,1.65,5.41,7.06,0,move_right,98.0,move_right
94.0,85.0,1.14,7.88,9.02,1,move_left,95.3,idle
100.0,100.0,2.63,4.59,7.22,0,block,97.2,move_left
40.0,55.0,1.05,4.17,3.12,3,move_left,94.8,idle
58.0,58.0,1.33,5.65,6.98,6,punch,95.2,idle
64.0,67.0,0.57,8.47,7.9,2,jump,91.6,idle
94.0,94.0,1.6,5.74,7.33,3,punch,96.2,idle
94.0,94.0,0.99,3.81,4.8,0,punch,96.4,block
13.0,58.0,0.26,8.87,9.13,0,move_right,90.0,move_right
55.0,70.0,0.92,7.73,8.65,0,special,94.4,block
22.0,58.0,0.38,6.61,6.99,0,punch,91.2,block
34.0,55.0,0.03,4.65,4.68,2,punch,93.0,block
94.0,100.0,1.63,5.05,6.68,3,move_right,98.1,idle
70.0,73.0,1.13,7.36,8.49,3,move_left,95.4,idle
82.0,94.0,0.92,7.78,8.7,2,kick,95.2,block
4.0,70.0,1.36,5.62,6.97,1,special,94.1,idle
52.0,67.0,1.06,6.42,7.48,2,kick,93.2,block
76.0,67.0,1.82,8.18,10.0,1,block,92.9,idle
13.0,58.0,0.26,7.87,8.14,0,move_right,90.2,move_right
64.0,88.0,1.39,4.22,5.61,0,move_right,96.6,punch
100.0,100.0,2.44,6.48,8.92,0,kick,98.1,jump
52.0,67.0,0.82,6.62,7.44,1,special,92.0,block
100.0,100.0,3.62,6.38,10.0,0,idle,97.5,move_right
100.0,91.0,0.76,4.78,5.54,3,move_left,95.9,idle
25.0,49.0,1.39,8.31,9.7,0,idle,91.2,block
55.0,46.0,1.23,6.9,8.12,3,idle,93.0,idle
25.0,31.0,1.99,8.01,10.0,0,punch,90.4,jump
100.0,100.0,4.82,2.94,7.76,0,move_right,97.7,move_right
94.0,88.0,1.87,3.91,5.78,0,block,97.6,move_right
7.0,58.0,0.04,8.87,8.83,0,idle,89.6,move_left
58.0,58.0,0.14,7.67,7.81,0,jump,94.2,punch
76.0,85.0,1.08,7.24,8.32,0,kick,95.5,jump
55.0,88.0,1.09,4.22,5.31,0,punch,96.1,jump
46.0,79.0,0.81,4.85,5.65,0,move_left,93.4,special
61.0,88.0,0.14,8.66,8.8,0,punch,92.8,block
100.0,100.0,6.94,1.04,7.98,0,jump,98.8,jump
61.0,100.0,0.94,6.44,7.38,0,kick,94.3,block
100.0,94.0,1.1,5.71,6.81,2,kick,98.2,block
40.0,79.0,1.06,5.47,6.53,0,move_right,95.0,jump
70.0,91.0,0.72,8.15,8.87,0,kick,96.9,block
85.0,82.0,1.8,5.71,7.5,3,move_right,95.0,idle
100.0,100.0,1.2,7.3,8.5,0,move_left,96.0,jump
43.0,67.0,1.06,6.42,7.48,1,kick,93.1,block
58.0,67.0,1.2,8.5,9.7,3,move_left,92.2,idle
76.0,82.0,0.88,7.89,8.77,0,move_left,92.7,punch
49.0,43.0,1.31,3.75,5.06,0,idle,92.7,punch
19.0,25.0,0.96,5.91,6.87,3,move_left,91.2,idle
100.0,100.0,5.53,3.44,8.97,0,move_left,98.6,move_right
94.0,85.0,0.26,4.27,4.53,0,move_right,95.6,punch
34.0,34.0,1.02,6.9,7.92,3,special,92.4,block
25.0,52.0,0.3,7.3,7.6,1,kick,92.5,block
16.0,73.0,0.12,6.54,6.66,0,jump,93.3,move_right
10.0,73.0,0.11,8.26,8.14,0,move_left,90.6,move_left
37.0,88.0,0.49,4.22,4.71,1,move_left,95.6,idle
46.0,76.0,1.39,5.44,6.84,0,kick,95.6,jump
4.0,13.0,1.02,8.2,9.22,3,idle,87.6,idle
94.0,94.0,1.04,5.23,6.27,2,block,97.2,idle
100.0,100.0,1.83,3.45,5.28,0,idle,97.2,move_right
100.0,100.0,7.33,2.54,9.87,0,idle,99.0,move_right
7.0,31.0,0.73,7.07,7.81,0,punch,90.2,block
100.0,100.0,2.94,7.06,10.0,0,move_right,98.0,jump
88.0,79.0,1.2,4.04,5.24,2,move_left,95.2,idle
100.0,100.0,1.62,7.59,9.21,0,move_right,95.3,jump
40.0,70.0,1.51,8.49,10.0,2,punch,90.1,idle
55.0,88.0,0.64,6.44,7.08,6,punch,93.2,block
16.0,73.0,0.11,7.96,7.84,3,idle,92.3,idle
100.0,100.0,5.32,2.12,7.44,0,punch,98.3,jump
52.0,34.0,1.4,8.42,9.82,0,idle,92.5,kick
10.0,73.0,0.61,5.39,6.0,0,kick,92.6,jump
16.0,22.0,0.97,8.13,9.1,1,punch,91.4,block
100.0,100.0,3.37,4.25,7.62,0,punch,98.4,jump
100.0,100.0,7.92,0.99,8.91,0,punch,98.6,move_right
10.0,61.0,0.5,9.5,10.0,3,idle,91.3,idle
52.0,82.0,0.08,4.97,5.05,1,kick,96.7,block
34.0,52.0,0.3,6.91,7.2,3,kick,91.0,punch
49.0,73.0,1.89,3.81,5.7,1,special,94.7,idle
73.0,73.0,1.16,8.24,9.4,3,jump,92.9,idle
100.0,100.0,2.45,4.25,6.7,0,special,97.2,move_right
88.0,91.0,1.39,6.14,7.54,0,move_right,96.5,block
82.0,79.0,0.85,4.97,5.82,6,kick,93.0,block
100.0,67.0,1.25,8.15,9.4,2,move_right,95.3,idle
58.0,43.0,1.31,3.75,5.06,0,kick,93.1,block
25.0,49.0,0.18,8.32,8.5,3,punch,91.7,block
43.0,43.0,0.85,5.17,6.02,5,kick,94.5,block
31.0,34.0,0.78,7.34,8.12,3,move_right,92.2,idle
43.0,25.0,1.42,7.74,9.16,4,punch,90.5,idle
100.0,88.0,1.63,5.63,7.26,1,move_right,97.4,idle
70.0,76.0,1.15,5.17,6.32,6,idle,96.4,idle
82.0,94.0,1.68,6.58,8.26,3,block,95.1,idle
61.0,82.0,0.76,6.42,7.18,0,special,94.3,block
100.0,100.0,1.65,5.11,6.76,0,punch,98.9,move_right
82.0,49.0,0.76,4.42,5.17,3,idle,95.6,idle
40.0,61.0,0.66,7.88,7.22,2,jump,92.3,idle
79.0,82.0,1.9,6.7,8.6,0,move_right,95.8,punch
82.0,91.0,1.44,3.4,4.84,0,kick,97.2,block
19.0,73.0,0.0,9.7,9.7,0,move_left,92.6,move_right
34.0,37.0,0.8,7.81,8.61,2,special,88.3,block
73.0,76.0,1.76,3.25,5.01,0,block,96.7,move_right
82.0,76.0,1.07,7.02,8.1,1,kick,95.3,block
91.0,76.0,1.22,5.99,7.2,2,block,94.8,idle
4.0,22.0,0.68,5.48,6.16,2,move_right,91.8,idle
100.0,100.0,0.8,4.62,5.42,0,jump,98.3,punch
46.0,64.0,0.97,7.17,8.14,3,idle,94.8,idle
31.0,64.0,0.72,7.89,8.61,2,punch,88.4,block
100.0,100.0,4.86,2.46,7.32,4,kick,98.1,idle
37.0,73.0,0.74,8.66,9.4,1,move_right,91.8,idle
100.0,100.0,3.71,4.79,8.5,0,idle,99.0,kick
4.0,82.0,0.2,7.4,7.59,0,move_right,93.8,move_right
64.0,31.0,0.32,5.99,6.3,3,kick,90.6,block
37.0,46.0,1.26,7.0,8.26,0,idle,88.5,kick
100.0,100.0,1.51,5.55,7.06,0,move_left,96.0,kick
100.0,100.0,3.79,3.74,7.54,0,move_right,98.9,jump
100.0,100.0,4.13,2.5,6.64,0,idle,99.0,move_right
100.0,100.0,1.7,6.71,8.41,0,punch,96.9,move_right
40.0,46.0,0.3,8.5,8.8,1,punch,91.3,block
10.0,16.0,1.16,8.84,10.0,3,move_right,91.7,idle
76.0,76.0,0.12,5.79,5.91,3,punch,95.3,block
31.0,85.0,0.04,8.28,8.32,1,kick,93.9,block
7.0,73.0,0.0,9.7,9.7,0,punch,91.4,block
7.0,25.0,1.02,6.9,7.92,1,punch,91.0,block
100.0,100.0,4.55,2.45,7.0,0,punch,98.1,move_right
10.0,55.0,0.02,3.38,3.36,0,idle,88.9,move_left
22.0,55.0,1.25,8.45,9.7,0,punch,93.7,block
31.0,61.0,1.32,6.1,7.42,0,move_right,92.0,kick
100.0,100.0,3.23,3.73,6.96,0,jump,97.4,move_right
76.0,82.0,1.23,8.47,9.7,1,move_left,92.9,idle
100.0,100.0,2.47,6.33,8.8,2,move_left,97.5,idle
25.0,76.0,1.23,8.47,9.7,3,kick,89.2,idle
73.0,73.0,1.51,8.19,9.7,2,idle,93.6,idle
91.0,94.0,1.32,7.89,9.21,2,kick,94.9,idle
10.0,31.0,1.0,7.22,8.21,5,move_left,91.3,idle
4.0,34.0,0.09,6.6,6.69,0,move_right,93.2,special
94.0,100.0,0.83,7.03,7.86,1,punch,96.1,block
94.0,70.0,0.37,8.13,8.5,0,move_left,93.8,punch
16.0,52.0,0.01,7.46,7.45,0,punch,90.4,block
28.0,31.0,0.99,5.55,6.54,2,kick,90.7,block
52.0,79.0,1.44,8.56,10.0,0,block,92.7,kick
43.0,73.0,0.45,5.67,6.12,2,move_left,90.5,idle
100.0,100.0,3.71,4.79,8.5,3,special,98.3,idle
94.0,85.0,1.42,6.54,7.96,0,jump,95.0,punch
100.0,100.0,3.2,4.21,7.41,0,idle,99.0,jump
34.0,70.0,1.66,6.07,7.73,0,move_right,94.1,move_right
22.0,61.0,0.56,3.85,4.41,1,block,94.6,idle
100.0,100.0,5.92,2.52,8.45,0,jump,98.3,move_right
85.0,100.0,0.72,5.69,6.42,0,block,95.9,punch
22.0,25.0,1.5,6.34,7.84,2,move_right,90.9,idle
82.0,88.0,1.53,5.4,6.92,0,punch,95.7,kick
100.0,100.0,2.0,6.41,8.41,0,move_left,97.0,move_right
28.0,67.0,0.45,5.67,6.12,3,kick,90.1,block
100.0,88.0,1.0,8.7,9.7,2,jump,94.5,idle
13.0,67.0,0.27,7.29,7.57,0,idle,92.3,move_right
100.0,100.0,3.68,3.58,7.27,0,move_left,98.9,move_right
25.0,43.0,0.82,7.43,8.26,0,move_right,91.5,special
82.0,100.0,0.44,7.67,8.11,0,move_left,96.6,kick
52.0,37.0,0.62,7.09,6.47,4,move_right,92.0,idle
40.0,55.0,1.29,8.27,9.57,0,move_right,94.6,special
91.0,91.0,1.02,6.14,7.16,1,kick,97.1,block
85.0,100.0,1.48,6.19,7.67,0,move_right,96.7,punch
55.0,52.0,1.23,6.9,8.12,0,jump,93.1,punch
34.0,37.0,1.28,4.4,5.68,0,move_left,94.8,punch
94.0,91.0,1.46,3.25,4.71,0,idle,97.7,punch
16.0,73.0,0.18,7.14,6.96,0,kick,92.6,block
52.0,64.0,1.03,7.07,8.11,0,move_right,92.5,special
37.0,70.0,1.5,4.34,5.84,0,move_right,92.7,kick
100.0,100.0,3.29,6.25,9.53,0,move_left,96.7,move_right
40.0,7.0,1.82,5.99,7.8,2,move_right,88.6,idle
91.0,85.0,1.81,7.33,9.13,2,move_right,96.7,idle
100.0,100.0,1.44,6.71,8.14,0,punch,97.9,jump
100.0,100.0,2.3,6.41,8.71,0,punch,97.1,jump
85.0,85.0,0.51,4.85,5.35,0,punch,95.0,block
100.0,100.0,5.18,2.67,7.84,0,move_left,98.6,move_right
76.0,94.0,1.53,7.57,9.1,2,move_right,94.9,move_left
100.0,100.0,1.53,5.07,6.6,0,punch,97.3,punch
25.0,64.0,0.85,6.01,6.86,0,move_right,94.4,move_right
100.0,100.0,2.08,3.44,5.52,0,punch,97.9,jump
100.0,100.0,2.51,6.59,9.1,0,move_right,96.8,move_right
76.0,88.0,1.31,7.49,8.8,3,special,95.8,idle
7.0,7.0,0.08,7.43,7.36,6,jump,90.2,idle
91.0,82.0,1.33,6.5,7.83,3,kick,96.4,idle
76.0,82.0,1.39,6.77,8.17,3,punch,96.6,idle
52.0,76.0,1.46,6.37,7.84,0,idle,94.4,punch
100.0,100.0,2.51,6.29,8.8,0,jump,96.9,move_right
61.0,88.0,1.47,6.69,8.17,0,punch,94.9,block
19.0,61.0,1.4,8.6,10.0,0,special,92.0,block
55.0,94.0,1.07,4.54,5.61,0,punch,95.3,block
100.0,100.0,4.51,3.67,8.18,0,jump,98.2,move_right
43.0,49.0,0.22,7.43,7.66,1,kick,92.0,block
13.0,61.0,0.24,5.78,6.02,0,punch,89.7,block
100.0,100.0,3.01,3.59,6.6,0,punch,97.9,jump
82.0,85.0,0.53,7.03,7.56,0,idle,93.9,block
100.0,100.0,1.92,4.41,6.33,0,idle,98.6,move_right
100.0,100.0,1.33,5.27,6.61,0,move_left,98.3,block
52.0,37.0,1.1,7.81,8.91,5,idle,88.6,idle
85.0,100.0,1.45,5.53,6.98,3,idle,95.6,idle
100.0,100.0,5.6,2.25,7.85,0,punch,98.6,move_right
100.0,100.0,5.1,3.2,8.3,0,kick,98.6,jump
79.0,55.0,1.48,8.52,10.0,0,idle,92.3,kick
100.0,100.0,2.46,4.11,6.57,0,idle,98.2,jump
10.0,64.0,0.18,9.89,9.71,0,jump,92.1,move_left
37.0,43.0,1.81,7.09,8.9,2,move_right,93.3,idle
40.0,28.0,0.2,8.6,8.8,1,move_left,90.3,idle
43.0,46.0,1.28,4.4,5.68,3,kick,96.0,idle
70.0,85.0,1.48,7.39,8.87,0,move_right,94.0,punch
10.0,64.0,0.17,8.14,8.31,0,move_right,89.8,move_right
100.0,100.0,1.81,7.57,9.38,0,idle,95.3,move_right
1.0,64.0,0.21,7.88,7.67,0,block,92.5,move_left
94.0,73.0,1.57,4.21,5.78,3,idle,97.0,idle
67.0,76.0,1.23,4.72,5.95,3,kick,97.1,idle
43.0,85.0,1.8,8.2,10.0,5,punch,92.0,idle
100.0,100.0,1.56,4.72,6.28,0,move_left,97.1,jump
73.0,82.0,0.6,7.3,7.9,0,jump,94.6,punch
58.0,61.0,1.74,5.81,7.56,1,move_right,92.4,idle
37.0,70.0,1.24,6.74,7.98,6,kick,91.1,idle
91.0,91.0,1.52,4.07,5.59,2,block,96.7,idle
100.0,100.0,5.15,4.85,10.0,0,move_right,98.4,move_right
91.0,85.0,0.99,6.7,7.69,1,idle,94.6,idle
64.0,79.0,0.39,6.7,7.09,0,kick,92.4,jump
7.0,28.0,0.03,6.12,6.15,2,move_right,90.8,idle
34.0,34.0,1.02,6.9,7.92,0,punch,92.6,block
25.0,49.0,0.08,5.48,5.56,2,move_left,93.8,idle
43.0,67.0,0.76,6.42,7.18,0,move_left,92.9,punch
4.0,22.0,0.52,5.42,4.9,2,kick,94.2,block
67.0,67.0,0.43,6.07,6.49,5,punch,94.6,punch
40.0,79.0,0.87,5.87,6.74,2,move_left,92.5,idle
64.0,85.0,1.04,7.51,8.54,3,move_right,93.5,idle
100.0,82.0,1.55,5.71,7.26,3,block,97.0,punch
100.0,82.0,0.46,7.61,8.07,2,block,93.7,idle
73.0,91.0,1.05,5.97,7.02,0,kick,94.3,block
100.0,100.0,4.62,3.92,8.54,0,special,98.8,move_left
100.0,91.0,1.63,6.5,8.13,1,move_right,96.6,idle
100.0,100.0,5.27,4.57,9.84,2,kick,98.6,idle
76.0,100.0,1.23,7.57,8.8,0,special,95.2,block
64.0,82.0,1.4,6.2,7.59,1,jump,97.2,idle
67.0,34.0,0.08,8.42,8.5,0,special,91.9,block
100.0,100.0,2.08,6.99,9.07,0,move_left,95.6,move_right
64.0,67.0,2.03,7.36,9.39,0,move_right,94.0,move_right
34.0,79.0,1.0,5.99,6.99,0,punch,91.5,block
28.0,34.0,0.13,4.94,4.8,0,jump,92.5,punch
100.0,100.0,4.94,3.77,8.71,0,idle,98.8,jump
100.0,91.0,1.85,7.85,9.7,0,kick,96.6,move_right
76.0,91.0,1.39,5.82,7.21,2,idle,96.7,idle
52.0,76.0,0.96,7.88,6.92,3,move_left,93.7,idle
100.0,100.0,2.55,6.38,8.93,0,move_left,97.0,move_right
100.0,100.0,1.07,4.94,6.0,0,move_left,97.8,punch
76.0,85.0,1.51,7.93,9.43,2,special,95.3,idle
100.0,100.0,4.21,2.09,6.3,0,move_right,98.4,move_right
19.0,58.0,0.86,8.27,9.13,0,kick,91.5,block
25.0,49.0,0.08,5.48,5.56,3,punch,93.5,block
67.0,76.0,1.09,4.62,5.71,0,special,96.9,block
64.0,55.0,0.28,7.09,7.37,3,jump,94.2,idle
19.0,37.0,0.44,8.66,9.1,0,punch,88.3,jump
55.0,52.0,0.69,6.6,7.29,0,kick,94.3,block
100.0,100.0,3.72,5.0,8.72,0,punch,97.7,move_right
46.0,70.0,1.3,6.04,7.33,3,jump,92.3,idle
4.0,10.0,1.63,6.8,8.43,3,move_right,91.6,idle
100.0,100.0,1.62,4.3,5.92,0,move_left,98.0,move_right
28.0,64.0,1.6,6.34,7.93,1,jump,90.7,idle
79.0,76.0,0.84,5.81,6.66,3,punch,93.9,block
4.0,34.0,0.09,6.6,6.69,3,block,93.5,idle
82.0,73.0,1.23,8.47,9.7,0,move_right,93.4,punch
70.0,85.0,0.29,8.06,8.35,0,move_right,94.1,punch
61.0,58.0,0.94,8.54,7.6,0,jump,92.9,special
100.0,100.0,3.49,3.74,7.24,0,idle,99.0,jump
52.0,37.0,0.92,7.09,6.17,0,punch,92.4,block
61.0,64.0,1.44,3.4,4.84,6,punch,96.1,idle
37.0,34.0,1.29,6.48,7.76,0,move_right,90.5,kick
100.0,100.0,4.22,4.14,8.36,0,jump,95.6,move_right
22.0,19.0,0.71,4.05,4.76,2,punch,89.8,block
7.0,28.0,0.27,6.12,5.85,3,idle,90.9,idle
100.0,100.0,4.83,2.52,7.35,0,kick,98.8,jump
70.0,100.0,0.68,6.27,6.94,1,move_left,94.5,idle
13.0,70.0,0.19,8.57,8.77,0,punch,93.8,block
13.0,37.0,1.5,7.1,8.6,0,kick,92.1,punch
94.0,91.0,1.43,7.03,8.46,0,punch,95.0,block
10.0,16.0,0.86,8.84,9.7,2,special,90.8,block
91.0,94.0,1.44,5.81,7.26,2,special,96.2,idle
70.0,91.0,1.21,5.39,6.6,1,move_left,95.5,idle
100.0,100.0,4.88,3.37,8.25,2,idle,98.0,idle
25.0,16.0,1.12,5.21,6.34,1,kick,91.0,block
34.0,58.0,1.34,8.66,10.0,0,move_right,89.8,block
100.0,100.0,4.06,3.42,7.48,0,idle,98.7,jump
100.0,100.0,5.14,3.39,8.53,0,move_right,97.7,move_right
28.0,52.0,0.61,8.36,7.75,0,punch,91.5,block
94.0,85.0,1.74,7.88,9.62,0,punch,95.7,jump
1.0,58.0,0.15,8.65,8.8,0,idle,89.2,move_right
100.0,100.0,1.66,3.25,4.91,0,special,98.3,move_right
82.0,100.0,1.05,5.67,6.72,2,jump,95.6,idle
31.0,52.0,0.37,7.03,6.66,1,jump,90.4,idle
100.0,94.0,1.3,8.7,10.0,2,idle,95.1,idle
58.0,76.0,0.02,3.68,3.66,3,special,94.3,block
37.0,88.0,1.58,4.71,6.29,0,move_right,95.0,special
100.0,100.0,2.7,5.8,8.5,0,kick,96.8,move_right
64.0,61.0,0.72,8.42,9.14,2,move_left,93.1,idle
94.0,100.0,1.55,7.25,8.8,0,punch,97.1,block
67.0,76.0,1.59,4.08,5.66,5,kick,97.8,idle
55.0,43.0,0.83,7.66,8.49,4,kick,93.3,block
58.0,79.0,1.44,8.56,10.0,2,move_right,92.9,idle
64.0,64.0,0.02,6.32,6.29,2,move_left,94.8,idle
91.0,91.0,1.52,4.07,5.59,1,block,96.6,idle
85.0,58.0,0.71,3.45,4.16,2,punch,94.7,block
10.0,16.0,0.69,6.18,6.86,0,kick,87.9,block
34.0,76.0,1.53,8.47,10.0,6,jump,89.5,idle
58.0,70.0,1.52,7.31,8.83,3,block,94.1,idle
61.0,85.0,0.75,6.81,7.55,3,punch,94.7,block
100.0,76.0,0.67,8.13,8.8,6,move_right,95.7,idle
43.0,73.0,0.75,5.67,6.42,3,kick,90.6,block
70.0,46.0,0.88,4.04,4.92,3,punch,94.4,block
37.0,40.0,1.35,7.81,9.16,2,move_left,91.9,idle
52.0,55.0,0.54,7.01,7.54,3,idle,94.3,idle
100.0,100.0,2.27,3.74,6.0,0,move_left,98.6,jump
52.0,85.0,1.17,5.27,6.44,0,punch,94.5,block
64.0,55.0,0.28,7.09,7.37,1,jump,94.0,idle
46.0,64.0,0.97,7.17,8.14,2,move_right,95.1,idle
100.0,100.0,1.62,6.92,8.54,0,punch,97.4,move_right
34.0,16.0,1.12,5.21,6.34,3,move_right,91.6,idle
16.0,22.0,0.67,8.13,8.8,3,jump,91.6,idle
34.0,64.0,0.48,5.79,5.31,0,move_left,93.3,kick
94.0,100.0,1.46,7.94,9.4,2,punch,95.5,idle
61.0,88.0,1.77,6.39,8.17,2,kick,95.2,idle
40.0,28.0,1.14,5.81,4.66,1,move_left,91.0,idle
52.0,40.0,1.44,4.0,5.44,6,idle,94.4,idle
100.0,94.0,0.29,8.81,9.1,1,move_left,94.6,idle
58.0,82.0,1.09,4.24,5.34,6,kick,97.7,block
82.0,85.0,0.44,7.13,6.7,3,move_left,94.0,idle
28.0,13.0,1.22,7.09,5.87,1,move_right,90.6,idle
100.0,82.0,0.47,7.02,7.5,4,move_left,96.5,idle
91.0,85.0,1.81,7.33,9.13,1,block,96.6,idle
64.0,82.0,0.98,6.28,7.27,2,move_left,94.8,idle
37.0,55.0,0.54,5.62,5.08,3,kick,92.9,block
100.0,100.0,3.72,4.34,8.06,0,punch,98.4,move_right
100.0,100.0,1.5,6.5,8.0,0,move_left,97.2,block
85.0,91.0,0.61,5.55,6.16,0,move_left,94.8,punch
10.0,61.0,0.27,6.3,6.57,0,move_right,92.9,move_right
100.0,100.0,3.09,4.6,7.69,0,idle,97.8,move_right
100.0,100.0,2.61,2.75,5.35,0,move_right,98.0,jump
88.0,82.0,1.58,4.2,5.78,0,move_right,96.9,kick
64.0,76.0,0.98,6.28,7.27,2,punch,94.4,block
31.0,58.0,0.28,6.32,6.59,0,punch,93.6,block
7.0,67.0,0.03,7.29,7.27,0,punch,90.9,block
49.0,64.0,0.6,8.5,9.1,0,move_right,92.4,punch
76.0,82.0,1.09,6.77,7.87,2,move_left,96.5,idle
7.0,13.0,0.35,4.83,5.18,0,idle,92.2,kick
16.0,64.0,0.28,8.93,8.65,0,move_left,91.9,move_left
94.0,100.0,1.15,7.3,8.45,2,move_right,94.8,idle
61.0,73.0,1.86,5.76,7.62,1,move_right,94.0,idle
100.0,100.0,3.41,4.79,8.2,2,move_left,98.2,idle
82.0,94.0,2.0,6.32,8.32,1,move_right,97.6,idle
4.0,67.0,0.14,8.34,8.2,0,move_left,90.1,jump
100.0,100.0,2.27,6.43,8.7,0,idle,97.7,jump
55.0,31.0,1.57,8.13,9.7,2,punch,91.2,idle
85.0,85.0,0.09,6.7,6.79,1,move_left,94.1,idle
100.0,100.0,6.43,2.0,8.43,0,move_left,98.7,move_right
82.0,100.0,1.37,3.94,5.31,0,punch,97.0,jump
55.0,55.0,0.5,8.6,9.1,3,kick,92.4,block
100.0,100.0,1.51,7.52,9.03,0,idle,97.2,kick
58.0,85.0,1.44,8.56,10.0,2,move_right,93.8,idle
10.0,82.0,0.08,8.82,8.75,0,punch,91.5,block
46.0,55.0,1.26,5.8,7.06,2,punch,90.3,idle
100.0,100.0,5.18,2.09,7.27,0,idle,98.8,move_right
85.0,100.0,0.79,4.24,5.04,1,move_left,98.3,idle
100.0,100.0,2.8,4.9,7.7,0,move_right,98.1,move_right
100.0,85.0,1.58,7.05,8.63,0,punch,95.7,punch
100.0,100.0,6.42,2.27,8.69,0,kick,98.9,move_right
67.0,37.0,0.82,4.91,5.74,0,move_right,94.9,punch
67.0,73.0,1.33,6.5,7.83,3,special,96.0,idle
1.0,73.0,0.42,4.24,3.82,0,move_left,93.7,move_left
91.0,100.0,1.05,8.65,9.7,2,move_right,95.1,idle
10.0,28.0,0.78,7.34,8.12,3,move_left,90.7,idle
13.0,58.0,0.34,8.17,7.84,0,idle,90.3,move_left
82.0,94.0,1.6,6.02,7.61,1,special,98.1,idle
100.0,100.0,4.04,5.96,10.0,0,move_right,95.0,move_right
52.0,64.0,1.03,7.07,8.11,2,special,93.5,block
94.0,88.0,0.84,6.9,7.74,3,move_right,95.2,idle
58.0,73.0,1.12,6.32,7.44,3,kick,92.6,block
37.0,64.0,1.07,6.04,7.11,0,kick,91.5,block
55.0,61.0,0.33,4.65,4.98,0,idle,94.0,block
43.0,58.0,0.38,5.71,6.09,2,idle,93.9,idle
100.0,100.0,6.64,2.7,9.33,0,move_left,98.3,move_right
100.0,100.0,1.92,3.11,5.04,6,kick,98.0,idle
1.0,55.0,0.02,3.38,3.36,0,punch,88.6,block
94.0,82.0,1.09,7.71,8.8,1,idle,94.5,idle
55.0,31.0,1.87,8.13,10.0,1,move_right,91.1,idle
25.0,52.0,0.6,7.3,7.9,0,move_right,91.9,move_right
25.0,61.0,1.06,6.42,7.48,2,kick,92.2,block
49.0,46.0,0.52,7.22,7.74,3,punch,90.8,block
91.0,100.0,1.36,5.32,6.67,0,kick,96.1,block
100.0,100.0,2.59,4.64,7.24,0,punch,98.5,move_right
79.0,85.0,0.51,4.85,5.35,0,jump,94.6,punch
100.0,82.0,0.76,7.61,8.37,6,idle,94.1,block
88.0,76.0,0.47,4.26,4.73,0,move_right,94.9,punch
100.0,100.0,2.36,5.03,7.39,0,idle,97.6,move_right
91.0,100.0,1.24,3.55,4.78,1,move_left,98.1,idle
70.0,82.0,1.58,6.28,7.87,3,kick,95.8,idle
37.0,85.0,0.92,7.44,8.36,1,move_left,90.8,idle
100.0,100.0,4.03,5.92,9.94,2,punch,96.7,idle
94.0,91.0,1.73,6.73,8.46,1,move_right,95.2,idle
58.0,82.0,0.28,3.68,3.96,2,move_left,95.5,idle
100.0,100.0,8.82,0.39,9.21,0,move_right,98.8,move_right
1.0,82.0,0.42,7.67,8.09,0,move_right,93.7,move_right
10.0,46.0,0.6,5.24,4.64,1,punch,88.2,block
88.0,88.0,0.82,6.32,7.14,0,punch,93.6,jump
52.0,82.0,0.15,4.17,4.02,0,kick,95.9,block
100.0,100.0,1.88,6.67,8.55,0,punch,95.5,move_right
25.0,25.0,1.09,8.61,9.7,0,move_left,89.6,block
100.0,100.0,1.83,5.1,6.92,0,punch,96.6,move_right
73.0,91.0,1.4,5.41,6.81,0,idle,94.0,punch
85.0,85.0,1.17,5.27,6.44,1,move_left,95.8,idle
91.0,73.0,1.28,6.89,8.17,6,kick,95.8,idle
100.0,100.0,1.38,6.74,8.12,0,punch,96.1,block
100.0,88.0,0.15,4.17,4.32,1,block,97.6,idle
25.0,43.0,0.74,8.66,9.4,0,jump,89.0,punch
10.0,52.0,0.42,6.8,7.22,0,kick,92.4,block
49.0,49.0,1.21,8.49,9.7,0,move_left,91.1,punch
100.0,94.0,1.31,5.06,6.38,3,idle,96.6,idle
43.0,67.0,0.72,4.68,5.4,3,move_left,94.8,idle
91.0,94.0,1.51,6.54,8.05,3,kick,96.3,idle
49.0,7.0,0.08,8.42,8.5,4,special,90.9,block
79.0,52.0,0.99,6.6,7.59,0,jump,95.1,punch
37.0,55.0,0.68,7.41,8.09,0,punch,92.7,jump
28.0,67.0,0.33,4.93,5.26,0,move_right,94.6,move_right
100.0,100.0,4.15,1.33,5.48,0,idle,99.0,move_right
43.0,34.0,0.17,5.98,5.81,2,move_left,92.6,idle
34.0,43.0,0.09,6.7,6.79,1,kick,90.5,block
43.0,70.0,1.95,6.91,8.86,0,idle,95.2,jump
100.0,100.0,3.33,2.83,6.16,0,punch,98.9,move_right
34.0,40.0,1.32,5.21,6.54,1,special,91.0,idle
100.0,100.0,4.26,4.12,8.38,0,punch,98.2,move_right
91.0,82.0,1.42,4.61,6.04,6,kick,98.9,idle
100.0,100.0,2.96,7.04,10.0,0,jump,96.5,move_right
100.0,100.0,2.08,3.44,5.52,0,punch,98.0,jump
34.0,79.0,0.7,5.99,6.69,1,move_left,92.0,idle
31.0,85.0,1.05,6.81,7.85,0,jump,93.5,jump
61.0,91.0,0.52,7.32,7.85,1,punch,94.5,block
100.0,100.0,4.89,4.14,9.03,0,idle,98.4,move_right
100.0,100.0,4.64,4.07,8.71,0,idle,98.6,move_right
100.0,100.0,6.47,3.32,9.79,0,move_right,98.6,jump
10.0,61.0,1.4,8.6,10.0,0,move_right,91.8,move_right
100.0,100.0,7.77,1.46,9.23,3,punch,98.7,idle
100.0,100.0,1.6,6.7,8.3,3,idle,97.2,idle
79.0,70.0,1.29,6.81,8.1,3,kick,96.3,idle
100.0,100.0,3.09,2.85,5.94,0,kick,98.8,move_right
100.0,100.0,1.44,5.81,7.26,0,idle,96.4,punch
100.0,100.0,1.87,7.17,9.04,0,move_right,97.4,jump
1.0,67.0,0.28,7.88,7.6,0,special,91.6,block
79.0,40.0,0.61,7.52,8.13,0,block,93.8,special
85.0,85.0,1.17,5.27,6.44,3,punch,95.3,block
100.0,100.0,3.07,6.33,9.4,4,move_left,97.7,idle
34.0,31.0,0.3,6.91,7.2,0,kick,89.2,move_right
85.0,88.0,1.65,7.28,8.93,3,punch,95.8,idle
94.0,85.0,1.64,5.23,6.87,2,move_right,96.4,idle
100.0,100.0,3.43,4.78,8.21,0,kick,98.1,move_right
88.0,94.0,1.5,4.34,5.84,2,kick,96.1,idle
79.0,61.0,0.24,7.01,7.24,6,move_left,94.8,punch
91.0,64.0,0.02,7.09,7.07,5,move_left,95.6,idle
82.0,76.0,0.43,6.07,6.49,1,idle,95.4,idle
100.0,100.0,7.29,1.6,8.89,0,move_right,98.9,move_right
4.0,73.0,0.58,5.81,6.4,0,move_right,92.6,move_right
61.0,79.0,0.81,4.85,5.65,3,move_right,94.0,idle
100.0,100.0,3.68,2.1,5.78,0,move_left,98.4,move_right
100.0,100.0,7.02,2.98,10.0,0,idle,97.4,move_right
16.0,40.0,0.88,8.52,9.4,2,special,89.0,block
40.0,64.0,0.07,6.43,6.36,1,punch,94.3,block
82.0,100.0,1.34,7.37,8.71,0,punch,96.9,block
70.0,73.0,0.57,8.47,7.9,1,punch,92.2,block
25.0,52.0,0.6,7.9,8.5,0,move_right,91.7,move_right
31.0,52.0,1.32,6.4,7.72,1,block,91.0,idle
22.0,73.0,0.02,5.57,5.59,0,kick,90.7,block
100.0,91.0,1.66,4.48,6.14,0,punch,96.2,jump
22.0,22.0,0.22,5.12,4.9,6,block,94.6,move_right
82.0,94.0,0.94,3.55,4.48,2,idle,97.4,idle
76.0,85.0,1.06,4.78,5.84,0,kick,94.5,block
100.0,100.0,4.78,3.39,8.17,0,punch,98.2,move_right
100.0,100.0,3.62,2.39,6.0,0,punch,98.8,jump
100.0,100.0,2.62,4.52,7.14,3,punch,97.2,idle
100.0,100.0,2.17,6.63,8.8,0,punch,97.2,move_right
67.0,76.0,1.48,8.19,9.67,0,jump,91.6,punch
100.0,100.0,2.92,4.43,7.36,0,punch,97.9,move_right
10.0,40.0,0.15,8.11,8.26,0,kick,90.2,block
76.0,76.0,0.18,5.79,5.61,2,move_left,95.2,idle
58.0,76.0,1.15,5.17,6.32,0,idle,95.6,kick
100.0,100.0,1.3,8.7,10.0,0,move_right,95.3,punch
58.0,79.0,1.6,5.69,7.29,3,kick,93.2,idle
79.0,100.0,1.02,7.48,8.5,3,punch,94.9,block
55.0,85.0,1.23,5.15,6.38,0,idle,96.0,punch
94.0,100.0,1.35,5.41,6.76,0,block,98.5,punch
76.0,88.0,1.72,6.32,8.04,0,special,95.1,jump
1.0,67.0,0.33,5.97,6.3,0,move_right,91.9,move_right
88.0,79.0,1.45,4.97,6.42,0,punch,93.4,block
7.0,52.0,0.07,7.33,7.26,0,special,89.0,block
85.0,91.0,1.45,7.6,9.05,3,move_right,94.1,idle
34.0,55.0,0.72,8.15,8.87,1,kick,95.0,block
73.0,94.0,1.05,7.64,8.69,3,move_right,95.0,idle
100.0,94.0,1.52,7.58,9.1,3,idle,96.9,idle
100.0,100.0,1.36,4.42,5.77,0,jump,98.2,punch
100.0,100.0,1.45,6.01,7.46,0,move_right,97.2,special
100.0,100.0,2.85,5.84,8.69,0,special,97.3,jump
16.0,61.0,0.87,6.3,7.17,0,punch,94.8,block
10.0,64.0,0.0,10.0,10.0,0,jump,89.4,move_right
1.0,52.0,0.17,9.14,8.97,0,punch,91.4,block
28.0,13.0,0.64,4.43,5.07,3,move_right,92.0,idle
100.0,100.0,7.19,2.35,9.53,0,jump,98.4,move_right
100.0,100.0,6.16,1.12,7.27,0,idle,99.0,move_right
85.0,91.0,1.17,6.3,7.47,2,move_left,96.9,idle
100.0,100.0,3.08,4.87,7.95,0,kick,97.1,move_right
61.0,73.0,1.12,5.16,6.28,5,punch,95.7,jump
100.0,100.0,2.4,3.64,6.04,0,punch,97.7,jump
31.0,85.0,0.26,8.28,8.02,3,punch,93.7,block
100.0,100.0,3.88,1.58,5.46,0,kick,98.6,jump
31.0,16.0,0.1,6.91,6.81,2,punch,92.4,block
4.0,10.0,1.93,7.1,9.03,0,punch,91.2,move_right
100.0,100.0,3.22,3.06,6.28,0,block,98.6,move_right
88.0,100.0,1.23,4.72,5.95,0,punch,98.3,block
7.0,22.0,1.28,5.0,6.28,0,kick,93.5,jump
16.0,73.0,0.04,4.75,4.78,0,idle,93.0,move_right
88.0,94.0,2.35,3.47,5.82,1,punch,95.9,idle
100.0,100.0,6.39,1.31,7.7,0,punch,98.8,move_right
100.0,91.0,1.55,8.15,9.7,0,punch,96.4,block
7.0,55.0,0.8,5.52,6.32,0,idle,92.7,move_right
70.0,49.0,0.46,4.42,4.87,0,punch,95.2,block
100.0,100.0,1.71,7.87,9.57,0,move_right,95.0,jump
73.0,100.0,1.53,4.63,6.16,6,idle,96.9,idle
22.0,55.0,0.01,5.07,5.06,0,special,92.9,block
34.0,49.0,0.86,8.54,9.4,0,kick,93.7,jump
100.0,100.0,1.8,8.2,10.0,0,punch,95.8,move_right
100.0,100.0,1.45,5.53,6.98,3,idle,96.6,idle
100.0,76.0,1.6,7.22,8.82,0,move_right,94.4,kick
91.0,79.0,1.61,5.66,7.28,0,punch,95.0,move_right
100.0,73.0,0.49,3.75,3.26,1,move_right,96.4,idle
100.0,100.0,6.86,2.27,9.13,0,idle,99.0,move_right
85.0,43.0,1.34,5.53,6.87,5,move_right,94.7,idle
16.0,55.0,0.3,4.94,5.24,0,move_right,88.6,move_right
43.0,73.0,0.92,4.67,5.59,0,punch,92.8,block
52.0,79.0,1.47,5.57,7.04,3,punch,93.8,idle
85.0,100.0,1.02,7.48,8.5,4,kick,95.0,block
100.0,100.0,2.49,5.78,8.27,0,punch,96.7,jump
37.0,70.0,1.3,6.04,7.33,2,kick,92.2,idle
82.0,88.0,1.26,5.46,6.72,1,kick,95.1,idle
94.0,100.0,1.32,6.77,8.09,3,punch,96.5,idle
100.0,100.0,4.23,3.05,7.28,0,kick,98.8,move_right
34.0,28.0,1.37,7.32,8.7,4,move_right,91.8,idle
100.0,100.0,3.78,5.08,8.86,4,block,97.3,idle
73.0,70.0,1.3,7.6,8.9,3,jump,94.2,idle
16.0,55.0,0.8,5.52,6.32,0,punch,93.0,block
46.0,82.0,1.29,6.38,7.67,0,move_right,94.1,kick
79.0,88.0,0.72,6.3,7.02,0,kick,96.5,block
4.0,37.0,0.53,5.49,6.02,2,kick,90.8,block
82.0,85.0,1.48,7.9,9.38,0,kick,95.0,block
58.0,64.0,0.4,6.8,7.2,0,kick,94.9,punch
88.0,94.0,1.2,4.34,5.54,0,idle,97.0,special
25.0,55.0,0.28,2.48,2.76,0,block,91.0,move_right
43.0,70.0,1.35,7.51,8.86,0,punch,93.7,block
58.0,7.0,1.25,8.45,9.7,5,move_left,91.7,idle
76.0,85.0,0.72,5.49,6.21,1,punch,95.6,move_right
4.0,19.0,1.62,7.9,9.52,0,move_right,87.8,move_right
43.0,46.0,1.58,4.4,5.98,0,idle,95.7,kick
64.0,94.0,1.44,8.56,10.0,1,move_right,94.1,idle
100.0,100.0,2.16,6.62,8.78,2,jump,95.7,idle
52.0,61.0,0.33,8.47,8.8,1,punch,91.4,block
91.0,100.0,1.57,3.42,4.99,1,idle,97.7,idle
82.0,61.0,1.67,7.02,8.7,0,move_left,94.2,move_right
64.0,73.0,1.29,8.27,9.57,0,punch,95.6,special
100.0,100.0,3.39,4.3,7.69,0,move_left,98.0,jump
100.0,94.0,1.9,5.44,7.33,0,idle,96.4,move_right
52.0,79.0,1.18,7.78,6.6,2,punch,92.2,block
88.0,76.0,0.99,6.81,7.8,0,special,96.5,jump
19.0,73.0,0.84,8.86,9.7,0,move_left,92.1,move_right
4.0,67.0,0.27,6.57,6.3,0,idle,88.9,move_left
4.0,28.0,0.13,5.47,5.59,1,kick,91.1,block
73.0,79.0,1.3,8.7,10.0,1,move_right,93.2,idle
94.0,85.0,1.48,8.52,10.0,0,move_right,93.9,punch
85.0,85.0,0.69,6.7,7.39,0,move_left,94.4,kick
19.0,49.0,0.42,8.32,7.9,0,move_left,90.1,kick
58.0,79.0,0.87,7.18,8.05,2,kick,94.1,block
1.0,10.0,0.14,8.51,8.37,2,move_right,84.9,idle
100.0,100.0,1.78,3.38,5.16,0,block,97.7,move_right
94.0,85.0,1.34,5.23,6.57,1,move_left,96.3,idle
100.0,100.0,2.56,6.11,8.67,0,punch,95.1,idle
100.0,100.0,1.55,4.53,6.08,0,kick,98.7,kick
22.0,55.0,1.25,8.45,9.7,0,punch,93.4,block
76.0,100.0,2.44,5.24,7.68,0,kick,95.9,jump
1.0,55.0,0.6,10.0,9.4,0,move_left,89.3,move_left
34.0,34.0,0.02,8.48,8.5,3,punch,90.0,block
100.0,100.0,1.09,4.22,5.31,0,kick,98.5,block
100.0,100.0,4.73,4.67,9.4,0,move_left,97.4,jump
91.0,88.0,0.97,4.02,4.99,2,move_left,96.0,idle
100.0,100.0,5.08,3.09,8.17,0,jump,98.3,move_right
52.0,94.0,0.33,4.63,4.96,3,move_left,96.2,idle
58.0,82.0,1.39,4.24,5.64,4,move_right,97.5,idle
16.0,58.0,0.24,8.92,8.68,0,kick,91.2,jump
40.0,64.0,1.02,4.91,5.94,1,idle,92.5,jump
55.0,88.0,1.54,3.25,4.78,2,move_right,96.3,idle
49.0,67.0,1.46,3.55,5.01,3,special,95.9,idle
31.0,73.0,0.12,5.32,5.44,0,move_left,94.9,jump
37.0,49.0,1.32,4.98,6.3,0,block,92.4,punch
70.0,79.0,1.18,7.39,8.57,3,move_left,93.9,idle
82.0,94.0,1.03,6.07,7.09,0,move_left,97.1,kick
13.0,67.0,0.16,8.94,9.1,0,kick,92.4,block
100.0,91.0,1.28,5.11,6.39,1,punch,97.6,block
100.0,100.0,4.88,2.39,7.27,0,punch,98.7,move_right
100.0,100.0,2.78,5.07,7.84,0,move_left,97.0,move_right
82.0,91.0,0.82,4.86,5.68,2,move_right,97.0,move_right
100.0,82.0,1.01,3.75,4.76,6,block,97.9,idle
79.0,55.0,1.48,8.52,10.0,1,idle,92.4,idle
34.0,22.0,0.64,4.43,5.07,0,kick,92.5,block
4.0,70.0,0.09,4.37,4.46,0,kick,93.6,block
40.0,34.0,1.44,4.3,5.74,3,punch,92.8,idle
100.0,100.0,1.7,7.7,9.4,0,punch,96.9,jump
91.0,76.0,2.11,5.65,7.76,0,block,93.5,jump
100.0,100.0,2.98,4.89,7.87,0,idle,97.3,special
100.0,100.0,3.61,4.35,7.96,6,move_left,97.5,idle
4.0,67.0,0.46,8.04,8.5,0,move_right,90.7,move_right
52.0,49.0,1.99,5.22,7.21,0,kick,94.2,move_right
67.0,94.0,0.75,7.64,8.39,0,punch,94.6,block
100.0,100.0,6.09,1.88,7.97,0,move_left,98.3,jump
61.0,55.0,0.48,8.32,8.8,1,idle,92.8,punch
40.0,70.0,0.36,7.88,7.52,1,punch,93.0,block
25.0,49.0,0.06,5.62,5.68,2,jump,91.7,jump
25.0,49.0,0.12,8.32,8.2,1,jump,91.5,idle
16.0,31.0,0.67,8.13,8.8,1,move_left,91.8,idle
100.0,100.0,1.83,3.45,5.28,0,special,97.3,jump
70.0,76.0,1.15,5.17,6.32,0,block,96.5,special
52.0,61.0,1.32,7.6,8.92,0,kick,92.9,block
7.0,52.0,1.15,7.65,8.8,0,jump,93.0,move_right
34.0,28.0,0.43,8.33,8.76,2,move_left,90.2,idle
37.0,52.0,0.0,6.92,6.92,2,idle,92.6,idle
100.0,100.0,4.33,5.32,9.64,1,idle,97.5,idle
52.0,91.0,0.44,8.36,8.8,0,idle,94.4,block
85.0,100.0,1.1,3.91,5.01,0,kick,96.6,jump
100.0,82.0,1.66,8.34,10.0,2,move_right,95.0,idle
100.0,100.0,3.41,3.26,6.68,0,idle,97.4,move_right
52.0,55.0,1.4,7.81,9.21,0,kick,88.9,block
37.0,52.0,1.21,7.09,8.3,0,jump,94.2,kick
19.0,76.0,0.27,9.07,8.8,0,move_left,87.9,move_left
16.0,58.0,0.53,6.73,7.26,0,punch,92.8,block
10.0,19.0,1.68,7.34,9.02,2,idle,90.2,idle
28.0,73.0,1.29,4.11,5.4,3,idle,93.3,idle
100.0,100.0,1.4,8.0,9.4,0,block,96.4,punch
100.0,91.0,2.48,5.69,8.17,0,move_right,96.7,jump
58.0,82.0,0.82,7.43,8.26,0,move_right,93.1,kick
100.0,100.0,2.86,5.03,7.9,0,idle,96.5,move_right
91.0,94.0,1.48,7.6,9.08,0,block,95.7,block
100.0,100.0,3.79,6.21,10.0,0,special,96.7,move_right
100.0,85.0,1.1,5.71,6.81,3,kick,97.9,block
22.0,19.0,0.71,4.05,4.76,1,punch,89.3,block
49.0,85.0,0.62,8.18,8.8,0,jump,93.7,block
100.0,100.0,7.47,2.04,9.51,0,idle,97.8,move_right
19.0,55.0,0.26,6.53,6.79,0,kick,92.7,block
10.0,64.0,0.03,7.67,7.64,0,idle,90.0,move_left
91.0,85.0,1.22,7.01,8.23,2,jump,95.9,idle
85.0,85.0,1.03,8.32,9.34,1,punch,94.9,block
16.0,55.0,0.28,3.68,3.96,0,idle,89.3,move_right
100.0,100.0,3.83,5.23,9.06,0,idle,97.9,move_right
22.0,43.0,0.45,7.64,7.19,4,kick,91.2,block
79.0,82.0,1.6,6.7,8.3,3,idle,96.1,idle
100.0,100.0,3.63,2.67,6.3,0,move_left,98.4,move_right
91.0,88.0,1.33,5.63,6.96,0,kick,97.1,block
100.0,100.0,1.86,6.02,7.88,0,jump,96.6,move_right
61.0,31.0,0.16,4.42,4.57,0,move_left,93.4,punch
100.0,100.0,1.32,5.49,6.81,0,punch,98.0,block
100.0,100.0,1.5,6.8,8.3,0,punch,96.4,special
25.0,55.0,0.99,7.31,8.3,0,block,91.7,move_right
100.0,100.0,6.19,2.86,9.04,0,idle,99.0,move_right
100.0,100.0,3.94,5.7,9.63,0,jump,97.0,move_right
100.0,100.0,3.67,5.73,9.4,0,kick,97.3,move_right
85.0,100.0,1.45,5.53,6.98,2,move_right,96.0,idle
46.0,25.0,0.67,8.43,9.1,2,jump,89.9,idle
31.0,76.0,0.23,7.03,7.26,1,jump,91.9,idle
85.0,85.0,1.06,3.86,4.92,2,move_left,98.0,kick
100.0,100.0,5.27,4.57,9.84,0,move_right,98.8,punch
10.0,16.0,0.86,8.84,9.7,1,idle,91.1,idle
58.0,49.0,1.59,4.95,6.54,0,punch,93.0,special
25.0,25.0,1.39,8.61,10.0,2,idle,89.8,idle
85.0,64.0,0.92,5.99,6.9,2,block,92.9,idle
49.0,64.0,1.03,4.2,5.23,0,idle,94.6,punch
100.0,100.0,2.78,5.88,8.65,0,kick,98.4,move_right
31.0,70.0,0.69,4.37,5.06,0,move_left,95.1,special
100.0,100.0,3.27,4.59,7.87,0,punch,97.4,move_right
40.0,31.0,0.74,4.78,4.04,3,block,90.2,idle
76.0,79.0,1.23,6.0,7.22,3,punch,95.0,idle
100.0,100.0,2.22,5.39,7.62,0,punch,97.4,special
76.0,67.0,1.62,7.22,8.84,2,move_right,95.8,idle
49.0,46.0,1.13,5.49,6.62,4,move_left,93.2,idle
100.0,100.0,3.68,3.38,7.06,0,idle,99.0,move_right
13.0,67.0,0.14,9.1,8.96,0,block,91.7,move_left
28.0,13.0,0.68,8.42,9.1,2,block,90.5,idle
100.0,100.0,6.0,2.3,8.3,0,move_right,98.9,move_right
49.0,82.0,0.23,6.43,6.66,0,kick,95.0,block
61.0,100.0,1.04,5.19,6.22,0,kick,96.4,block
100.0,94.0,1.51,7.33,8.83,0,jump,96.9,kick
37.0,70.0,1.54,6.74,8.28,0,idle,90.5,kick
13.0,10.0,1.23,7.5,8.72,1,jump,89.4,idle
100.0,100.0,3.32,2.99,6.3,0,punch,97.8,move_right
52.0,34.0,2.0,7.22,9.22,1,move_right,93.4,idle
82.0,91.0,0.42,5.49,5.91,1,idle,96.0,idle
55.0,79.0,0.81,4.85,5.65,2,punch,93.9,block
22.0,52.0,0.31,7.46,7.15,0,punch,91.0,block
55.0,91.0,0.45,5.97,6.42,0,kick,91.7,block
100.0,100.0,5.32,2.12,7.44,0,move_left,98.4,jump
100.0,100.0,1.79,3.09,4.88,0,jump,98.5,jump
100.0,82.0,1.26,5.81,7.06,1,move_left,96.6,idle
100.0,100.0,1.93,5.03,6.96,0,kick,98.4,move_right
28.0,25.0,0.74,5.53,6.27,5,punch,93.1,block
64.0,85.0,1.04,7.51,8.54,3,punch,93.9,special
85.0,94.0,1.48,6.19,7.67,0,idle,95.6,block
61.0,52.0,0.73,7.13,7.86,3,block,93.3,idle
25.0,19.0,1.28,7.19,8.47,0,punch,90.2,block
52.0,43.0,1.42,7.74,9.16,3,move_right,91.1,idle
100.0,100.0,1.45,7.0,8.45,0,move_left,95.2,move_right
100.0,100.0,3.98,2.61,6.59,0,special,98.0,move_right
4.0,73.0,0.32,6.41,6.1,0,move_left,92.8,move_left
73.0,67.0,0.55,7.35,7.9,1,move_left,95.3,idle
88.0,82.0,2.15,7.85,10.0,1,move_right,95.7,idle
25.0,43.0,1.21,8.49,9.7,1,move_left,89.5,idle
100.0,100.0,2.52,5.5,8.02,0,move_left,98.0,move_right
94.0,100.0,1.33,5.05,6.38,4,move_left,98.2,idle
85.0,85.0,0.61,5.55,6.16,3,idle,94.7,idle
73.0,91.0,0.94,8.28,9.22,0,special,95.4,block
100.0,100.0,3.86,6.14,10.0,0,idle,96.8,move_right
28.0,70.0,1.32,7.49,8.81,1,idle,94.1,idle
40.0,61.0,1.7,7.05,8.75,4,punch,91.9,idle
55.0,76.0,1.59,4.08,5.66,2,block,97.1,idle
100.0,100.0,1.48,5.81,7.3,0,kick,97.0,block
10.0,70.0,0.12,5.69,5.82,0,punch,91.9,block
73.0,67.0,0.76,3.86,4.62,3,punch,96.3,block
55.0,67.0,1.32,4.3,5.62,0,kick,95.3,block
73.0,79.0,1.81,8.19,10.0,2,move_right,94.1,idle
100.0,100.0,4.52,3.54,8.06,2,idle,96.8,idle
10.0,16.0,1.16,8.84,10.0,0,move_right,91.0,kick
16.0,70.0,0.18,5.69,5.52,0,idle,92.5,move_left
46.0,64.0,1.04,7.13,6.1,1,move_left,90.7,idle
49.0,91.0,0.45,5.97,6.42,5,idle,91.4,move_left
19.0,76.0,0.03,9.07,9.1,0,punch,88.0,block
52.0,70.0,1.16,6.37,7.54,2,punch,94.2,block
91.0,49.0,0.64,4.43,5.07,4,idle,95.5,idle
100.0,100.0,6.83,3.17,10.0,0,punch,98.0,move_right
91.0,82.0,1.82,4.79,6.6,2,kick,95.9,idle
88.0,79.0,1.75,4.67,6.42,0,idle,93.5,move_right
13.0,34.0,1.28,7.41,8.69,3,block,90.9,idle
46.0,73.0,0.42,7.89,8.31,0,jump,89.5,block
19.0,76.0,0.19,5.89,5.7,0,idle,94.9,move_left
100.0,100.0,2.45,6.65,9.1,0,jump,97.6,move_right
76.0,94.0,1.36,7.6,8.96,0,kick,94.9,block
100.0,100.0,3.03,6.37,9.4,6,idle,96.8,idle
61.0,79.0,0.21,4.85,5.05,1,move_left,94.3,idle
100.0,100.0,4.64,5.06,9.7,2,kick,95.5,idle
100.0,100.0,1.39,7.71,9.1,0,block,95.8,punch
94.0,85.0,1.74,7.58,9.32,1,kick,95.9,idle
31.0,37.0,0.49,6.44,6.94,2,block,91.7,idle
34.0,34.0,1.32,6.9,8.22,2,kick,92.8,idle
94.0,94.0,1.51,7.14,8.65,0,move_right,97.1,kick
43.0,61.0,1.06,8.51,9.57,0,special,89.9,block
1.0,73.0,0.31,5.69,6.0,0,move_right,91.9,move_right
10.0,55.0,0.2,9.3,9.1,0,punch,90.2,block
100.0,100.0,2.6,5.3,7.9,0,jump,97.4,jump
76.0,100.0,1.84,5.84,7.68,0,block,95.6,move_right
100.0,100.0,3.34,4.68,8.02,0,idle,98.9,move_right
100.0,94.0,1.22,8.18,9.4,0,move_left,96.2,special
52.0,55.0,1.23,5.82,7.05,3,idle,93.9,idle
4.0,61.0,0.18,7.24,7.42,0,idle,91.2,move_right
100.0,100.0,2.9,4.52,7.42,0,move_left,98.8,block
10.0,64.0,0.0,10.0,10.0,0,move_right,89.3,move_right
10.0,7.0,1.05,3.87,4.92,2,kick,91.9,move_left
91.0,100.0,0.71,4.09,4.8,2,kick,98.8,move_right
73.0,82.0,1.17,5.94,7.11,0,idle,96.1,special
4.0,13.0,0.72,8.2,8.92,2,move_left,87.5,idle
52.0,70.0,1.03,7.07,8.11,1,kick,93.8,block
7.0,73.0,0.04,4.15,4.18,0,jump,92.5,move_right
1.0,64.0,0.6,10.0,9.4,0,block,90.9,move_left
19.0,58.0,0.26,8.57,8.83,0,idle,90.6,move_right
100.0,100.0,4.92,3.3,8.22,0,block,98.9,move_right
100.0,100.0,4.04,2.79,6.82,0,move_left,98.3,move_right
100.0,100.0,4.35,2.07,6.42,0,punch,98.6,move_right
49.0,31.0,0.92,5.99,6.9,2,kick,89.8,block
49.0,49.0,0.78,7.34,8.12,3,punch,93.2,block
100.0,100.0,2.61,6.97,9.57,0,kick,95.7,move_right
37.0,52.0,1.32,8.42,9.74,1,kick,91.9,idle
100.0,100.0,2.46,4.3,6.76,0,move_right,97.1,jump
1.0,88.0,0.08,5.31,5.39,0,punch,93.6,block
100.0,100.0,1.32,5.69,7.02,1,move_left,96.8,idle
100.0,100.0,4.28,2.31,6.59,0,kick,98.4,move_right
34.0,37.0,0.3,6.91,7.2,0,idle,90.1,punch
10.0,73.0,0.08,9.92,10.0,0,punch,92.8,block
94.0,88.0,1.27,7.53,8.8,0,jump,96.2,punch
52.0,94.0,1.04,5.19,6.22,3,kick,96.2,block
58.0,40.0,0.17,4.56,4.73,0,jump,92.6,special
100.0,100.0,5.19,1.11,6.3,0,kick,98.3,move_right
82.0,70.0,1.02,6.8,7.82,4,idle,95.0,idle
100.0,100.0,1.86,4.72,6.58,0,jump,97.2,jump
94.0,70.0,0.67,8.13,8.8,1,kick,94.0,block
85.0,82.0,1.58,6.28,7.87,2,kick,96.1,idle
64.0,85.0,1.21,7.44,8.65,6,move_right,95.1,idle
28.0,28.0,1.75,7.95,9.7,3,move_left,89.0,idle
7.0,55.0,0.57,5.98,6.55,0,move_right,89.8,move_right
70.0,76.0,1.81,6.55,8.36,0,punch,90.2,move_right
94.0,100.0,1.38,7.24,8.62,2,punch,96.5,idle
73.0,82.0,1.12,7.43,8.56,0,kick,93.8,block
82.0,100.0,1.32,7.0,8.32,3,kick,95.1,idle
100.0,100.0,1.96,6.41,8.37,2,idle,95.4,idle
10.0,73.0,0.18,5.61,5.43,0,kick,94.8,block
100.0,100.0,2.42,6.53,8.95,0,move_left,98.0,move_right
79.0,76.0,1.13,4.9,6.04,0,punch,97.0,jump
94.0,73.0,1.87,4.21,6.08,3,move_right,96.6,idle
37.0,58.0,0.44,8.66,9.1,3,idle,91.2,idle
94.0,100.0,1.02,6.77,7.79,0,move_left,96.2,kick
100.0,100.0,5.01,3.97,8.97,0,block,97.3,move_right
34.0,22.0,1.67,7.32,9.0,2,kick,91.2,idle
49.0,58.0,1.33,4.2,5.53,3,move_right,94.5,idle
94.0,100.0,1.32,7.48,8.8,0,block,95.3,special
100.0,100.0,4.39,3.77,8.17,0,kick,98.9,move_right
61.0,76.0,1.06,6.42,7.48,1,move_right,93.9,idle
100.0,100.0,7.62,1.59,9.21,0,move_right,97.9,jump
100.0,100.0,1.43,4.6,6.04,0,idle,98.2,kick
100.0,100.0,1.89,3.77,5.66,0,punch,98.1,move_right
28.0,58.0,1.16,7.97,9.13,0,kick,91.8,block
22.0,34.0,1.21,7.99,9.2,0,move_left,91.5,special
37.0,10.0,0.53,8.23,7.71,3,move_left,91.7,idle
100.0,100.0,5.85,3.56,9.41,0,jump,98.0,move_right
28.0,61.0,1.54,6.74,8.28,2,jump,90.3,idle
88.0,85.0,1.4,6.75,8.15,1,punch,95.6,idle
94.0,94.0,1.35,6.31,7.66,0,block,97.5,kick
28.0,64.0,0.07,7.07,7.0,0,jump,91.8,move_left
100.0,100.0,2.97,4.89,7.87,0,idle,97.3,move_right
82.0,82.0,0.25,6.01,6.26,0,move_left,96.5,punch
64.0,61.0,1.44,5.81,7.26,3,move_right,92.6,idle
55.0,85.0,2.18,3.37,5.55,0,move_right,95.3,jump
82.0,100.0,1.62,4.14,5.76,0,punch,97.9,move_right
100.0,100.0,4.34,2.49,6.82,0,idle,98.5,jump
46.0,58.0,0.68,6.59,7.27,2,kick,93.2,block
100.0,100.0,1.96,2.95,4.91,0,punch,98.4,move_right
100.0,100.0,3.13,5.08,8.21,0,punch,97.9,move_right
100.0,100.0,4.88,5.12,10.0,0,punch,97.5,move_right
52.0,76.0,1.76,6.07,7.84,2,move_right,94.7,idle
100.0,94.0,1.9,5.44,7.33,2,idle,96.6,idle
100.0,100.0,4.79,4.61,9.4,0,punch,96.9,move_right
100.0,100.0,6.92,2.08,9.0,0,idle,99.0,kick
40.0,79.0,0.87,5.87,6.74,0,special,92.3,block
100.0,100.0,6.2,3.8,10.0,0,kick,98.4,jump
100.0,100.0,5.8,3.5,9.3,0,punch,98.1,jump
28.0,70.0,1.51,8.49,10.0,0,punch,89.9,move_right
70.0,61.0,0.78,8.32,9.1,1,move_right,93.6,idle
49.0,55.0,0.1,8.6,8.5,1,idle,91.8,idle
19.0,40.0,1.17,8.17,7.0,2,kick,89.5,block
100.0,100.0,2.93,6.17,9.1,0,move_left,96.7,move_right
28.0,61.0,0.9,8.8,9.7,0,move_left,90.1,move_right
31.0,82.0,0.72,6.77,7.49,0,special,94.8,block
88.0,100.0,1.23,4.63,5.86,1,punch,97.9,idle
61.0,67.0,1.69,4.62,6.31,2,move_right,96.4,idle
100.0,100.0,4.26,3.62,7.88,2,jump,98.0,idle
37.0,67.0,0.61,8.81,8.2,3,move_left,92.6,move_left
22.0,67.0,0.04,4.86,4.82,0,jump,93.0,move_left
25.0,85.0,0.12,6.08,6.2,0,kick,96.0,block
28.0,79.0,0.28,7.48,7.2,0,punch,90.0,block
19.0,64.0,0.92,7.61,8.53,0,punch,92.2,block
40.0,55.0,0.32,3.68,3.36,2,move_right,92.1,idle
55.0,82.0,1.23,8.47,9.7,3,move_left,91.8,idle
40.0,58.0,0.83,6.43,7.26,4,special,93.5,block
46.0,70.0,1.21,8.49,9.7,1,move_left,90.4,idle
64.0,100.0,1.36,5.05,6.41,0,special,95.8,block
91.0,79.0,1.31,5.96,7.28,2,move_left,94.6,idle
67.0,25.0,0.38,8.42,8.8,0,move_left,91.2,special
73.0,73.0,1.46,8.54,10.0,1,kick,95.0,idle
1.0,64.0,0.09,7.58,7.67,0,kick,92.4,block
100.0,100.0,2.02,5.42,7.44,0,idle,96.3,jump
82.0,94.0,1.9,6.02,7.91,0,move_right,98.0,jump
100.0,100.0,5.26,4.44,9.7,0,move_left,96.2,move_right
22.0,61.0,0.14,9.08,8.93,0,special,91.4,block
100.0,100.0,7.41,0.67,8.07,0,idle,99.0,move_right
85.0,79.0,1.14,7.01,8.14,0,move_right,95.4,special
100.0,100.0,3.03,6.37,9.4,2,move_right,97.1,idle
82.0,58.0,0.46,4.42,4.87,0,idle,96.2,punch
73.0,91.0,0.64,8.28,8.92,4,punch,95.0,block
70.0,100.0,1.24,6.14,7.38,2,idle,94.6,idle
25.0,25.0,1.34,7.13,5.8,6,move_left,88.8,idle
46.0,58.0,0.28,6.32,6.59,0,kick,94.0,jump
85.0,73.0,1.32,8.2,9.52,0,punch,94.5,block
100.0,100.0,7.94,2.06,10.0,0,move_right,98.1,move_right
55.0,28.0,1.03,7.73,8.76,5,idle,92.2,idle
94.0,88.0,0.73,7.94,8.67,0,punch,96.1,block
46.0,55.0,1.27,8.43,9.7,1,punch,93.3,move_left
34.0,73.0,1.09,5.82,6.91,6,punch,94.9,block
70.0,46.0,0.22,5.12,4.9,0,punch,95.8,block
55.0,76.0,1.48,8.19,9.67,0,punch,90.9,block
67.0,67.0,1.46,3.55,5.01,1,idle,96.3,idle
100.0,100.0,7.76,2.24,10.0,0,move_right,98.2,jump
94.0,82.0,1.3,6.04,7.33,2,punch,94.9,idle
100.0,100.0,3.53,3.43,6.96,0,kick,97.5,move_right
100.0,100.0,1.54,7.98,9.52,0,kick,96.9,kick
85.0,85.0,1.08,7.24,8.32,0,kick,95.6,block
100.0,100.0,4.02,3.4,7.42,0,idle,99.0,move_right
67.0,67.0,1.29,6.41,7.7,5,punch,93.9,kick
4.0,67.0,0.27,5.62,5.35,0,idle,95.5,move_left
31.0,61.0,1.26,7.88,6.62,0,punch,91.6,jump
67.0,82.0,0.97,7.25,8.22,0,kick,95.1,jump
94.0,91.0,1.06,3.86,4.92,1,move_right,98.3,idle
70.0,73.0,0.68,6.59,7.27,1,move_left,94.6,idle
1.0,37.0,0.87,4.65,3.78,2,punch,90.9,block
100.0,91.0,1.58,5.11,6.69,0,punch,97.1,kick
100.0,100.0,1.47,6.88,8.35,0,punch,97.6,block
19.0,55.0,0.43,5.31,4.88,2,punch,93.8,block
100.0,100.0,2.24,6.16,8.4,0,punch,98.0,move_right
64.0,82.0,1.03,5.65,6.68,0,kick,95.8,block
25.0,91.0,0.22,8.82,9.05,0,move_right,92.8,move_right
100.0,100.0,3.92,5.33,9.25,0,idle,98.4,move_right
100.0,91.0,1.73,4.6,6.34,2,move_right,98.0,idle
64.0,94.0,1.32,4.74,6.06,0,punch,96.6,jump
13.0,43.0,1.02,6.7,7.72,0,punch,89.7,block
85.0,64.0,0.92,5.99,6.9,1,kick,92.8,block
43.0,70.0,0.75,7.21,7.96,0,move_left,94.9,kick
61.0,25.0,0.16,4.42,4.57,3,punch,93.3,block
55.0,85.0,0.72,5.78,6.5,0,punch,96.7,jump
25.0,49.0,0.61,8.51,7.9,5,move_left,91.9,idle
28.0,61.0,0.14,7.27,7.13,0,move_left,92.8,move_left
58.0,40.0,1.48,8.52,10.0,5,punch,90.1,idle
94.0,91.0,1.46,3.25,4.71,0,kick,97.9,block
100.0,100.0,2.5,4.9,7.4,0,move_left,98.2,jump
28.0,19.0,0.98,8.72,9.7,2,move_left,91.4,idle
58.0,64.0,0.45,8.65,9.1,0,idle,92.2,punch
13.0,67.0,0.63,5.02,5.65,0,special,95.9,block
52.0,67.0,1.5,5.74,7.24,2,idle,93.8,idle
79.0,73.0,1.02,8.2,9.22,2,kick,93.9,block
100.0,100.0,5.22,4.64,9.85,0,block,97.3,move_right
31.0,52.0,1.32,6.4,7.72,2,move_right,91.1,idle
43.0,76.0,1.21,7.93,9.13,2,kick,94.4,idle
40.0,85.0,1.32,5.04,6.36,1,move_right,95.5,idle
37.0,61.0,1.25,8.45,9.7,2,punch,94.3,idle
94.0,82.0,1.44,8.54,9.98,1,idle,95.9,idle
40.0,55.0,0.99,8.27,9.27,0,move_right,94.7,block
22.0,22.0,0.45,3.87,4.32,2,jump,92.8,idle
4.0,37.0,0.79,5.74,6.54,0,move_right,91.2,special
91.0,94.0,1.35,7.28,8.63,2,idle,96.4,idle
10.0,61.0,1.1,8.9,10.0,0,block,91.7,move_right
28.0,73.0,0.61,5.39,6.0,2,move_left,92.8,idle
28.0,79.0,0.28,7.48,7.2,0,special,90.4,jump
91.0,91.0,1.32,5.49,6.81,3,move_right,97.0,idle
82.0,91.0,1.34,7.36,8.7,0,idle,96.8,special
52.0,61.0,1.32,7.6,8.92,0,block,92.8,special
76.0,85.0,1.15,7.6,8.75,3,special,93.7,block
76.0,67.0,0.78,8.32,9.1,0,move_left,93.9,punch
82.0,94.0,1.6,6.02,7.61,2,kick,98.2,idle
58.0,58.0,0.44,7.67,8.11,1,kick,93.9,block
94.0,82.0,1.29,6.81,8.1,4,kick,97.5,idle
94.0,94.0,1.35,5.41,6.76,0,punch,98.1,block
22.0,52.0,0.01,7.16,7.15,0,idle,90.7,move_left
1.0,19.0,1.28,8.09,9.37,0,idle,88.6,punch
22.0,61.0,0.94,7.64,8.58,0,move_left,89.7,move_right
100.0,85.0,1.88,6.75,8.63,0,idle,95.8,move_right
100.0,88.0,1.0,8.7,9.7,3,move_left,94.6,idle
100.0,100.0,4.48,4.3,8.78,0,jump,97.4,move_right
61.0,64.0,0.73,4.2,4.93,1,move_left,95.2,idle
19.0,73.0,0.3,10.0,9.7,0,idle,92.3,move_left
25.0,25.0,0.02,8.48,8.5,3,idle,89.5,idle
61.0,76.0,1.18,8.19,9.37,0,move_left,91.2,jump
82.0,100.0,1.34,7.37,8.71,0,kick,97.1,block
40.0,61.0,1.0,7.6,8.6,1,kick,91.7,block
91.0,94.0,1.42,6.32,7.74,0,idle,96.3,punch
94.0,100.0,1.48,6.19,7.67,0,kick,97.3,block
37.0,88.0,1.88,4.71,6.59,6,move_right,94.9,move_right
31.0,46.0,1.34,8.66,10.0,0,move_right,88.9,punch
100.0,100.0,2.06,2.46,4.52,0,punch,97.9,move_right
100.0,100.0,1.92,3.11,5.04,4,kick,97.8,idle
73.0,88.0,1.28,8.42,9.7,3,jump,95.3,idle
61.0,73.0,1.86,6.36,8.22,0,jump,93.6,jump
76.0,91.0,1.43,7.36,8.79,0,punch,96.0,block
79.0,76.0,0.61,7.52,8.13,0,move_left,95.3,special
88.0,94.0,1.75,4.07,5.82,0,move_right,95.3,move_right
64.0,94.0,1.04,8.66,9.7,3,jump,91.5,idle
10.0,25.0,0.14,8.51,8.37,2,punch,86.0,block
46.0,94.0,1.62,5.04,6.66,1,move_right,95.9,idle
100.0,100.0,1.64,8.06,9.7,1,idle,96.3,idle
52.0,70.0,0.15,7.64,7.49,0,move_left,92.6,punch
73.0,76.0,0.25,6.01,6.26,1,kick,96.2,block
25.0,52.0,0.23,7.03,7.26,3,punch,90.0,block
100.0,100.0,2.17,3.01,5.18,0,kick,98.9,move_right
16.0,76.0,0.72,8.68,9.4,0,move_right,90.9,move_right
79.0,94.0,1.1,6.5,7.6,1,block,95.5,idle
70.0,55.0,0.78,8.32,9.1,0,move_left,93.1,kick
10.0,52.0,0.17,8.84,8.67,0,jump,91.9,move_left
82.0,94.0,2.0,6.32,8.32,0,block,97.2,move_right
16.0,82.0,0.98,7.38,8.35,0,idle,95.8,move_right
1.0,64.0,0.1,6.2,6.3,0,punch,93.3,block
58.0,43.0,0.13,5.98,6.11,2,move_left,93.5,idle
10.0,4.0,1.68,7.34,9.02,1,special,89.3,idle
37.0,88.0,1.28,4.71,5.99,1,punch,95.1,idle
82.0,100.0,1.92,6.4,8.32,3,special,96.2,idle
55.0,70.0,1.22,7.73,8.95,0,special,93.0,block
100.0,100.0,5.14,4.8,9.93,0,move_right,97.4,move_right
79.0,76.0,0.31,7.52,7.83,2,move_left,95.7,idle
94.0,82.0,0.3,7.3,7.6,2,move_left,95.3,idle
25.0,52.0,0.13,9.73,9.6,0,move_left,90.3,move_left
37.0,61.0,1.82,8.04,9.86,5,move_right,89.4,idle
100.0,100.0,5.08,3.1,8.18,0,idle,97.9,move_right
16.0,34.0,1.14,4.3,5.44,1,jump,91.9,idle
100.0,100.0,3.62,4.31,7.93,0,move_left,98.0,move_right
40.0,58.0,0.23,6.43,6.66,2,idle,94.0,idle
25.0,7.0,1.09,8.61,9.7,6,jump,89.4,idle
46.0,43.0,0.03,6.12,6.15,0,jump,92.2,kick
40.0,43.0,0.02,8.48,8.5,0,jump,90.1,kick
94.0,91.0,1.56,6.82,8.38,1,kick,95.9,idle
100.0,100.0,3.16,1.78,4.94,0,idle,98.6,move_right
94.0,88.0,1.3,6.04,7.33,0,kick,95.4,jump
10.0,73.0,0.17,9.36,9.19,0,idle,93.7,move_left
85.0,79.0,1.09,6.28,7.37,1,kick,96.0,block
22.0,46.0,0.91,7.15,8.06,0,jump,87.0,kick
37.0,76.0,0.19,4.22,4.41,2,block,94.9,idle
1.0,10.0,0.37,8.23,8.61,5,kick,90.9,block
46.0,88.0,0.12,5.69,5.82,1,idle,94.1,idle
73.0,58.0,0.69,4.95,5.64,2,move_right,94.4,idle
58.0,73.0,1.34,7.36,8.7,3,idle,96.4,idle
100.0,94.0,1.9,5.14,7.03,0,punch,97.3,move_right
46.0,61.0,0.56,5.93,6.49,0,move_left,93.4,punch
13.0,70.0,0.8,6.89,6.09,0,move_left,89.7,move_left
22.0,73.0,0.38,5.97,6.34,0,kick,92.4,block
100.0,100.0,1.42,5.72,7.14,3,kick,95.7,idle
100.0,88.0,1.29,4.95,6.24,0,move_left,96.2,punch
100.0,100.0,6.52,2.12,8.64,0,idle,98.7,move_right
100.0,94.0,1.51,7.14,8.65,2,block,97.4,idle
100.0,85.0,1.23,4.65,5.88,2,block,96.0,idle
88.0,82.0,0.24,6.9,7.14,3,punch,94.6,block
88.0,100.0,1.6,5.99,7.59,2,idle,95.0,idle
34.0,55.0,1.35,2.97,1.62,0,idle,93.2,block
31.0,67.0,0.61,8.51,7.9,0,punch,92.2,block
82.0,85.0,0.93,5.37,6.3,0,idle,95.8,kick
70.0,82.0,1.53,8.47,10.0,0,punch,92.5,jump
67.0,79.0,1.12,7.22,8.34,0,move_right,93.7,kick
100.0,100.0,4.83,4.87,9.7,0,move_left,98.3,move_right
100.0,100.0,4.32,4.3,8.62,0,special,98.4,move_right
34.0,28.0,1.07,7.32,8.4,3,move_left,91.7,idle
28.0,40.0,1.07,4.94,6.0,1,punch,93.7,block
10.0,73.0,0.19,8.26,8.44,0,punch,91.6,block
10.0,25.0,1.27,8.43,9.7,2,move_right,88.6,idle
100.0,67.0,1.55,8.15,9.7,0,block,95.1,punch
79.0,79.0,1.29,6.41,7.7,3,punch,95.4,idle
76.0,76.0,1.4,7.22,8.62,5,idle,96.6,idle
1.0,19.0,0.74,8.51,7.77,0,punch,85.2,block
100.0,100.0,2.76,3.96,6.72,0,block,97.2,block
100.0,100.0,2.71,6.37,9.08,0,kick,95.9,move_right
28.0,64.0,1.47,5.87,7.34,1,jump,91.3,idle
34.0,73.0,1.21,5.39,6.6,0,punch,93.1,block
10.0,61.0,0.16,8.78,8.93,0,punch,89.5,jump
94.0,82.0,0.92,7.73,8.65,3,block,96.6,idle
37.0,61.0,1.4,8.6,10.0,1,idle,92.4,punch
100.0,100.0,4.95,2.91,7.85,0,idle,98.5,move_right
82.0,94.0,1.32,8.19,9.51,0,idle,93.6,kick
34.0,70.0,0.76,6.97,7.73,0,punch,93.4,block
25.0,76.0,1.01,4.09,5.1,1,jump,96.0,idle
43.0,52.0,0.73,4.2,4.93,6,kick,93.6,block
100.0,94.0,0.59,8.81,9.4,3,move_left,94.8,idle
37.0,46.0,1.56,7.0,8.56,2,idle,88.7,idle
49.0,61.0,0.84,6.11,6.96,0,kick,91.3,block
100.0,100.0,3.08,4.95,8.03,0,punch,98.0,move_right
73.0,100.0,1.32,4.44,5.76,0,kick,97.6,block
13.0,70.0,0.5,6.89,6.39,0,move_left,89.9,move_left
49.0,61.0,1.39,6.28,7.67,4,special,95.6,idle
100.0,100.0,4.47,2.57,7.04,0,punch,97.5,move_right
82.0,73.0,1.33,4.2,5.53,0,punch,96.5,jump
100.0,100.0,3.9,4.6,8.5,0,move_right,97.3,move_right
40.0,85.0,1.23,5.15,6.38,0,jump,93.8,kick
16.0,49.0,0.72,8.15,8.87,6,special,94.4,block
70.0,73.0,1.43,7.36,8.79,2,move_right,95.3,idle
100.0,100.0,2.97,5.38,8.35,3,special,98.4,idle
61.0,76.0,0.43,7.94,8.37,2,idle,94.7,idle
76.0,100.0,1.06,4.87,5.93,0,jump,98.4,punch
19.0,73.0,0.0,9.7,9.7,0,idle,92.4,move_right
67.0,61.0,1.07,7.32,8.4,0,idle,93.7,block
19.0,22.0,0.18,5.21,5.04,0,move_right,90.0,kick
91.0,94.0,1.08,3.94,5.02,0,move_left,98.5,block
40.0,73.0,0.18,5.61,5.43,1,move_left,95.6,idle
70.0,49.0,1.52,8.48,10.0,6,kick,92.1,idle
100.0,94.0,1.51,7.33,8.83,2,jump,97.1,idle
73.0,58.0,0.69,4.95,5.64,1,idle,93.6,idle
100.0,91.0,2.18,6.45,8.63,1,move_right,96.4,idle
67.0,85.0,1.22,8.18,9.4,0,jump,94.2,kick
100.0,100.0,2.36,2.65,5.01,0,idle,99.0,move_right
37.0,28.0,0.72,8.42,9.14,5,punch,91.2,block
25.0,58.0,1.56,6.82,8.38,2,jump,92.2,idle
64.0,82.0,1.21,5.39,6.6,3,jump,94.4,idle
34.0,55.0,1.65,3.87,2.22,0,move_left,94.0,jump
52.0,76.0,1.76,6.07,7.84,1,jump,94.6,idle
76.0,64.0,0.28,7.09,7.37,0,idle,94.8,kick
100.0,100.0,3.57,3.99,7.57,0,block,97.6,move_right
100.0,100.0,4.21,1.79,6.0,0,move_right,98.7,move_right
16.0,55.0,0.0,4.94,4.94,0,punch,88.7,block
100.0,100.0,1.41,4.25,5.65,0,special,97.1,block
64.0,88.0,1.54,3.25,4.78,0,move_right,96.8,special
94.0,91.0,1.58,4.2,5.78,1,idle,97.4,idle
55.0,88.0,0.14,8.66,8.8,0,punch,92.6,block
37.0,34.0,0.41,4.05,4.46,0,move_left,91.1,block
100.0,100.0,2.46,4.0,6.46,0,move_left,97.2,move_right
100.0,100.0,4.36,2.62,6.97,0,punch,97.8,move_right
100.0,100.0,2.43,3.43,5.86,0,move_left,98.7,move_right
70.0,64.0,0.28,7.09,7.37,1,move_left,94.5,idle
55.0,82.0,1.53,8.47,10.0,0,move_right,91.9,punch
100.0,100.0,1.13,7.06,8.19,3,idle,97.2,jump
100.0,100.0,2.36,6.47,8.83,0,punch,96.8,move_right
100.0,100.0,1.71,7.87,9.57,0,special,94.9,jump
25.0,82.0,0.31,9.68,9.37,0,move_left,95.1,move_left
13.0,58.0,0.34,8.17,7.84,0,move_left,90.1,move_left
31.0,49.0,0.48,7.34,7.82,0,idle,92.5,punch
25.0,49.0,0.24,5.62,5.38,0,jump,91.4,kick
82.0,82.0,1.02,5.61,6.63,3,move_left,97.5,idle
22.0,67.0,0.26,4.56,4.82,0,idle,92.4,move_right
100.0,100.0,4.66,2.32,6.97,0,special,98.6,special
49.0,61.0,0.36,6.9,6.54,2,jump,92.0,idle
85.0,91.0,1.33,7.86,9.19,2,kick,96.7,idle
61.0,43.0,0.46,3.86,4.32,3,idle,94.7,idle
76.0,73.0,1.76,7.37,9.13,2,move_right,94.8,idle
58.0,70.0,1.7,6.91,8.61,4,punch,91.2,idle
100.0,100.0,3.82,3.24,7.06,3,move_right,98.4,idle
46.0,46.0,1.86,5.8,7.66,0,move_right,89.8,move_right
100.0,100.0,1.32,7.48,8.8,0,punch,95.8,block
91.0,88.0,1.33,5.63,6.96,0,jump,97.0,punch
55.0,88.0,1.67,4.84,6.51,0,block,94.0,move_right
79.0,100.0,0.77,7.63,8.4,0,move_left,95.8,special
85.0,61.0,0.73,5.98,6.71,1,idle,95.3,idle
16.0,1.0,0.82,6.62,7.44,4,idle,89.4,idle
100.0,100.0,4.91,1.16,6.08,0,idle,99.0,move_right
28.0,28.0,2.05,7.95,10.0,0,move_right,88.7,move_right
94.0,91.0,1.86,6.82,8.68,0,move_right,95.8,move_right
100.0,100.0,2.19,3.47,5.66,0,move_left,98.3,move_right
100.0,100.0,7.37,2.21,9.58,0,move_right,98.6,special
49.0,46.0,1.62,6.0,7.62,4,special,94.7,idle
76.0,100.0,1.54,6.14,7.68,0,block,95.5,special
58.0,49.0,0.52,7.43,7.96,5,move_left,92.4,idle
43.0,64.0,1.31,6.86,8.18,3,idle,92.2,idle
10.0,67.0,0.27,5.97,5.7,0,jump,93.0,move_left
22.0,37.0,1.2,7.4,8.6,3,kick,92.4,idle
100.0,100.0,3.4,3.62,7.02,0,punch,97.6,move_right
7.0,73.0,0.3,9.7,10.0,0,move_right,91.3,move_right
55.0,70.0,0.52,6.58,6.07,2,punch,93.4,block
100.0,100.0,3.81,5.77,9.57,0,move_right,96.6,move_right
1.0,37.0,0.57,4.65,4.08,3,kick,90.6,block
43.0,70.0,0.15,3.87,3.72,2,kick,96.3,block
25.0,31.0,1.55,4.83,6.38,0,move_right,93.0,kick
100.0,100.0,3.84,4.58,8.42,0,move_left,98.8,jump
43.0,37.0,0.24,7.01,7.24,2,jump,93.4,idle
82.0,79.0,0.85,4.97,5.82,0,move_left,93.1,special
34.0,22.0,0.43,8.33,8.76,1,jump,89.6,idle
7.0,7.0,0.22,7.43,7.66,3,jump,89.9,idle
22.0,73.0,0.68,5.97,6.64,0,move_right,92.3,move_right
100.0,100.0,5.56,1.42,6.97,0,move_left,98.9,move_right
55.0,94.0,1.37,4.84,6.21,0,kick,94.7,block
49.0,40.0,1.89,4.98,6.86,1,move_right,93.3,idle
100.0,76.0,1.24,4.43,5.67,0,idle,96.2,kick
67.0,76.0,0.25,6.01,6.26,0,kick,95.8,block
100.0,100.0,5.35,1.9,7.25,0,move_right,98.7,move_right
67.0,91.0,0.08,5.18,5.26,0,move_left,97.2,kick
4.0,61.0,0.34,3.55,3.21,5,jump,93.8,idle
94.0,94.0,1.41,8.17,9.57,3,punch,94.6,idle
46.0,70.0,0.14,7.13,7.0,1,jump,91.1,idle
46.0,85.0,1.05,6.81,7.85,1,jump,94.1,idle
91.0,100.0,1.44,3.7,5.14,0,kick,98.2,block
100.0,76.0,1.24,4.43,5.67,2,move_left,96.5,idle
34.0,76.0,1.23,8.47,9.7,0,jump,90.3,block
1.0,55.0,0.28,3.08,3.36,0,idle,88.7,move_right
7.0,82.0,0.42,6.77,7.19,0,move_left,94.5,move_right
100.0,100.0,4.32,4.07,8.39,0,special,98.2,jump
22.0,37.0,0.91,7.15,8.06,3,block,86.9,idle
100.0,100.0,2.97,5.38,8.35,0,move_right,98.7,jump
94.0,91.0,1.33,7.86,9.19,0,idle,96.9,kick
52.0,82.0,0.14,8.36,8.5,0,block,93.8,punch
100.0,100.0,3.22,4.13,7.36,0,move_left,98.1,move_right
100.0,100.0,2.12,5.81,7.93,0,move_left,97.1,jump
58.0,52.0,1.55,4.53,6.08,1,special,94.6,idle
64.0,76.0,1.62,6.59,8.21,0,move_right,94.9,move_right
79.0,79.0,1.29,6.41,7.7,0,punch,95.1,idle
37.0,58.0,1.51,6.79,8.3,0,kick,94.7,punch
94.0,94.0,1.44,7.58,9.02,0,block,96.2,kick
100.0,100.0,4.77,2.27,7.04,0,kick,97.6,move_right
76.0,100.0,2.18,5.67,7.84,0,punch,95.4,move_right
100.0,100.0,6.82,1.82,8.64,0,block,98.8,move_right
82.0,58.0,0.46,4.42,4.87,3,idle,96.1,idle
31.0,49.0,1.44,6.41,7.86,0,idle,89.1,punch
19.0,55.0,0.17,4.41,4.58,0,move_right,93.1,move_right
73.0,82.0,0.06,6.9,6.84,0,move_left,94.3,punch
91.0,88.0,1.02,6.8,7.82,3,move_left,95.7,idle
76.0,85.0,1.51,7.93,9.43,0,punch,95.1,kick
100.0,100.0,1.75,5.23,6.98,0,punch,96.8,move_right
40.0,64.0,1.02,4.91,5.94,0,move_right,92.8,kick
4.0,94.0,0.16,4.75,4.91,0,punch,93.6,block
85.0,100.0,0.72,5.69,6.42,3,move_left,96.4,idle
100.0,100.0,2.94,4.91,7.84,0,move_left,98.6,move_right
91.0,100.0,0.94,3.55,4.48,0,move_left,98.0,punch
85.0,91.0,1.35,8.65,10.0,0,punch,94.4,block
100.0,100.0,3.46,2.92,6.37,0,block,98.9,move_right
100.0,100.0,6.16,3.68,9.83,0,special,98.6,move_right
16.0,61.0,0.03,7.5,7.47,0,idle,93.8,move_left
22.0,70.0,0.61,7.44,8.05,2,idle,93.2,idle
13.0,79.0,0.21,6.05,6.25,0,idle,91.9,move_right
16.0,73.0,0.26,5.35,5.08,0,block,93.3,move_left
49.0,85.0,0.72,5.78,6.5,0,punch,96.4,block
88.0,82.0,1.29,6.81,8.1,0,idle,97.0,punch
37.0,67.0,1.46,7.97,9.43,0,move_right,92.6,kick
100.0,100.0,3.43,5.46,8.89,0,kick,98.7,move_right
34.0,67.0,0.57,6.27,5.7,2,punch,91.0,block
67.0,64.0,0.75,8.65,9.4,0,kick,92.9,block
88.0,58.0,1.07,4.94,6.0,5,move_right,96.4,idle
61.0,49.0,0.76,3.86,4.62,3,kick,95.1,jump
100.0,100.0,3.98,2.61,6.59,0,idle,98.2,idle
43.0,34.0,1.29,6.48,7.76,3,special,91.2,idle
28.0,73.0,0.09,5.31,5.4,0,move_right,91.7,move_right
34.0,67.0,0.43,7.94,8.37,1,move_right,93.8,idle
64.0,94.0,1.04,8.66,9.7,0,move_right,92.0,kick
100.0,100.0,3.01,3.59,6.6,0,punch,97.8,move_right
7.0,28.0,0.72,8.42,9.14,1,special,90.8,block
100.0,100.0,4.89,4.44,9.33,0,move_right,98.3,move_right
58.0,91.0,1.39,5.82,7.21,0,kick,96.5,block
13.0,85.0,0.04,7.98,8.02,0,idle,93.1,move_right
55.0,70.0,1.6,6.92,8.51,2,jump,95.2,idle
58.0,76.0,0.0,6.92,6.92,0,move_left,94.5,kick
4.0,13.0,0.99,6.45,7.44,1,punch,88.7,block
52.0,76.0,1.3,6.04,7.33,2,punch,92.8,idle
49.0,67.0,0.32,3.68,3.36,2,jump,93.2,idle
1.0,73.0,0.42,7.14,7.56,0,move_right,91.2,move_right
67.0,91.0,0.45,5.97,6.42,3,jump,93.7,idle
49.0,58.0,1.04,4.78,3.74,0,move_left,91.2,jump
43.0,55.0,0.85,5.87,6.72,3,block,90.1,idle
61.0,49.0,0.86,8.54,9.4,2,move_left,94.0,idle
64.0,82.0,1.21,5.39,6.6,0,idle,94.5,kick
37.0,43.0,1.51,7.39,8.9,0,kick,93.0,kick
88.0,70.0,0.6,8.5,9.1,4,move_left,93.9,idle
43.0,46.0,1.58,4.4,5.98,2,move_right,95.9,idle
34.0,16.0,1.42,5.21,6.64,0,move_right,91.3,kick
85.0,49.0,0.64,4.43,5.07,1,punch,95.2,block
100.0,100.0,7.64,2.36,10.0,2,idle,97.5,idle
52.0,55.0,0.17,7.32,7.5,3,jump,92.9,idle
67.0,7.0,0.08,8.42,8.5,5,move_left,91.0,idle
79.0,61.0,1.26,7.82,9.08,2,move_left,92.0,idle
37.0,37.0,0.83,7.66,8.49,0,move_left,92.0,punch
100.0,94.0,1.05,4.17,5.22,2,move_left,98.4,idle
73.0,85.0,1.22,7.01,8.23,0,kick,94.9,block
16.0,61.0,0.8,8.21,9.01,0,kick,92.8,block
49.0,67.0,1.51,8.19,9.7,0,move_right,92.5,special
1.0,22.0,1.4,8.11,9.51,2,punch,86.9,idle
100.0,94.0,1.59,6.3,7.89,1,move_left,97.4,idle
100.0,100.0,3.38,2.91,6.29,0,move_left,97.9,move_right
1.0,64.0,0.3,10.0,9.7,2,idle,91.8,move_right
100.0,100.0,3.72,5.3,9.02,2,kick,97.4,idle
16.0,88.0,0.38,5.01,5.39,0,move_left,94.0,move_right
34.0,34.0,1.32,6.9,8.22,3,idle,92.9,idle
100.0,100.0,7.46,2.54,10.0,0,kick,97.8,move_right
49.0,64.0,1.02,6.3,7.32,0,jump,95.1,move_left
25.0,82.0,0.59,8.18,8.77,0,kick,96.0,block
100.0,100.0,5.31,3.37,8.67,2,punch,97.8,idle
70.0,67.0,1.52,8.48,10.0,0,punch,92.2,special
31.0,55.0,0.24,5.62,5.38,0,punch,92.4,block
37.0,37.0,0.07,8.23,8.31,3,punch,93.5,block
70.0,31.0,0.16,4.42,4.57,3,kick,94.1,block
100.0,100.0,1.74,6.68,8.42,0,jump,98.0,move_right
40.0,67.0,0.78,7.24,8.02,1,kick,94.1,block
85.0,70.0,1.36,7.61,8.97,0,move_right,91.6,special
82.0,85.0,0.72,8.19,8.91,2,idle,92.3,idle
79.0,100.0,1.37,7.63,9.0,0,idle,96.2,punch
100.0,100.0,2.23,5.57,7.81,0,move_right,97.5,jump
100.0,82.0,1.8,5.41,7.2,0,punch,95.4,move_right
19.0,34.0,0.01,8.81,8.8,2,idle,90.6,idle
52.0,37.0,0.37,8.23,8.61,6,special,93.9,special
100.0,100.0,4.98,3.14,8.12,5,block,98.0,idle
100.0,100.0,3.88,5.2,9.07,0,move_right,98.8,jump
100.0,100.0,1.53,5.4,6.92,0,jump,96.5,punch
22.0,67.0,0.18,6.14,5.96,0,kick,94.4,jump
52.0,70.0,1.77,7.18,8.95,0,move_right,93.3,jump
34.0,67.0,1.37,7.93,9.3,0,kick,93.1,block
64.0,61.0,1.51,6.85,8.36,3,block,89.5,idle
70.0,55.0,0.48,8.32,8.8,3,move_left,93.0,idle
76.0,82.0,1.8,6.61,8.4,4,move_right,92.8,idle
100.0,100.0,3.3,2.84,6.14,0,punch,98.4,move_right
37.0,61.0,1.58,3.97,5.55,4,block,94.2,idle
61.0,100.0,0.72,5.69,6.42,0,punch,95.3,jump
76.0,88.0,1.53,8.47,10.0,0,jump,93.3,block
55.0,67.0,1.32,5.5,6.82,3,block,94.2,idle
79.0,85.0,1.56,5.31,6.87,1,move_left,96.9,idle
100.0,100.0,4.07,1.84,5.91,0,idle,98.3,move_right
100.0,100.0,1.62,4.42,6.04,0,punch,98.0,jump
10.0,52.0,0.29,7.16,7.45,0,punch,90.2,block
58.0,79.0,1.44,8.56,10.0,0,kick,93.2,jump
100.0,100.0,2.22,5.87,8.09,0,punch,97.0,move_right
79.0,76.0,0.84,5.81,6.66,0,idle,93.6,kick
100.0,94.0,1.75,4.87,6.62,1,move_right,98.7,idle
61.0,79.0,1.5,8.5,10.0,2,move_right,93.9,move_right
94.0,82.0,1.35,3.87,5.22,5,punch,98.2,idle
94.0,88.0,0.15,4.17,4.32,0,punch,97.2,block
52.0,43.0,1.12,7.74,8.86,0,move_left,91.2,punch
25.0,16.0,0.17,8.33,8.16,3,move_left,89.2,idle
40.0,70.0,0.79,5.44,6.24,2,kick,95.1,block
100.0,100.0,9.01,0.75,9.76,0,idle,99.0,move_right
100.0,100.0,4.4,5.0,9.4,0,move_left,97.8,move_right
46.0,79.0,0.12,5.32,5.44,0,move_left,95.4,punch
13.0,58.0,0.55,5.71,6.26,0,idle,92.6,move_right
16.0,10.0,0.52,7.44,7.96,1,punch,89.1,block
61.0,52.0,1.12,7.22,8.34,3,punch,91.4,block
13.0,37.0,0.44,8.66,9.1,0,kick,88.0,jump
40.0,40.0,1.18,8.52,9.7,3,move_left,89.5,idle
7.0,37.0,0.27,6.12,5.85,2,move_right,91.4,idle
94.0,100.0,1.29,6.38,7.67,0,move_left,95.9,block
82.0,82.0,1.42,7.13,8.56,0,idle,94.2,block
43.0,46.0,1.88,4.4,6.28,0,kick,95.3,jump
100.0,100.0,2.65,6.45,9.1,0,kick,98.0,move_right
67.0,70.0,0.15,7.64,7.79,1,block,93.1,idle
34.0,61.0,1.47,6.88,8.35,0,punch,92.4,block
100.0,88.0,1.0,8.7,9.7,0,punch,94.2,jump
7.0,82.0,0.27,5.64,5.91,0,idle,92.0,block
37.0,25.0,0.67,8.43,9.1,0,kick,89.4,block
55.0,31.0,1.57,8.43,10.0,1,idle,90.6,idle
91.0,100.0,1.24,7.98,9.22,0,idle,96.5,jump
46.0,25.0,0.98,8.72,9.7,0,move_left,91.9,jump
82.0,85.0,1.48,8.2,9.68,0,idle,94.8,idle
100.0,100.0,5.24,2.41,7.64,0,kick,98.3,move_right
85.0,100.0,1.83,5.07,6.9,1,punch,96.1,idle
40.0,61.0,0.66,7.88,7.22,0,punch,92.1,jump
88.0,94.0,1.15,5.17,6.32,3,punch,97.7,block
46.0,94.0,1.32,5.04,6.36,2,idle,96.0,idle
100.0,100.0,1.96,3.28,5.24,0,punch,98.0,move_right
91.0,100.0,1.51,6.54,8.05,0,jump,96.4,punch
58.0,61.0,0.84,6.11,6.96,0,special,91.4,block
34.0,4.0,0.24,7.82,7.58,3,kick,88.0,block
55.0,37.0,1.23,6.9,8.12,0,punch,92.3,jump
100.0,100.0,4.89,3.1,7.99,0,punch,98.4,move_right
100.0,100.0,4.22,4.01,8.23,0,punch,98.1,move_right
34.0,52.0,1.67,8.23,9.9,0,move_right,91.9,move_right
100.0,85.0,1.88,6.75,8.63,1,move_right,95.9,idle
31.0,52.0,1.62,6.4,8.02,1,move_right,90.6,idle
43.0,46.0,0.06,7.01,6.94,0,idle,93.6,kick
70.0,64.0,1.13,5.2,6.34,1,special,95.8,block
46.0,61.0,0.45,7.64,7.19,3,punch,91.7,block
85.0,85.0,0.26,8.54,8.8,2,jump,94.5,idle
100.0,100.0,3.55,4.51,8.06,0,jump,98.7,jump
61.0,79.0,1.56,5.76,7.32,0,punch,94.3,punch
52.0,70.0,0.87,7.18,8.05,1,kick,92.9,block
100.0,94.0,1.45,7.35,8.8,0,idle,97.3,block
100.0,100.0,4.8,3.62,8.42,0,move_right,97.9,move_right
100.0,100.0,3.97,5.07,9.04,0,kick,98.5,jump
52.0,55.0,1.26,5.8,7.06,3,idle,90.4,idle
100.0,100.0,1.56,4.9,6.46,0,kick,96.6,kick
100.0,85.0,0.73,6.28,7.01,1,move_left,96.6,idle
100.0,91.0,1.55,4.53,6.08,2,punch,97.6,idle
88.0,67.0,1.48,8.2,9.67,0,kick,96.3,jump
94.0,94.0,1.04,5.23,6.27,3,punch,97.3,block
7.0,73.0,0.58,7.07,6.49,0,move_left,89.8,move_left
25.0,52.0,0.47,9.13,9.6,0,jump,90.6,move_right
43.0,79.0,1.18,7.78,6.6,6,kick,91.8,block
76.0,85.0,1.08,6.58,7.66,1,block,94.5,idle
100.0,100.0,7.59,0.68,8.27,0,move_right,98.9,move_right
100.0,100.0,7.84,2.1,9.93,0,kick,98.7,move_right
37.0,70.0,1.54,6.74,8.28,2,move_right,90.7,idle
58.0,79.0,1.52,7.01,8.53,3,punch,94.6,idle
46.0,25.0,0.67,8.43,9.1,0,jump,89.6,block
7.0,52.0,0.23,7.33,7.56,0,move_right,88.9,move_right
52.0,43.0,0.8,7.22,8.02,0,punch,94.0,block
94.0,70.0,1.72,6.84,8.56,0,jump,94.1,jump
82.0,79.0,2.13,5.4,7.52,0,punch,95.3,move_right
100.0,100.0,1.82,7.43,9.25,0,block,97.3,move_right
40.0,46.0,0.54,5.81,5.26,1,move_left,91.8,idle
100.0,100.0,1.37,4.26,5.63,0,special,96.2,jump
73.0,67.0,0.76,3.86,4.62,2,block,96.6,idle
34.0,76.0,1.32,7.18,8.5,0,kick,91.8,jump
100.0,100.0,2.16,6.02,8.18,0,punch,96.8,jump
100.0,100.0,1.32,6.77,8.09,0,idle,96.6,punch
94.0,94.0,0.59,4.77,5.36,3,punch,98.8,block
19.0,73.0,0.18,5.91,5.73,0,punch,95.2,block
100.0,100.0,1.59,6.38,7.97,0,move_left,96.2,jump
61.0,85.0,1.17,6.3,7.47,3,special,96.6,block
82.0,70.0,0.17,5.31,5.48,3,punch,96.1,block
55.0,73.0,1.19,4.29,5.48,4,kick,95.5,block
49.0,88.0,1.35,6.31,7.66,3,idle,96.5,idle
22.0,22.0,1.58,4.4,5.98,3,punch,94.3,idle
19.0,58.0,0.27,9.43,9.7,0,special,92.9,block
85.0,70.0,0.28,6.32,6.59,3,block,95.2,idle
100.0,100.0,3.86,1.27,5.13,3,punch,98.9,idle
100.0,100.0,2.88,5.68,8.56,0,special,96.7,move_right
100.0,100.0,2.24,4.33,6.57,0,idle,98.5,move_right
16.0,19.0,1.04,5.93,4.9,3,move_right,86.8,idle
100.0,100.0,6.0,0.94,6.94,0,special,98.7,move_right
13.0,61.0,0.06,6.38,6.32,0,kick,90.7,block
88.0,82.0,1.12,7.13,8.26,2,move_left,94.9,idle
100.0,100.0,1.79,7.46,9.25,0,idle,96.5,jump
34.0,43.0,1.51,8.49,10.0,2,idle,90.5,idle
94.0,94.0,1.29,6.38,7.67,3,idle,95.7,idle
13.0,67.0,0.03,7.59,7.57,0,idle,92.5,move_left
100.0,94.0,1.51,7.33,8.83,0,punch,97.3,punch
94.0,88.0,0.77,5.01,5.78,3,move_right,96.8,idle
100.0,100.0,2.68,2.84,5.52,0,special,98.2,move_right
91.0,76.0,1.51,4.75,6.26,3,jump,94.9,jump
100.0,100.0,1.66,5.02,6.67,0,move_left,96.3,move_right
82.0,58.0,0.46,4.42,4.87,0,punch,96.3,block
100.0,100.0,4.86,1.42,6.28,0,punch,98.8,move_right
100.0,100.0,1.72,6.72,8.45,0,block,96.1,jump
100.0,100.0,2.87,3.44,6.3,0,kick,98.7,move_right
19.0,67.0,0.03,4.63,4.66,0,punch,93.9,move_left
100.0,100.0,4.63,4.94,9.57,0,punch,98.0,move_right
100.0,100.0,2.41,4.95,7.36,0,move_left,96.4,jump
67.0,82.0,1.44,3.4,4.84,1,kick,96.4,idle
16.0,55.0,0.09,8.21,8.3,0,kick,90.5,jump
100.0,100.0,5.03,4.06,9.09,0,idle,99.0,move_right
100.0,100.0,4.92,2.39,7.31,0,jump,98.8,jump
13.0,13.0,1.34,3.28,1.94,3,idle,86.9,idle
73.0,58.0,0.55,7.35,7.9,2,special,95.0,block
76.0,61.0,1.02,7.22,8.24,3,move_left,95.2,idle
31.0,73.0,1.22,4.67,5.89,1,block,92.3,idle
22.0,67.0,0.15,5.97,5.82,0,punch,89.5,block
100.0,100.0,2.49,3.15,5.64,0,move_left,98.7,jump
64.0,61.0,0.69,6.7,7.39,4,special,92.0,block
1.0,73.0,0.18,7.44,7.26,0,block,91.3,move_left
100.0,100.0,2.1,6.7,8.8,0,idle,96.3,move_right
1.0,31.0,0.13,7.07,7.21,0,move_left,89.5,punch
58.0,76.0,0.02,3.68,3.66,0,move_left,94.4,punch
100.0,100.0,1.4,6.2,7.59,0,move_left,98.4,special
100.0,85.0,1.58,6.75,8.33,3,kick,96.1,idle
61.0,82.0,1.06,6.42,7.48,2,kick,94.5,block
25.0,70.0,1.0,5.99,6.99,0,move_left,90.7,move_right
4.0,82.0,0.4,8.0,7.59,0,move_left,92.9,move_left
82.0,73.0,1.58,5.71,7.29,0,kick,96.0,kick
49.0,73.0,0.91,8.19,9.1,0,move_left,92.9,punch
10.0,10.0,1.42,5.21,6.64,5,idle,90.1,idle
28.0,61.0,1.5,8.5,10.0,0,idle,90.2,move_right
46.0,61.0,0.8,6.75,7.55,0,move_right,93.1,kick
73.0,67.0,0.73,6.07,6.79,1,jump,94.9,idle
43.0,40.0,1.49,4.29,5.78,3,idle,94.0,idle
100.0,100.0,5.1,4.3,9.4,0,move_left,97.5,move_right
88.0,94.0,1.2,4.34,5.54,1,punch,97.2,idle
25.0,76.0,0.79,7.97,8.77,0,move_right,95.1,punch
10.0,67.0,0.26,4.56,4.82,0,jump,91.7,move_right
34.0,34.0,1.45,5.17,6.62,1,kick,93.7,idle
73.0,73.0,1.21,8.19,9.4,0,kick,93.2,block
22.0,19.0,0.83,7.66,8.49,5,move_left,90.3,idle
1.0,31.0,0.43,7.07,7.51,3,move_right,89.4,idle
34.0,73.0,0.72,3.94,3.22,2,kick,95.8,block
100.0,100.0,4.86,1.72,6.58,0,move_right,98.7,move_right
13.0,67.0,0.78,6.58,7.36,0,special,92.6,block
13.0,22.0,0.54,7.31,7.84,1,jump,91.5,idle
49.0,58.0,0.36,5.81,6.16,3,jump,93.2,punch
82.0,94.0,1.02,7.89,8.91,1,kick,94.2,block
22.0,67.0,0.56,4.26,4.82,0,move_right,92.5,move_right
85.0,82.0,0.58,6.32,6.89,2,punch,96.3,block
19.0,55.0,0.73,5.31,4.58,1,move_left,93.7,idle
61.0,91.0,0.64,8.28,8.92,2,punch,94.8,block
25.0,31.0,0.3,6.91,7.2,1,punch,88.8,block
91.0,85.0,1.31,5.66,6.98,0,idle,95.5,punch
37.0,85.0,0.04,8.28,8.32,3,kick,94.1,block
10.0,82.0,0.2,7.4,7.59,0,kick,94.7,block
100.0,100.0,0.79,4.22,5.01,2,jump,98.8,idle
25.0,73.0,0.42,5.32,5.74,0,punch,94.7,block
100.0,100.0,3.21,6.37,9.57,0,move_right,96.0,jump
100.0,91.0,1.29,7.07,8.37,2,special,97.5,idle
100.0,100.0,3.6,4.9,8.5,0,idle,97.2,move_right
100.0,100.0,1.44,8.54,9.98,0,idle,97.0,punch
100.0,100.0,1.44,3.7,5.14,1,move_right,98.3,idle
85.0,73.0,1.63,5.63,7.26,0,punch,96.2,move_right
25.0,55.0,0.7,8.7,9.4,0,idle,91.0,move_right
49.0,85.0,0.92,8.18,9.1,1,special,93.9,block
46.0,61.0,0.46,7.88,8.33,1,kick,93.6,block
25.0,49.0,0.54,5.62,5.08,2,punch,91.2,block
1.0,52.0,0.13,8.84,8.97,0,punch,91.6,block
76.0,85.0,1.51,7.93,9.43,0,punch,95.6,block
55.0,88.0,1.36,4.87,6.23,0,move_left,97.0,special
100.0,100.0,8.04,0.42,8.45,0,kick,98.9,move_right
61.0,31.0,1.57,8.13,9.7,0,move_left,91.4,kick
28.0,64.0,1.6,6.34,7.93,3,kick,90.9,idle
85.0,85.0,1.33,8.32,9.64,3,kick,95.1,idle
82.0,82.0,1.39,6.47,7.87,1,kick,97.0,idle
55.0,52.0,1.03,7.13,8.16,0,move_right,93.0,punch
28.0,64.0,1.07,6.04,7.11,0,kick,91.4,jump
100.0,100.0,7.43,0.13,7.56,0,idle,98.6,move_right
100.0,100.0,2.35,4.33,6.68,0,move_right,97.4,move_right
10.0,10.0,0.85,8.25,9.1,0,move_left,87.8,special
100.0,100.0,5.78,2.17,7.95,0,block,98.7,move_right
100.0,100.0,3.72,5.3,9.02,1,kick,97.3,idle
10.0,67.0,0.27,6.35,6.08,2,kick,91.4,block
76.0,73.0,1.42,5.16,6.58,4,punch,96.1,idle
100.0,100.0,1.72,5.72,7.44,0,move_left,95.9,jump
100.0,100.0,2.65,2.83,5.48,0,kick,98.3,jump
64.0,82.0,0.6,6.92,7.52,1,move_left,95.0,idle
67.0,61.0,1.66,7.91,9.57,0,move_left,90.2,move_right
34.0,13.0,1.37,7.62,9.0,1,idle,90.6,idle
100.0,100.0,2.12,6.54,8.66,0,kick,94.1,move_right
37.0,43.0,1.51,7.09,8.6,3,punch,93.4,idle
100.0,100.0,1.93,4.45,6.38,0,punch,98.9,move_right
43.0,76.0,1.02,4.68,5.7,0,move_left,94.9,kick
34.0,49.0,1.17,8.47,7.3,0,move_left,90.4,punch
25.0,25.0,1.59,6.18,7.76,0,jump,88.8,kick
79.0,85.0,1.4,6.75,8.15,3,kick,95.3,idle
100.0,100.0,3.48,5.08,8.56,3,move_left,97.2,idle
100.0,100.0,4.03,5.92,9.94,0,kick,96.5,move_right
100.0,100.0,2.64,5.21,7.86,2,move_right,97.1,idle
100.0,94.0,1.34,8.66,10.0,2,move_right,94.7,idle
76.0,91.0,1.56,4.9,6.46,2,idle,95.3,idle
49.0,37.0,0.79,6.44,7.24,2,move_left,92.6,idle
25.0,82.0,0.59,8.48,9.07,0,jump,95.8,move_right
37.0,43.0,1.81,7.39,9.2,2,kick,92.4,idle
100.0,100.0,2.3,5.12,7.42,0,kick,98.5,block
100.0,91.0,1.4,7.01,8.41,2,kick,96.0,idle
64.0,61.0,1.0,8.7,9.7,4,punch,92.8,block
4.0,67.0,0.04,4.86,4.82,0,jump,90.8,move_left
73.0,70.0,1.57,7.93,9.51,1,move_left,96.1,idle
100.0,100.0,4.06,5.34,9.4,0,punch,95.9,move_right
43.0,34.0,1.89,6.18,8.06,2,punch,91.9,idle
22.0,40.0,0.73,7.07,7.81,2,move_left,91.0,idle
100.0,100.0,2.38,4.69,7.07,0,punch,98.1,move_right
55.0,76.0,1.59,4.08,5.66,3,block,97.2,idle
100.0,100.0,2.35,5.11,7.46,0,move_left,98.4,jump
49.0,76.0,0.32,3.68,3.36,0,move_left,93.4,kick
13.0,28.0,0.88,7.69,8.57,3,move_left,89.7,idle
100.0,91.0,1.76,3.36,5.12,1,kick,97.2,idle
1.0,52.0,0.3,8.2,8.5,0,jump,90.3,move_right
100.0,100.0,4.41,4.57,8.97,0,block,97.0,move_right
10.0,31.0,1.3,7.22,8.51,0,move_right,91.5,special
100.0,100.0,5.79,3.54,9.33,0,jump,98.7,move_right
94.0,49.0,0.68,8.42,9.1,0,idle,92.8,punch
43.0,61.0,1.06,8.51,9.57,2,idle,89.1,idle
100.0,100.0,5.44,3.9,9.33,0,idle,97.8,idle
85.0,85.0,0.39,6.7,7.09,2,idle,93.8,idle
40.0,40.0,1.02,4.91,5.94,3,kick,91.7,block
100.0,82.0,1.66,8.04,9.7,0,special,92.5,move_right
82.0,94.0,1.34,8.66,10.0,2,move_right,93.2,idle
58.0,58.0,0.65,6.01,6.66,0,punch,94.9,jump
100.0,100.0,3.19,6.51,9.7,0,move_left,96.6,jump
100.0,100.0,1.09,4.22,5.31,2,move_right,98.2,idle
100.0,100.0,3.21,6.37,9.57,0,jump,95.9,move_right
100.0,100.0,1.83,4.42,6.25,0,idle,99.0,jump
100.0,100.0,1.63,4.75,6.38,0,punch,98.8,move_right
100.0,94.0,1.72,5.72,7.44,0,kick,94.8,move_right
73.0,58.0,0.99,4.95,5.94,0,move_right,94.2,block
91.0,82.0,2.1,4.84,6.94,0,kick,96.3,move_right
58.0,7.0,1.28,8.72,10.0,1,idle,91.4,idle
100.0,100.0,1.63,7.26,8.89,0,jump,97.7,jump
70.0,76.0,1.36,7.88,9.23,0,idle,94.4,kick
4.0,40.0,0.15,8.11,7.96,0,move_right,89.6,kick
28.0,37.0,1.13,7.66,8.79,1,idle,91.0,idle
82.0,73.0,1.1,7.31,8.41,0,move_right,95.1,block
100.0,100.0,2.96,5.87,8.83,0,kick,97.5,punch
58.0,73.0,1.39,7.66,9.04,1,special,95.2,idle
40.0,85.0,1.02,5.04,6.06,2,move_left,95.6,idle
85.0,100.0,1.18,6.19,7.37,1,move_left,96.8,idle
100.0,100.0,2.13,3.15,5.28,0,move_left,97.6,jump
82.0,73.0,1.1,7.01,8.11,3,punch,95.4,block
73.0,67.0,0.76,3.86,4.62,0,kick,96.0,block
100.0,91.0,0.7,6.8,7.5,3,move_left,96.2,special
85.0,67.0,0.19,3.45,3.26,3,move_left,95.2,idle
100.0,94.0,1.45,5.17,6.62,0,idle,98.4,block
10.0,43.0,0.91,8.49,9.4,2,move_left,88.2,move_left
67.0,91.0,1.33,7.86,9.19,1,special,96.6,idle
85.0,76.0,0.28,6.32,6.59,1,move_left,95.8,idle
49.0,40.0,2.19,5.28,7.46,0,move_right,93.1,move_right
67.0,88.0,1.19,4.77,5.96,0,move_right,97.2,punch
52.0,55.0,0.17,7.32,7.5,0,block,92.6,block
49.0,64.0,0.66,5.81,6.46,0,move_left,93.4,jump
52.0,79.0,0.68,5.18,5.86,0,idle,96.0,punch
37.0,64.0,2.2,6.04,8.23,0,move_right,91.1,move_right
100.0,94.0,1.1,5.71,6.81,0,block,98.0,kick
25.0,43.0,1.21,8.49,9.7,0,kick,89.9,block
100.0,100.0,1.78,7.29,9.07,2,move_right,95.3,idle
100.0,100.0,2.84,7.16,10.0,0,kick,94.6,move_right
4.0,55.0,0.13,5.31,5.18,0,special,91.9,block
100.0,100.0,5.28,4.24,9.52,0,idle,97.9,move_right
100.0,85.0,1.29,6.3,7.59,0,move_left,96.9,punch
43.0,37.0,0.83,5.2,6.04,3,special,93.4,block
100.0,100.0,3.18,5.74,8.92,0,move_left,97.4,move_right
100.0,91.0,1.57,7.93,9.51,2,kick,97.2,idle
22.0,73.0,0.16,7.51,7.34,5,kick,91.4,move_left
37.0,52.0,1.95,7.51,9.46,4,jump,93.0,idle
67.0,76.0,1.7,5.41,7.11,2,move_right,93.4,idle
31.0,61.0,1.26,7.88,6.62,0,idle,91.5,block
49.0,46.0,1.32,6.9,8.22,0,kick,93.7,block
22.0,61.0,0.16,8.78,8.93,0,block,91.5,move_right
100.0,100.0,2.86,3.52,6.37,0,kick,98.7,jump
46.0,73.0,1.04,7.66,8.7,2,jump,94.8,idle
64.0,67.0,0.79,6.14,6.94,2,special,95.2,idle
61.0,73.0,1.56,6.66,8.22,0,jump,92.6,kick
64.0,76.0,0.22,6.58,6.37,3,move_left,93.9,idle
22.0,61.0,1.26,7.88,6.62,0,kick,91.4,jump
100.0,100.0,3.0,5.42,8.42,0,idle,97.1,move_right
100.0,100.0,3.35,5.75,9.1,0,idle,97.9,move_right
100.0,100.0,2.86,5.2,8.06,0,jump,96.8,jump
67.0,61.0,1.42,7.22,8.64,0,idle,92.0,kick
100.0,100.0,2.16,6.22,8.38,1,move_right,96.7,idle
40.0,40.0,1.32,5.21,6.54,3,punch,91.2,idle
34.0,43.0,0.68,4.2,4.88,2,punch,92.8,block
100.0,100.0,3.28,4.09,7.37,0,kick,98.7,move_right
58.0,52.0,0.44,7.67,8.11,3,punch,93.7,block
10.0,67.0,0.03,5.67,5.7,0,punch,92.7,block
100.0,100.0,1.32,6.4,7.72,0,move_left,97.7,kick
100.0,100.0,5.86,4.14,10.0,0,punch,96.4,jump
85.0,70.0,0.76,7.91,8.67,0,kick,91.7,move_left
67.0,79.0,1.12,7.22,8.34,3,idle,93.6,idle
100.0,100.0,3.88,4.29,8.17,0,special,97.9,move_right
37.0,55.0,0.68,7.41,8.09,3,block,92.5,idle
43.0,34.0,0.2,6.91,7.11,3,kick,94.0,jump
70.0,100.0,0.84,8.56,9.4,0,punch,94.6,jump
100.0,100.0,3.62,4.14,7.76,0,move_left,96.4,jump
28.0,13.0,0.64,4.43,5.07,1,block,91.8,idle
43.0,52.0,0.45,3.87,3.42,5,idle,95.9,idle
100.0,100.0,4.27,3.35,7.62,0,punch,98.7,move_right
79.0,94.0,1.4,6.5,7.9,3,move_right,95.7,idle
100.0,100.0,1.89,6.0,7.89,0,punch,98.2,move_right
76.0,79.0,0.87,7.18,8.05,1,move_left,94.7,idle
100.0,91.0,0.9,7.3,8.2,2,move_left,95.7,idle
13.0,79.0,0.51,6.05,6.55,0,move_right,91.4,move_right
85.0,100.0,1.6,6.7,8.3,0,kick,96.9,punch
100.0,100.0,5.56,2.33,7.9,0,move_right,98.4,move_right
58.0,31.0,0.62,5.99,6.6,6,punch,90.2,block
73.0,100.0,1.32,4.61,5.94,0,idle,95.4,special
67.0,82.0,0.42,6.77,7.19,0,punch,95.3,jump
61.0,70.0,1.83,6.0,7.82,1,jump,94.4,idle
100.0,100.0,6.94,2.7,9.63,0,punch,98.4,jump
100.0,100.0,6.3,2.42,8.72,0,move_left,98.3,move_right
100.0,100.0,2.34,4.91,7.26,0,kick,98.1,jump
31.0,58.0,0.23,7.03,7.26,4,punch,91.5,block
79.0,85.0,0.29,7.76,8.05,3,move_left,94.6,idle
76.0,70.0,0.76,4.78,5.54,3,block,93.8,idle
76.0,52.0,0.71,3.45,4.16,2,move_left,94.3,idle
73.0,94.0,1.69,4.22,5.91,0,move_left,97.5,move_right
67.0,94.0,1.53,5.15,6.68,2,kick,97.0,idle
52.0,82.0,0.57,5.94,6.51,0,kick,94.9,block
58.0,43.0,1.34,5.53,6.87,3,kick,94.5,idle
13.0,73.0,0.06,7.56,7.62,0,kick,91.0,block
7.0,64.0,0.42,8.79,9.21,0,jump,87.7,move_right
10.0,55.0,0.1,9.0,9.1,0,punch,90.4,block
31.0,61.0,1.06,8.34,9.4,0,jump,90.8,punch
100.0,100.0,2.6,6.8,9.4,0,punch,97.2,move_right
37.0,46.0,1.56,6.7,8.26,3,kick,89.3,idle
58.0,25.0,1.55,8.45,10.0,2,jump,92.2,idle
16.0,43.0,0.57,6.12,5.55,0,block,91.6,punch
61.0,58.0,1.55,8.45,10.0,3,punch,94.7,idle
52.0,58.0,1.5,5.74,7.24,1,punch,93.3,idle
100.0,100.0,3.12,4.94,8.06,0,move_left,98.2,move_right
37.0,58.0,0.49,7.71,8.2,0,idle,92.4,block
76.0,85.0,1.17,5.27,6.44,1,kick,95.1,block
52.0,58.0,1.03,5.65,6.68,3,punch,94.9,block
58.0,76.0,1.15,5.17,6.32,0,kick,95.7,block
64.0,79.0,0.42,6.3,6.72,2,kick,96.2,block
22.0,31.0,1.57,8.13,9.7,6,idle,92.3,idle
67.0,94.0,0.75,7.64,8.39,2,special,94.3,block
100.0,82.0,0.38,5.12,5.5,3,punch,98.6,block
82.0,94.0,1.34,8.66,10.0,0,punch,92.9,block
67.0,76.0,1.23,4.72,5.95,2,kick,97.0,idle
46.0,64.0,0.67,7.17,7.84,1,move_left,95.4,idle
100.0,100.0,6.04,3.6,9.63,0,move_right,98.0,jump
22.0,73.0,1.32,5.04,6.36,1,kick,94.7,idle
79.0,58.0,0.31,7.52,7.83,0,move_left,94.5,special
40.0,64.0,1.02,4.91,5.94,2,move_right,92.6,idle
79.0,100.0,1.37,7.63,9.0,3,jump,96.1,idle
61.0,79.0,0.03,6.27,6.3,2,punch,92.5,block
88.0,94.0,1.15,5.17,6.32,2,punch,97.6,block
91.0,88.0,1.56,5.46,7.02,3,kick,95.3,idle
100.0,100.0,4.8,3.32,8.12,0,move_left,98.0,move_right
100.0,100.0,5.9,2.3,8.2,0,kick,98.9,move_right
94.0,91.0,1.46,3.25,4.71,1,special,98.4,idle
100.0,100.0,3.42,4.9,8.32,0,move_left,98.2,move_right
100.0,100.0,2.26,2.96,5.22,0,idle,99.0,move_right
94.0,79.0,0.7,8.7,9.4,2,move_left,93.9,idle
52.0,52.0,1.55,8.45,10.0,3,kick,94.3,idle
100.0,100.0,5.0,4.01,9.01,0,punch,98.1,move_right
100.0,100.0,1.85,5.11,6.96,0,jump,97.8,move_right
79.0,52.0,0.99,6.6,7.59,1,move_right,95.2,idle
73.0,82.0,0.42,6.77,7.19,1,idle,95.4,idle
4.0,82.0,0.74,9.26,10.0,0,punch,92.0,block
100.0,100.0,3.95,5.75,9.7,0,idle,98.0,move_right
1.0,64.0,0.0,9.7,9.7,0,idle,90.6,move_right
100.0,100.0,4.97,3.73,8.7,0,move_right,98.9,move_right
73.0,82.0,0.24,6.9,7.14,1,punch,94.4,block
100.0,100.0,2.84,5.57,8.41,0,kick,98.1,move_right
100.0,82.0,0.91,6.79,7.7,5,special,97.4,block
1.0,7.0,0.79,8.61,9.4,0,punch,88.8,block
100.0,100.0,2.87,2.76,5.63,0,idle,97.3,jump
4.0,52.0,0.1,9.7,9.6,0,punch,89.1,block
100.0,100.0,3.41,4.79,8.2,0,punch,97.7,move_right
82.0,100.0,1.33,5.47,6.79,2,block,98.2,idle
52.0,55.0,1.7,6.91,8.61,1,idle,89.4,idle
28.0,28.0,0.71,4.05,4.76,0,move_left,90.1,block
88.0,100.0,1.1,6.2,7.3,0,move_left,96.1,move_right
22.0,85.0,0.03,5.75,5.78,0,kick,92.8,jump
4.0,82.0,0.22,9.12,9.35,0,move_right,91.1,move_right
100.0,100.0,5.2,2.99,8.19,0,punch,97.9,jump
85.0,82.0,1.39,7.71,9.1,3,kick,94.3,idle
94.0,94.0,1.65,6.01,7.66,0,idle,97.7,move_right
34.0,22.0,1.67,7.32,9.0,0,jump,91.0,move_right
1.0,73.0,0.26,4.15,3.88,0,punch,92.3,block
100.0,100.0,2.11,5.83,7.93,0,block,98.3,move_right
52.0,46.0,0.02,7.09,7.07,3,punch,93.3,block
7.0,31.0,0.66,7.0,7.66,2,kick,86.6,block
19.0,73.0,0.42,5.32,5.74,0,kick,94.5,block
37.0,28.0,0.71,4.05,4.76,3,idle,90.8,idle
13.0,67.0,0.46,8.5,8.96,0,move_right,92.2,move_right
67.0,70.0,1.27,8.23,9.51,0,move_left,95.5,kick
1.0,73.0,0.3,10.0,9.7,3,move_left,92.1,idle
55.0,70.0,1.6,6.92,8.51,3,punch,95.3,idle
73.0,88.0,0.45,4.17,4.62,3,idle,96.7,idle
64.0,37.0,0.32,5.99,6.3,0,idle,90.7,punch
34.0,73.0,0.91,6.54,7.45,0,kick,94.0,block
19.0,58.0,0.57,9.13,9.7,0,move_right,93.0,move_right
100.0,100.0,5.19,2.78,7.97,0,punch,97.8,jump
100.0,100.0,1.84,7.68,9.52,0,special,97.0,move_right
46.0,94.0,1.62,4.74,6.36,0,move_right,96.3,move_right
70.0,79.0,0.26,4.27,4.53,1,kick,94.9,block
10.0,37.0,0.38,4.2,4.58,1,punch,92.3,block
55.0,61.0,0.2,8.6,8.8,2,kick,92.7,block
79.0,85.0,2.0,8.0,10.0,0,move_right,94.2,move_right
76.0,79.0,1.45,4.97,6.42,2,punch,92.6,idle
100.0,100.0,3.76,3.72,7.48,0,kick,98.4,move_right
100.0,100.0,4.45,3.1,7.55,0,jump,98.2,move_right
100.0,100.0,3.31,5.47,8.78,0,move_right,96.3,move_right
16.0,70.0,0.18,5.69,5.52,0,kick,92.3,block
91.0,94.0,1.42,6.32,7.74,0,block,95.9,punch
55.0,28.0,1.33,7.73,9.06,2,jump,91.9,idle
25.0,82.0,0.2,7.1,7.29,0,move_right,95.4,move_right
70.0,61.0,1.72,6.54,8.26,0,move_right,93.0,move_right
52.0,100.0,1.45,5.23,6.68,1,move_left,94.9,idle
61.0,37.0,1.72,4.91,6.64,0,move_right,93.8,jump
79.0,70.0,1.43,4.9,6.34,3,special,96.8,idle
100.0,100.0,4.52,3.54,8.06,3,punch,96.9,idle
76.0,82.0,1.53,8.47,10.0,2,move_right,93.0,idle
46.0,88.0,0.12,5.69,5.82,2,move_left,94.2,idle
52.0,43.0,0.5,6.91,7.41,3,punch,94.4,block
43.0,34.0,1.29,6.48,7.76,4,block,91.3,idle
13.0,64.0,1.27,7.47,8.74,0,punch,93.6,block
100.0,100.0,4.35,3.51,7.85,0,jump,98.3,move_right
100.0,100.0,1.99,5.24,7.24,0,move_left,98.3,move_right
46.0,73.0,0.12,8.19,8.31,0,move_left,90.1,block
7.0,58.0,0.26,8.87,9.13,6,idle,88.4,idle
79.0,82.0,0.91,7.52,8.43,0,kick,96.0,block
40.0,55.0,1.26,5.91,7.17,2,idle,94.3,idle
58.0,73.0,1.39,7.66,9.04,0,punch,95.1,block
73.0,67.0,0.85,7.35,8.2,2,punch,95.4,block
40.0,64.0,1.02,4.91,5.94,0,kick,92.4,block
67.0,88.0,0.33,6.27,6.6,0,move_left,92.7,kick
100.0,100.0,2.11,4.15,6.26,0,kick,96.6,jump
91.0,85.0,0.54,5.81,6.36,3,move_right,94.8,idle
100.0,100.0,3.98,5.01,8.99,0,move_left,98.3,jump
100.0,100.0,4.52,3.54,8.06,4,jump,97.0,idle
40.0,55.0,1.04,7.13,6.1,2,move_left,89.9,idle
16.0,73.0,0.12,3.94,3.82,3,special,95.0,block
100.0,100.0,2.62,4.82,7.44,0,jump,96.5,move_right
100.0,100.0,5.45,4.55,10.0,0,special,98.5,move_right
94.0,52.0,0.98,7.05,8.03,6,move_left,94.8,idle
100.0,100.0,4.84,3.69,8.53,0,kick,97.5,punch
49.0,79.0,1.97,5.44,7.41,0,move_right,93.3,move_right
79.0,79.0,1.3,8.7,10.0,3,kick,93.4,idle
13.0,61.0,0.06,6.38,6.32,0,punch,90.3,block
91.0,91.0,2.07,6.0,8.07,0,idle,97.3,move_right
100.0,94.0,1.3,8.7,10.0,1,punch,95.0,idle
100.0,100.0,8.0,1.48,9.48,0,idle,99.0,move_right
70.0,61.0,1.62,7.22,8.84,0,move_right,94.4,jump
73.0,94.0,0.79,4.52,5.31,1,jump,97.1,idle
100.0,100.0,4.42,3.92,8.34,0,block,98.1,move_right
100.0,82.0,1.66,7.74,9.4,6,special,93.5,idle
43.0,43.0,1.33,6.8,8.13,2,idle,94.0,idle
13.0,10.0,1.23,7.5,8.72,0,jump,89.3,special
100.0,100.0,3.86,1.27,5.13,1,kick,98.7,idle
13.0,31.0,0.19,6.44,6.64,1,move_right,90.7,idle
85.0,67.0,0.99,6.3,7.29,1,move_left,96.0,idle
55.0,82.0,0.74,8.66,9.4,1,move_right,92.2,idle
100.0,100.0,2.22,6.99,9.21,0,kick,95.7,move_right
58.0,73.0,1.02,6.3,7.32,0,block,95.5,kick
67.0,73.0,1.03,6.5,7.53,0,jump,95.7,punch
58.0,25.0,1.55,8.45,10.0,3,kick,92.3,idle
82.0,49.0,0.46,4.42,4.87,1,move_left,95.4,idle
82.0,76.0,0.13,6.07,6.19,3,move_left,95.6,idle
49.0,61.0,1.33,6.5,7.83,3,punch,95.2,idle
16.0,4.0,1.28,8.42,9.7,0,idle,88.9,special
100.0,100.0,7.76,2.24,10.0,0,punch,98.0,move_right
55.0,70.0,0.92,7.73,8.65,0,kick,93.6,block
34.0,49.0,0.74,7.13,6.4,1,idle,89.4,idle
31.0,67.0,1.38,7.24,8.62,1,move_left,93.0,idle
100.0,100.0,2.01,7.57,9.57,0,kick,95.5,move_right
94.0,70.0,0.47,5.01,5.48,6,move_right,96.4,idle
70.0,73.0,1.19,4.29,5.48,6,jump,95.7,idle
61.0,94.0,0.32,7.78,8.1,2,idle,94.0,idle
100.0,100.0,3.56,1.57,5.13,0,kick,98.5,move_right
100.0,100.0,5.54,2.71,8.24,0,special,97.4,move_right
100.0,85.0,0.56,8.54,9.1,0,move_left,95.2,punch
88.0,79.0,1.75,4.67,6.42,0,idle,93.7,jump
1.0,73.0,0.53,4.32,3.79,0,move_left,92.1,move_left
13.0,4.0,0.48,5.21,4.74,0,move_left,89.1,special
79.0,100.0,0.72,7.48,8.2,0,punch,94.6,block
40.0,46.0,0.84,5.81,4.96,0,move_left,91.6,special
34.0,31.0,0.3,6.91,7.2,0,punch,89.3,block
34.0,76.0,1.53,8.47,10.0,3,punch,89.9,idle
100.0,100.0,1.35,7.64,8.99,2,jump,96.3,idle
31.0,67.0,0.68,5.48,6.16,2,kick,94.4,block
67.0,73.0,1.16,8.24,9.4,1,block,92.2,idle
100.0,100.0,1.56,6.92,8.48,0,kick,95.4,kick
88.0,88.0,0.72,6.6,7.32,2,move_left,96.8,move_left
64.0,43.0,0.43,5.98,6.41,5,punch,93.8,block
100.0,100.0,8.34,0.12,8.45,0,idle,99.0,move_right
13.0,58.0,0.04,8.87,8.83,0,punch,90.4,block
100.0,100.0,2.0,3.61,5.61,6,move_right,98.1,idle
100.0,100.0,1.21,5.55,6.76,1,move_left,95.7,idle
85.0,67.0,1.68,8.32,10.0,4,move_right,94.5,idle
100.0,100.0,3.03,4.17,7.2,0,kick,97.9,move_right
61.0,37.0,0.82,4.91,5.74,1,jump,94.6,idle
85.0,91.0,1.18,5.81,7.0,0,move_left,96.1,punch
100.0,100.0,3.28,4.59,7.87,0,move_left,97.8,punch
70.0,91.0,1.02,5.78,6.8,0,punch,97.3,jump
64.0,94.0,1.62,4.44,6.06,0,move_right,96.8,jump
100.0,100.0,6.22,2.22,8.45,0,punch,98.4,move_right
1.0,25.0,0.74,5.53,6.27,0,kick,92.1,block
76.0,67.0,1.52,8.48,10.0,2,punch,92.4,idle
67.0,91.0,0.75,5.97,6.72,1,punch,93.9,block
100.0,100.0,3.33,4.32,7.65,0,block,97.5,move_right
13.0,22.0,0.24,7.31,7.54,2,move_left,91.2,idle
100.0,100.0,6.93,0.9,7.82,0,kick,98.8,move_right
13.0,55.0,0.77,4.41,5.18,0,move_right,92.3,move_right
100.0,100.0,3.84,4.32,8.15,0,move_left,97.2,move_right
91.0,94.0,1.61,5.06,6.68,0,block,96.2,jump
70.0,70.0,0.28,6.32,6.59,1,kick,95.0,punch
22.0,73.0,0.16,7.81,7.64,0,move_left,90.3,move_left
25.0,52.0,0.17,9.43,9.6,0,punch,90.5,block
22.0,52.0,0.01,7.16,7.15,0,special,90.8,block
100.0,100.0,2.48,4.58,7.06,0,punch,98.6,jump
46.0,64.0,0.24,5.62,5.38,0,kick,93.2,block
100.0,100.0,6.2,3.8,10.0,0,punch,98.5,jump
34.0,73.0,1.09,7.66,8.74,0,idle,94.2,punch
100.0,100.0,1.43,7.06,8.49,3,idle,97.6,idle
37.0,88.0,0.79,4.22,5.01,3,idle,95.8,idle
37.0,34.0,0.99,6.48,7.46,2,punch,90.7,block
79.0,49.0,0.88,8.5,9.37,3,special,94.7,block
43.0,49.0,0.65,6.01,6.66,0,move_right,94.3,punch
25.0,25.0,1.34,5.93,4.6,0,punch,87.1,block
73.0,25.0,0.01,5.55,5.56,0,idle,90.6,kick
10.0,64.0,0.09,6.98,7.07,3,block,93.1,idle
22.0,55.0,0.59,4.77,5.36,0,punch,93.9,jump
76.0,76.0,1.05,8.65,9.7,2,move_left,93.6,idle
100.0,100.0,1.52,7.58,9.1,0,move_left,97.0,punch
4.0,7.0,1.19,5.19,6.38,0,punch,91.8,block
100.0,100.0,6.17,3.32,9.49,0,idle,98.7,jump
64.0,79.0,1.46,5.93,7.39,3,idle,94.9,idle
43.0,76.0,0.88,8.18,7.3,0,jump,92.8,kick
94.0,100.0,1.23,7.57,8.8,0,punch,95.3,block
100.0,100.0,3.45,5.24,8.69,0,move_right,97.5,move_right
100.0,100.0,5.11,3.07,8.18,0,idle,98.5,move_right
100.0,94.0,1.14,6.9,8.04,2,move_left,96.3,idle
100.0,94.0,1.34,8.66,10.0,2,jump,94.3,idle
43.0,79.0,1.84,2.95,4.78,0,move_left,95.3,move_right
13.0,52.0,0.08,6.67,6.75,0,kick,91.8,block
100.0,100.0,6.08,3.92,10.0,0,special,98.1,move_right
28.0,31.0,0.66,5.91,6.57,3,kick,92.4,block
100.0,100.0,2.0,5.9,7.89,0,punch,98.5,move_right
19.0,55.0,0.56,6.23,6.79,0,move_right,92.9,move_right
100.0,100.0,5.9,1.95,7.85,0,move_left,98.7,move_right
49.0,49.0,1.81,8.19,10.0,0,punch,91.2,move_right
52.0,37.0,0.73,5.77,6.49,3,idle,92.9,move_left
10.0,73.0,0.61,7.14,7.75,0,punch,92.9,block
100.0,100.0,3.29,6.41,9.7,0,idle,96.2,move_right
82.0,100.0,1.36,5.05,6.41,0,special,96.0,block
58.0,100.0,1.32,7.0,8.32,0,punch,94.8,block
40.0,73.0,0.14,7.51,7.64,3,idle,91.9,idle
100.0,100.0,2.04,5.1,7.14,0,kick,98.3,move_right
55.0,67.0,1.62,5.8,7.42,0,move_right,93.2,move_right
43.0,40.0,1.19,4.29,5.48,5,punch,94.2,block
100.0,100.0,2.03,6.46,8.49,0,idle,97.9,move_right
100.0,100.0,7.53,0.6,8.12,0,idle,99.0,move_right
28.0,10.0,0.52,7.44,7.96,3,kick,89.3,block
100.0,100.0,1.54,3.55,5.08,5,punch,98.5,idle
37.0,34.0,1.01,4.05,5.06,3,punch,91.4,block
100.0,91.0,1.28,5.11,6.39,2,move_left,97.3,idle
22.0,52.0,0.91,9.09,10.0,6,idle,89.5,idle
94.0,82.0,1.28,7.71,8.99,2,move_left,95.8,idle
100.0,82.0,0.77,7.02,7.8,5,idle,96.6,idle
85.0,100.0,1.7,3.91,5.61,2,move_right,96.3,idle
100.0,100.0,1.57,3.61,5.18,0,idle,98.5,punch
91.0,91.0,1.13,7.36,8.49,3,idle,96.3,idle
61.0,76.0,0.25,6.01,6.26,0,punch,95.6,block
43.0,31.0,1.55,4.53,6.08,1,idle,93.4,idle
100.0,100.0,3.96,2.92,6.88,0,idle,98.3,move_right
100.0,100.0,7.0,0.89,7.89,0,punch,98.9,move_left
88.0,82.0,0.91,7.52,8.43,4,move_left,96.4,idle
88.0,85.0,1.45,4.37,5.82,3,idle,95.1,idle
73.0,79.0,0.5,8.6,9.1,3,move_right,93.4,idle
100.0,100.0,1.38,7.24,8.62,0,idle,96.7,kick
46.0,28.0,1.63,8.03,9.66,0,move_right,90.9,move_right
82.0,91.0,1.34,7.06,8.4,1,kick,97.4,kick
100.0,100.0,1.86,6.22,8.08,5,kick,97.1,idle
40.0,79.0,0.76,5.47,6.23,2,move_left,95.4,idle
67.0,76.0,0.45,7.64,8.09,0,punch,93.5,jump
76.0,91.0,1.39,5.82,7.21,3,special,96.8,idle
25.0,22.0,0.6,6.91,7.5,0,move_left,88.2,punch
88.0,100.0,1.49,7.76,9.25,1,special,95.7,idle
76.0,91.0,1.39,5.82,7.21,0,punch,97.1,block
79.0,55.0,0.59,5.55,4.96,0,jump,92.5,punch
40.0,85.0,0.93,5.15,6.08,1,kick,94.5,block
37.0,34.0,0.76,3.56,4.32,0,punch,93.5,block
52.0,61.0,0.86,5.93,6.79,3,idle,93.7,idle
91.0,76.0,1.86,7.52,9.38,0,move_right,93.6,jump
10.0,19.0,0.61,7.15,7.76,5,kick,86.1,block
79.0,94.0,1.63,5.35,6.98,0,move_right,96.7,move_right
85.0,100.0,1.36,7.3,8.66,0,idle,95.5,punch
22.0,43.0,1.02,6.7,7.72,0,kick,89.9,jump
100.0,91.0,1.22,7.73,8.95,2,idle,97.0,idle
67.0,70.0,1.12,7.22,8.34,1,move_left,92.6,idle
61.0,73.0,1.86,6.36,8.22,4,jump,93.2,idle
82.0,100.0,1.62,3.84,5.46,1,kick,98.1,idle
10.0,19.0,0.47,5.68,5.21,1,punch,91.3,block
73.0,67.0,0.76,3.86,4.62,5,block,97.3,idle
34.0,73.0,0.42,3.94,3.52,0,punch,95.2,block
28.0,22.0,0.75,3.87,4.62,2,idle,93.6,idle
46.0,46.0,1.33,7.07,8.41,4,punch,92.2,idle
100.0,100.0,1.93,7.64,9.57,0,punch,96.8,move_right
73.0,55.0,1.16,8.54,9.7,6,jump,94.8,idle
94.0,100.0,1.25,7.25,8.5,3,punch,96.9,idle
67.0,73.0,0.42,6.14,6.56,0,punch,96.3,block
4.0,22.0,0.38,5.48,5.86,0,jump,92.0,kick
58.0,73.0,1.2,5.44,6.64,0,move_left,94.6,kick
100.0,100.0,2.94,5.21,8.14,0,move_right,98.5,move_right
49.0,67.0,0.62,3.68,3.06,0,move_left,93.0,block
25.0,55.0,0.62,3.68,3.06,0,move_right,91.4,move_left
7.0,58.0,0.03,7.29,7.27,2,punch,90.6,block
43.0,70.0,1.35,7.51,8.86,0,kick,93.5,block
100.0,94.0,1.34,8.66,10.0,0,move_right,94.5,kick
52.0,70.0,0.87,7.18,8.05,0,block,92.8,kick
100.0,91.0,1.58,5.11,6.69,1,move_right,97.2,idle
85.0,85.0,1.15,7.35,8.5,2,move_left,96.5,idle
100.0,100.0,6.75,2.78,9.53,0,move_left,98.9,move_right
100.0,100.0,6.08,1.87,7.95,0,move_left,98.8,move_right
67.0,22.0,0.66,7.82,8.48,2,move_left,89.5,idle
16.0,58.0,0.22,7.51,7.29,0,punch,90.8,block
34.0,43.0,0.52,7.43,7.96,3,kick,91.8,block
37.0,70.0,1.3,6.04,7.33,1,punch,92.1,idle
100.0,100.0,2.22,3.24,5.46,0,move_left,98.9,jump
52.0,58.0,1.34,8.66,10.0,2,punch,90.0,idle
76.0,82.0,1.44,3.4,4.84,2,move_right,96.9,idle
94.0,100.0,1.87,6.95,8.82,0,kick,95.9,move_right
100.0,85.0,0.31,8.81,8.5,0,jump,93.9,special
100.0,100.0,2.43,4.2,6.62,0,punch,97.2,move_right
100.0,100.0,0.83,5.49,6.32,3,move_left,96.6,idle
16.0,73.0,0.11,8.56,8.44,0,punch,92.7,block
16.0,61.0,0.16,8.48,8.63,0,kick,89.9,block
70.0,55.0,1.1,6.61,7.71,3,block,95.2,idle
76.0,88.0,1.53,7.87,9.4,3,kick,93.9,idle
16.0,61.0,0.33,6.6,6.27,0,move_left,93.3,move_left
100.0,100.0,7.43,0.13,7.56,0,move_right,98.7,jump
28.0,73.0,0.19,8.56,8.74,0,idle,93.1,move_right
40.0,46.0,1.13,5.49,6.62,3,kick,92.5,block
82.0,94.0,1.33,5.77,7.09,0,kick,97.5,block
100.0,82.0,1.39,4.02,5.41,6,idle,98.8,move_right
61.0,61.0,1.36,8.21,9.57,0,punch,90.0,move_right
10.0,82.0,1.04,8.36,9.4,0,punch,92.5,block
10.0,25.0,0.95,8.45,9.4,4,punch,92.2,block
22.0,70.0,0.91,9.09,10.0,0,punch,89.7,block
64.0,82.0,1.58,6.28,7.87,1,block,95.1,idle
100.0,94.0,1.52,7.58,9.1,1,punch,96.7,idle
79.0,76.0,1.36,7.58,8.93,2,kick,95.6,idle
100.0,82.0,1.62,4.6,6.22,5,kick,97.6,idle
52.0,49.0,1.09,5.82,6.91,1,punch,93.6,block
100.0,100.0,4.26,4.12,8.38,1,move_left,98.3,idle
100.0,100.0,6.5,1.65,8.15,0,jump,98.8,move_right
100.0,100.0,2.11,4.79,6.9,0,move_right,97.1,kick
85.0,88.0,0.93,6.27,7.2,3,move_left,93.4,idle
55.0,76.0,1.59,4.08,5.66,0,punch,97.3,punch
79.0,55.0,1.48,8.52,10.0,1,punch,92.0,idle
4.0,61.0,0.94,3.55,2.61,1,punch,93.1,block
64.0,85.0,0.98,3.67,4.65,2,move_left,96.7,idle
85.0,100.0,1.48,6.19,7.67,0,kick,97.2,block
82.0,76.0,1.22,7.73,8.95,0,idle,95.0,punch
40.0,64.0,0.74,7.13,6.4,0,move_right,90.3,block
100.0,100.0,1.8,6.62,8.42,0,move_left,96.5,move_right
16.0,43.0,1.25,8.45,9.7,1,block,92.7,idle
100.0,100.0,2.78,2.7,5.48,0,kick,98.2,move_right
22.0,28.0,0.13,5.68,5.81,0,kick,91.8,jump
46.0,73.0,1.64,7.66,9.3,3,special,94.2,idle
82.0,58.0,0.46,4.42,4.87,0,kick,95.8,block
52.0,100.0,1.45,5.23,6.68,2,move_left,94.6,idle
88.0,94.0,2.35,3.47,5.82,0,punch,95.8,jump
46.0,37.0,1.28,6.59,7.87,2,move_left,91.3,idle
64.0,94.0,1.32,4.44,5.76,1,punch,96.9,idle
100.0,100.0,6.92,2.08,9.0,3,punch,98.9,idle
55.0,73.0,0.27,6.27,6.0,3,move_left,91.9,idle
100.0,100.0,2.34,5.21,7.56,3,punch,97.2,idle
85.0,76.0,1.51,6.55,8.06,4,move_right,91.5,idle
16.0,70.0,0.29,7.74,7.45,0,jump,92.1,move_left
64.0,52.0,1.55,4.53,6.08,3,kick,94.8,idle
7.0,55.0,0.27,5.98,6.25,0,idle,90.0,move_right
19.0,40.0,0.38,5.48,5.86,2,punch,93.0,block
4.0,67.0,0.14,8.64,8.5,0,move_left,91.5,move_left
37.0,40.0,1.6,7.22,8.81,5,special,92.7,idle
94.0,82.0,0.98,7.71,8.69,1,move_left,95.7,idle
94.0,79.0,1.0,8.7,9.7,3,punch,94.0,block
46.0,85.0,1.23,5.15,6.38,3,kick,95.9,idle
100.0,100.0,1.9,6.4,8.3,0,move_right,97.4,move_right
70.0,79.0,1.33,6.77,8.11,1,move_right,94.8,idle
25.0,73.0,0.9,9.1,10.0,0,idle,93.0,move_right
94.0,85.0,1.75,7.35,9.1,1,kick,96.8,idle
85.0,76.0,0.58,6.32,6.89,0,move_right,95.7,punch
34.0,64.0,1.18,7.69,8.87,1,kick,92.3,block
10.0,82.0,0.35,6.65,7.0,0,idle,94.0,move_right
82.0,76.0,0.43,6.07,6.49,0,move_right,95.7,punch
25.0,61.0,1.06,6.42,7.48,1,jump,92.1,idle
43.0,61.0,1.33,6.5,7.83,0,move_right,94.9,kick
100.0,88.0,2.14,3.53,5.67,0,punch,98.2,move_right
82.0,82.0,1.1,6.2,7.29,2,idle,97.9,idle
7.0,61.0,0.26,4.57,4.83,0,punch,93.5,block
100.0,100.0,4.95,3.98,8.93,0,special,98.3,idle
13.0,55.0,0.77,4.71,5.48,0,move_right,92.2,move_right
49.0,76.0,0.93,8.47,9.4,2,move_left,91.0,idle
70.0,82.0,1.07,7.63,8.7,4,move_right,95.5,idle
73.0,40.0,1.18,8.5,9.67,2,move_right,93.9,idle
22.0,13.0,0.64,4.43,5.07,2,idle,91.4,idle
100.0,100.0,4.13,4.96,9.09,0,jump,98.7,move_right
13.0,37.0,0.44,8.66,9.1,0,idle,87.9,kick
58.0,79.0,1.87,7.83,9.7,1,idle,94.6,idle
76.0,79.0,1.46,7.37,8.83,1,punch,95.2,move_left
100.0,100.0,2.85,7.15,10.0,0,move_right,96.2,move_right
100.0,100.0,5.68,2.49,8.17,0,kick,98.7,jump
94.0,70.0,0.67,8.13,8.8,2,idle,94.1,idle
91.0,85.0,1.61,5.36,6.98,1,jump,95.7,idle
79.0,67.0,0.79,7.71,8.5,3,idle,93.5,idle
100.0,100.0,2.98,5.12,8.09,0,move_left,98.4,jump
100.0,100.0,2.86,2.38,5.24,0,move_right,98.4,move_right
55.0,73.0,0.89,4.29,5.18,3,move_left,95.4,idle
49.0,46.0,1.69,6.44,8.14,2,special,93.2,idle
58.0,31.0,0.92,5.99,6.9,3,block,89.9,idle
100.0,100.0,5.23,3.2,8.43,0,punch,98.3,move_right
91.0,85.0,1.51,6.54,8.05,1,punch,95.6,idle
100.0,100.0,2.65,2.83,5.48,0,jump,98.4,jump
1.0,67.0,0.6,10.0,9.4,2,move_left,89.6,idle
100.0,100.0,9.48,0.44,9.92,0,jump,98.9,move_right
55.0,28.0,1.53,6.6,8.12,2,move_right,91.9,idle
4.0,52.0,0.17,5.4,5.23,0,move_left,92.4,move_left
82.0,91.0,1.64,7.06,8.7,1,kick,97.1,idle
52.0,37.0,1.03,5.77,6.79,3,move_right,93.4,kick
91.0,91.0,2.16,6.92,9.08,0,special,94.9,move_right
70.0,85.0,1.78,8.2,9.98,0,move_right,94.3,move_right
4.0,67.0,0.16,8.34,8.5,0,special,91.0,block
100.0,100.0,6.0,0.61,6.6,0,punch,98.7,jump
100.0,88.0,1.56,5.46,7.02,0,move_right,95.4,kick
13.0,61.0,0.06,6.38,6.32,0,idle,90.6,move_left
79.0,94.0,1.63,5.05,6.68,2,move_right,97.1,idle
100.0,100.0,3.91,4.03,7.93,0,idle,99.0,move_right
94.0,100.0,1.04,7.51,8.54,1,idle,94.9,idle
28.0,58.0,1.58,5.71,7.29,0,move_right,91.8,move_right
100.0,100.0,1.02,7.85,8.87,0,move_left,97.8,punch
91.0,94.0,1.27,4.02,5.29,0,move_left,96.9,punch
76.0,85.0,1.51,7.93,9.43,0,punch,95.5,kick
31.0,58.0,1.34,5.19,6.52,2,punch,93.9,idle
13.0,64.0,0.67,6.61,7.28,0,block,92.5,move_right
100.0,100.0,4.15,3.4,7.55,0,punch,98.1,jump
67.0,76.0,1.26,6.82,8.08,5,move_left,93.8,idle
34.0,13.0,1.37,7.62,9.0,3,punch,90.4,idle
13.0,58.0,0.26,8.57,8.83,0,special,90.2,block
64.0,100.0,1.58,4.71,6.29,0,special,96.2,punch
100.0,100.0,4.31,2.06,6.38,0,punch,98.6,move_right
100.0,100.0,5.52,2.9,8.42,0,punch,98.6,move_right
31.0,55.0,0.8,4.62,5.42,1,punch,93.8,block
100.0,100.0,2.35,5.11,7.46,0,jump,98.3,move_right
49.0,94.0,1.52,7.14,8.66,0,idle,92.4,special
40.0,85.0,0.93,5.15,6.08,2,move_left,94.6,idle
34.0,46.0,0.08,7.22,7.14,1,move_left,90.0,idle
43.0,64.0,1.4,4.62,6.02,3,jump,95.2,idle
13.0,64.0,0.26,7.57,7.84,0,block,91.4,move_right
100.0,100.0,3.63,3.72,7.35,0,move_right,98.2,kick
100.0,100.0,7.32,1.59,8.91,1,idle,98.1,idle
40.0,70.0,0.29,8.06,8.35,3,kick,92.3,move_right
82.0,85.0,0.43,6.07,6.49,0,jump,96.7,punch
34.0,40.0,1.32,6.9,8.22,0,idle,93.0,punch
22.0,67.0,0.26,4.56,4.82,0,kick,93.2,block
100.0,100.0,3.98,2.41,6.39,0,punch,98.9,move_right
58.0,34.0,0.88,8.5,9.37,2,idle,93.1,idle
55.0,28.0,1.83,6.9,8.72,0,idle,91.1,move_right
100.0,100.0,4.2,4.22,8.42,0,kick,97.6,move_right
100.0,100.0,3.92,2.09,6.0,0,move_left,98.9,move_right
37.0,16.0,1.18,8.5,9.67,3,punch,92.0,block
100.0,100.0,5.74,3.9,9.63,0,move_right,97.7,move_right
100.0,100.0,1.33,6.5,7.83,0,block,96.9,kick
100.0,100.0,2.05,6.7,8.75,3,move_left,95.6,idle
88.0,82.0,1.85,7.85,9.7,3,kick,95.9,idle
13.0,58.0,0.34,8.17,7.84,2,move_left,90.5,idle
31.0,43.0,1.33,6.8,8.13,1,jump,92.9,special
40.0,37.0,0.1,8.6,8.5,2,punch,90.8,block
64.0,82.0,1.21,5.39,6.6,0,jump,94.9,punch
13.0,43.0,1.02,6.7,7.72,0,jump,89.4,kick
100.0,100.0,1.76,7.94,9.7,0,move_right,95.8,jump
79.0,91.0,0.59,7.76,8.35,0,idle,94.7,punch
100.0,85.0,1.44,7.01,8.44,0,block,96.2,punch
4.0,64.0,0.1,8.74,8.83,0,punch,88.4,block
100.0,100.0,2.99,6.55,9.53,0,kick,96.5,move_right
61.0,82.0,1.31,7.49,8.8,0,idle,95.1,punch
100.0,100.0,3.12,4.79,7.92,0,move_left,97.6,move_right
76.0,88.0,0.83,7.07,7.9,0,jump,95.1,kick
82.0,94.0,1.63,5.47,7.09,1,special,97.7,idle
82.0,94.0,0.16,7.13,7.3,0,special,94.2,jump
100.0,100.0,4.46,5.24,9.7,0,punch,96.9,move_right
61.0,94.0,1.36,4.87,6.23,3,kick,97.8,idle
67.0,79.0,0.83,7.07,7.9,2,move_right,94.5,idle
10.0,10.0,1.15,8.25,9.4,1,block,87.9,idle
85.0,100.0,0.72,5.69,6.42,1,idle,96.2,idle
100.0,100.0,4.03,5.92,9.94,3,move_right,96.8,idle
100.0,100.0,3.16,5.22,8.38,0,move_right,97.7,move_right
31.0,46.0,1.28,7.41,8.69,0,punch,91.5,block
79.0,79.0,1.29,6.41,7.7,1,kick,95.2,idle
58.0,85.0,0.68,5.18,5.86,3,jump,96.7,idle
28.0,88.0,0.68,5.01,5.69,1,move_left,94.4,block
79.0,91.0,0.72,8.15,8.87,0,kick,97.0,jump
82.0,100.0,2.22,6.4,8.62,1,punch,96.0,idle
22.0,55.0,0.31,5.07,4.76,0,move_left,93.5,move_left
85.0,67.0,1.29,6.3,7.59,2,move_left,96.1,idle
100.0,100.0,1.86,4.72,6.58,0,move_right,97.0,move_right
13.0,94.0,0.14,5.05,4.91,0,move_left,94.1,move_left
79.0,46.0,0.22,5.12,4.9,6,move_left,96.5,idle
28.0,7.0,1.37,7.62,9.0,3,idle,89.9,idle
100.0,100.0,2.29,7.11,9.4,0,move_right,96.1,move_right
100.0,100.0,2.67,4.44,7.11,0,move_left,98.0,jump
100.0,100.0,3.58,3.79,7.37,0,kick,98.8,move_right
100.0,94.0,0.46,7.13,7.6,2,move_left,94.4,idle
76.0,94.0,1.53,7.87,9.4,0,punch,94.0,punch
100.0,100.0,1.92,6.1,8.02,0,punch,97.8,move_right
16.0,70.0,0.18,5.69,5.52,0,punch,92.6,block
100.0,82.0,0.28,6.32,6.59,0,idle,97.2,punch
100.0,100.0,2.0,6.15,8.15,0,punch,96.9,move_right
82.0,82.0,1.12,6.32,7.44,1,jump,93.1,idle
61.0,73.0,0.97,3.72,4.69,3,punch,93.9,block
100.0,82.0,1.62,4.6,6.22,6,move_right,97.7,idle
94.0,73.0,1.33,4.5,5.83,2,punch,96.8,idle
67.0,67.0,1.5,7.4,8.9,3,punch,94.6,idle
100.0,100.0,2.59,6.76,9.34,0,move_right,96.9,jump
34.0,25.0,1.04,5.53,6.57,1,kick,93.4,block
100.0,100.0,3.96,4.22,8.18,0,move_right,97.6,move_right
10.0,13.0,0.77,5.68,4.91,3,kick,91.1,block
91.0,94.0,1.32,7.89,9.21,3,block,94.4,idle
58.0,46.0,0.98,7.05,8.03,3,punch,93.2,block
28.0,73.0,1.39,7.66,9.04,1,jump,93.9,idle
100.0,88.0,1.59,4.95,6.54,2,block,96.4,idle
19.0,52.0,0.68,6.07,6.75,0,move_right,92.4,move_right
70.0,79.0,0.44,7.13,6.7,1,move_left,93.2,idle
67.0,58.0,0.14,7.67,7.81,4,jump,95.1,idle
100.0,100.0,3.91,4.35,8.26,0,kick,97.6,special
49.0,61.0,1.7,7.31,9.01,0,move_right,94.0,move_right
100.0,100.0,3.71,2.66,6.38,1,idle,97.7,idle
67.0,82.0,0.97,4.02,4.99,3,idle,94.6,idle
100.0,94.0,1.09,6.28,7.37,0,kick,97.4,block
79.0,49.0,1.18,8.52,9.7,1,punch,91.6,block
10.0,46.0,0.3,5.24,4.94,3,kick,87.9,block
100.0,100.0,1.62,6.59,8.21,0,move_left,96.9,move_right
10.0,55.0,0.2,9.6,9.4,0,idle,90.0,move_left
70.0,85.0,0.78,7.24,8.02,0,move_left,95.3,kick
25.0,94.0,0.55,5.83,6.38,0,punch,93.4,block
70.0,61.0,0.43,5.98,6.41,6,idle,94.1,idle
73.0,55.0,1.58,4.2,5.78,2,kick,95.5,special
16.0,73.0,0.41,8.56,8.14,0,move_left,92.6,move_left
40.0,64.0,1.04,7.13,6.1,0,punch,90.5,block
100.0,100.0,1.32,5.49,6.81,2,punch,97.7,idle
100.0,100.0,2.99,6.85,9.83,0,move_right,96.4,jump
100.0,100.0,2.22,2.51,4.74,0,punch,98.6,move_right
100.0,100.0,5.79,2.5,8.29,0,move_left,98.6,move_right
1.0,31.0,1.0,7.22,8.21,4,kick,91.2,block
64.0,76.0,0.74,8.66,9.4,5,move_left,91.1,idle
4.0,64.0,0.2,9.34,9.13,0,jump,88.1,punch
64.0,67.0,1.55,8.15,9.7,1,move_left,95.7,idle
67.0,85.0,1.1,5.41,6.51,2,punch,93.8,block
49.0,58.0,1.09,6.14,7.24,3,kick,94.2,block
25.0,82.0,0.29,8.78,9.07,0,jump,95.7,move_right
58.0,76.0,1.33,5.65,6.98,0,jump,95.3,special
43.0,25.0,1.42,7.44,8.86,0,kick,90.0,block
100.0,100.0,3.0,6.02,9.02,0,block,96.8,move_right
100.0,100.0,2.87,5.83,8.7,0,move_right,98.1,move_right
13.0,37.0,0.44,8.66,9.1,3,jump,87.8,idle
100.0,100.0,1.88,4.1,5.98,0,punch,98.9,jump
88.0,82.0,1.29,6.81,8.1,2,kick,97.3,idle
55.0,88.0,1.36,4.87,6.23,5,idle,96.8,jump
40.0,52.0,0.61,8.36,7.75,5,move_left,92.0,idle
100.0,100.0,2.05,6.7,8.75,1,kick,95.4,idle
94.0,94.0,1.31,7.49,8.8,0,move_right,95.9,punch
34.0,22.0,0.13,4.56,4.43,0,move_left,91.9,kick
16.0,76.0,0.53,9.35,8.82,0,move_left,91.5,move_left
73.0,79.0,1.57,7.93,9.51,3,kick,96.5,idle
34.0,49.0,0.68,4.2,4.88,0,idle,93.0,punch
100.0,100.0,5.52,4.18,9.7,0,kick,96.9,move_right
58.0,82.0,0.48,3.94,4.42,0,move_left,97.3,kick
100.0,91.0,1.28,6.89,8.17,5,move_left,95.9,special
94.0,94.0,1.07,4.26,5.33,0,punch,95.7,block
31.0,64.0,0.8,4.62,5.42,0,move_left,94.1,kick
43.0,64.0,0.43,5.31,4.88,0,move_left,94.0,kick
61.0,76.0,1.39,4.62,6.01,0,punch,96.7,block
91.0,76.0,1.56,7.52,9.08,3,idle,94.1,idle
7.0,58.0,0.16,7.29,7.12,0,move_left,92.0,move_left
100.0,100.0,4.77,2.64,7.41,0,kick,98.6,move_right
55.0,82.0,1.53,8.47,10.0,1,move_right,92.1,idle
31.0,79.0,0.12,5.69,5.82,3,kick,93.3,block
67.0,61.0,1.42,7.22,8.64,1,move_right,92.2,idle
1.0,64.0,0.09,7.88,7.97,0,idle,91.3,move_right
46.0,73.0,2.24,7.66,9.9,0,move_right,93.9,move_right
73.0,58.0,0.55,7.35,7.9,3,idle,95.1,idle
100.0,100.0,5.72,1.44,7.16,0,kick,98.5,jump
25.0,52.0,1.28,5.17,6.45,0,move_right,92.8,move_right
100.0,100.0,3.86,6.14,10.0,0,jump,96.5,move_right
22.0,28.0,1.48,7.69,9.17,3,idle,90.2,idle
1.0,61.0,0.04,5.17,5.13,0,idle,93.0,move_left
100.0,100.0,2.23,4.67,6.91,0,jump,98.9,jump
13.0,31.0,1.5,7.1,8.6,2,kick,91.5,idle
61.0,85.0,1.23,5.15,6.38,0,block,96.4,kick
100.0,100.0,1.84,7.68,9.52,1,idle,97.1,idle
100.0,100.0,6.8,2.51,9.31,0,punch,98.6,move_right
61.0,67.0,1.06,6.42,7.48,0,jump,93.4,punch
64.0,88.0,1.24,3.25,4.48,2,move_right,97.0,idle
1.0,58.0,0.45,8.35,8.8,0,move_right,89.3,move_right
7.0,31.0,0.19,5.82,6.01,0,idle,90.6,punch
100.0,100.0,2.4,3.64,6.04,0,punch,97.8,jump
100.0,76.0,1.24,4.43,5.67,0,kick,96.3,jump
55.0,85.0,0.91,7.44,8.35,2,kick,94.7,block
31.0,34.0,1.51,7.99,9.5,3,punch,91.8,idle
100.0,100.0,2.79,5.21,8.0,0,jump,97.2,move_right
94.0,76.0,1.67,4.94,6.6,5,move_right,97.2,idle
46.0,79.0,1.47,5.57,7.04,2,punch,93.7,idle
22.0,37.0,1.48,7.69,9.17,1,kick,90.5,idle
100.0,100.0,6.2,3.11,9.31,0,punch,98.4,move_right
37.0,43.0,1.01,4.05,5.06,0,block,91.5,kick
76.0,76.0,0.45,8.65,9.1,0,move_left,93.4,punch
4.0,70.0,0.11,7.19,7.3,0,punch,92.1,block
70.0,100.0,1.28,6.27,7.54,4,move_left,94.8,idle
70.0,76.0,0.8,7.22,8.02,0,jump,96.1,punch
10.0,82.0,0.25,6.65,6.4,0,move_left,93.8,move_left
82.0,100.0,1.65,5.67,7.32,0,idle,94.9,move_right
58.0,88.0,1.02,7.0,8.02,3,move_left,94.1,idle
91.0,85.0,0.24,5.81,6.06,4,kick,94.9,block
100.0,79.0,1.58,7.05,8.63,3,idle,95.6,idle
100.0,100.0,2.56,3.58,6.14,1,idle,97.3,idle
100.0,91.0,1.32,6.7,8.02,0,idle,96.4,special
49.0,76.0,0.78,6.58,7.36,0,move_left,93.8,special
88.0,67.0,1.78,8.2,9.97,2,move_right,96.0,idle
4.0,61.0,0.26,3.85,4.11,0,special,94.3,block
100.0,100.0,3.58,4.89,8.47,2,idle,96.8,idle
16.0,73.0,0.12,3.94,3.82,2,idle,94.9,idle
73.0,61.0,1.72,4.61,6.34,0,idle,97.0,jump
100.0,100.0,2.79,5.1,7.89,0,idle,98.8,jump
82.0,100.0,1.32,3.84,5.16,0,idle,98.4,punch
88.0,91.0,0.5,8.9,9.4,0,punch,94.4,block
49.0,73.0,1.33,8.46,9.79,0,idle,94.7,punch
28.0,94.0,0.46,5.05,5.51,0,kick,94.6,jump
1.0,73.0,0.37,4.02,4.39,0,kick,92.5,block
100.0,100.0,5.95,1.0,6.95,0,idle,99.0,move_right
94.0,79.0,1.34,5.23,6.57,3,jump,95.6,idle
100.0,100.0,2.23,4.67,6.91,0,kick,98.8,jump
49.0,67.0,1.29,6.41,7.7,1,punch,93.6,idle
100.0,100.0,2.66,7.34,10.0,0,jump,96.4,move_right
100.0,100.0,4.46,5.54,10.0,0,move_right,96.8,move_right
100.0,100.0,7.24,2.4,9.63,0,move_left,98.6,jump
100.0,94.0,1.34,5.23,6.57,0,punch,97.6,block
37.0,55.0,1.51,6.85,8.36,0,move_right,88.4,jump
67.0,100.0,1.05,6.81,7.85,0,punch,95.4,block
34.0,70.0,0.76,6.97,7.73,0,jump,93.3,kick
43.0,58.0,0.3,6.91,7.2,0,move_left,91.1,punch
94.0,85.0,1.81,7.14,8.95,3,move_right,97.0,idle
73.0,67.0,1.42,4.61,6.04,2,kick,98.1,idle
10.0,46.0,0.3,5.24,4.94,0,punch,87.5,block
100.0,100.0,2.35,6.4,8.75,0,kick,95.9,move_right
100.0,100.0,3.69,2.31,6.0,0,special,97.8,move_right
100.0,100.0,2.25,5.61,7.85,0,kick,97.1,move_right
100.0,100.0,2.87,3.51,6.38,0,punch,98.2,move_right
43.0,46.0,0.38,7.05,7.43,1,move_left,92.6,idle
73.0,82.0,1.5,5.44,6.94,2,special,95.9,kick
94.0,79.0,1.72,6.54,8.26,0,idle,94.6,move_right
79.0,25.0,0.01,5.55,5.56,0,kick,90.9,block
91.0,76.0,2.41,5.05,7.46,1,punch,94.2,idle
100.0,91.0,1.58,6.45,8.03,3,move_right,96.6,idle
37.0,58.0,0.15,8.65,8.8,1,punch,91.0,block
79.0,85.0,0.39,6.7,7.09,0,idle,93.5,punch
49.0,82.0,0.8,4.62,5.42,0,jump,95.7,kick
76.0,100.0,0.56,6.07,6.64,2,special,96.9,block
10.0,52.0,0.2,9.7,9.9,0,punch,89.7,block
64.0,40.0,0.43,4.56,4.13,1,move_right,93.2,idle
100.0,100.0,4.32,3.29,7.61,0,punch,98.3,block
100.0,100.0,6.9,0.34,7.24,0,punch,98.9,move_right
82.0,100.0,1.05,5.67,6.72,3,special,95.7,block
100.0,100.0,1.59,6.3,7.89,0,block,98.1,punch
37.0,58.0,1.46,7.97,9.43,3,jump,92.2,idle
100.0,100.0,5.17,3.57,8.74,0,idle,99.0,move_right
55.0,70.0,1.0,7.6,8.6,0,special,92.9,block
100.0,100.0,2.26,6.41,8.67,0,kick,94.9,move_right
37.0,25.0,1.59,6.48,8.06,0,jump,89.6,move_left
43.0,58.0,0.68,5.71,6.39,0,jump,93.5,punch
100.0,100.0,4.65,3.21,7.85,0,punch,98.4,move_right
94.0,49.0,1.28,8.42,9.7,6,punch,93.4,idle
55.0,67.0,1.55,8.15,9.7,2,kick,95.4,idle
49.0,43.0,1.01,4.05,5.06,3,move_left,92.0,idle
37.0,67.0,0.44,8.66,9.1,2,move_left,91.5,idle
100.0,100.0,7.26,2.2,9.45,0,move_right,98.4,move_right
37.0,52.0,1.06,8.51,9.57,1,kick,87.5,block
55.0,58.0,1.19,4.29,5.48,3,idle,94.5,idle
58.0,67.0,1.15,5.17,6.32,0,move_right,95.2,punch
31.0,37.0,0.96,7.0,7.96,3,punch,87.2,block
94.0,100.0,1.57,7.17,8.74,0,punch,96.9,special
100.0,100.0,1.85,7.25,9.1,0,move_right,97.3,move_right
91.0,64.0,0.02,7.09,7.07,3,move_right,95.4,idle
7.0,70.0,0.11,8.87,8.77,0,move_left,93.4,move_left
70.0,76.0,0.8,7.22,8.02,3,idle,96.0,idle
100.0,100.0,2.26,4.42,6.67,0,move_left,96.8,move_right
100.0,100.0,1.6,4.84,6.43,0,idle,98.7,block
16.0,25.0,0.52,7.43,7.96,5,move_left,91.3,idle
100.0,100.0,4.23,2.82,7.05,0,move_left,98.6,move_right
37.0,43.0,1.81,7.39,9.2,1,punch,92.3,idle
73.0,73.0,1.22,4.67,5.89,2,block,93.7,idle
34.0,58.0,0.98,5.71,6.69,0,kick,92.7,jump
55.0,61.0,1.58,3.97,5.55,6,punch,94.4,idle
58.0,85.0,1.14,8.56,9.7,3,punch,93.9,block
25.0,49.0,0.18,8.32,8.5,2,move_right,91.2,idle
85.0,73.0,0.22,5.12,4.9,1,punch,97.1,block
34.0,55.0,0.7,8.7,9.4,2,move_left,91.4,idle
34.0,73.0,0.79,7.66,8.44,0,punch,94.6,block
100.0,91.0,1.06,7.44,8.5,3,move_right,94.7,idle
100.0,100.0,7.13,0.43,7.56,0,jump,98.5,move_right
82.0,82.0,1.69,6.47,8.17,0,move_right,96.9,move_right
43.0,40.0,0.99,5.55,6.54,0,kick,91.6,block
52.0,49.0,1.89,4.95,6.84,3,jump,92.6,idle
100.0,100.0,4.07,1.86,5.93,0,punch,98.2,punch
19.0,55.0,0.27,6.88,7.15,5,block,91.1,idle
46.0,28.0,1.33,8.03,9.36,2,kick,91.1,idle
10.0,31.0,1.3,7.22,8.51,3,move_left,92.0,idle
94.0,82.0,1.3,6.04,7.33,1,punch,94.8,idle
76.0,100.0,0.83,5.49,6.32,0,move_right,95.6,block
100.0,100.0,1.59,5.5,7.09,2,idle,96.4,idle
40.0,55.0,1.14,6.11,7.26,3,move_right,90.7,idle
40.0,61.0,1.4,7.31,8.71,0,kick,93.7,block
49.0,64.0,0.47,5.31,5.78,2,idle,94.6,idle
22.0,67.0,0.27,7.29,7.57,0,move_left,92.8,move_right
49.0,49.0,0.18,8.32,8.5,1,punch,92.5,block
22.0,55.0,0.0,4.94,4.94,0,idle,89.6,move_right
100.0,100.0,8.88,1.04,9.92,0,punch,98.7,move_right
52.0,73.0,1.87,8.13,10.0,2,move_right,94.2,idle
52.0,37.0,1.72,5.21,6.94,4,special,93.3,idle
34.0,73.0,1.21,5.39,6.6,0,punch,93.7,block
19.0,40.0,0.26,8.84,9.1,3,block,92.3,idle
64.0,82.0,0.91,5.39,6.3,3,move_left,94.8,idle
19.0,43.0,0.14,7.62,7.48,4,move_right,91.2,idle
40.0,64.0,0.23,6.43,6.66,4,punch,94.6,block
100.0,88.0,1.09,6.28,7.37,0,move_right,96.6,kick
34.0,58.0,1.31,8.06,9.38,3,kick,90.6,idle
10.0,52.0,0.17,8.84,8.67,1,special,92.0,block
34.0,37.0,0.83,5.2,6.04,5,move_left,92.5,idle
100.0,100.0,3.05,3.91,6.96,0,jump,98.2,move_right
58.0,7.0,0.98,8.72,9.7,0,move_left,91.3,special
100.0,100.0,1.72,6.72,8.45,0,punch,96.0,move_right
28.0,28.0,1.83,7.2,9.02,1,move_right,90.3,idle
100.0,82.0,0.91,6.79,7.7,6,jump,97.5,idle
82.0,100.0,1.35,7.64,8.99,0,move_left,95.8,special
67.0,64.0,1.2,6.91,8.1,0,idle,91.7,punch
100.0,100.0,3.94,5.19,9.13,0,move_right,96.5,move_right
7.0,37.0,0.74,8.66,9.4,1,move_right,87.6,idle
34.0,34.0,2.09,4.89,6.98,0,punch,93.0,move_right
43.0,52.0,1.33,6.8,8.13,0,kick,94.4,block
46.0,64.0,0.97,7.17,8.14,2,jump,94.7,idle
100.0,100.0,3.33,3.3,6.62,0,block,97.5,move_right
100.0,100.0,4.89,2.51,7.4,0,move_left,98.3,move_right
100.0,100.0,6.43,3.14,9.57,0,move_left,98.8,move_right
100.0,100.0,2.49,3.21,5.7,0,kick,97.5,move_right
100.0,100.0,1.32,6.89,8.21,0,punch,96.8,jump
7.0,73.0,0.18,5.62,5.44,0,move_left,93.9,move_left
100.0,91.0,1.55,5.71,7.26,0,punch,97.1,kick
16.0,64.0,0.28,8.33,8.05,0,punch,91.2,block
82.0,85.0,1.55,8.15,9.7,2,move_right,96.5,idle
100.0,100.0,2.36,2.16,4.52,0,idle,98.2,jump
79.0,100.0,1.4,5.11,6.51,0,punch,94.8,block
7.0,25.0,0.02,8.48,8.5,2,special,89.4,block
25.0,7.0,0.2,8.6,8.8,0,punch,88.4,jump
25.0,55.0,0.02,2.78,2.76,0,block,90.7,move_left
10.0,64.0,0.02,7.73,7.75,0,jump,90.5,move_right
64.0,85.0,1.58,3.67,5.25,2,move_right,96.3,idle
58.0,76.0,0.02,3.68,3.66,2,idle,94.2,idle
52.0,37.0,0.92,7.09,6.17,6,block,92.2,idle
100.0,100.0,2.75,3.65,6.4,0,move_left,97.7,move_right
13.0,58.0,1.34,6.39,7.72,0,special,92.9,jump
37.0,28.0,1.53,7.2,8.72,0,move_right,90.6,kick
55.0,43.0,1.13,7.66,8.79,3,move_right,93.2,idle
67.0,76.0,0.96,6.82,7.78,4,move_left,93.7,idle
88.0,79.0,1.75,4.37,6.12,3,move_right,94.2,idle
37.0,16.0,1.48,8.5,9.97,1,idle,91.8,idle
43.0,58.0,0.38,5.71,6.09,3,idle,94.0,idle
40.0,40.0,1.44,4.3,5.74,0,jump,92.9,punch
34.0,76.0,1.53,8.47,10.0,0,jump,89.6,special
73.0,70.0,1.29,6.81,8.1,1,punch,96.1,idle
7.0,25.0,0.02,8.48,8.5,1,block,89.3,idle
19.0,40.0,0.08,5.48,5.56,0,kick,92.8,block
100.0,100.0,2.56,4.42,6.97,0,punch,96.9,jump
4.0,82.0,0.2,7.1,7.29,0,jump,93.9,move_right
100.0,100.0,6.99,1.28,8.27,0,kick,98.7,jump
73.0,85.0,1.57,7.93,9.51,0,idle,96.6,punch
10.0,55.0,0.1,9.3,9.4,0,idle,89.8,move_right
100.0,100.0,2.8,4.79,7.59,0,move_left,96.4,jump
55.0,73.0,1.26,5.91,7.17,0,jump,95.3,jump
85.0,94.0,1.66,7.3,8.96,2,jump,95.3,idle
19.0,40.0,0.15,8.11,8.26,0,punch,90.3,block
58.0,58.0,0.14,7.67,7.81,0,punch,94.3,jump
73.0,82.0,1.17,5.94,7.11,0,kick,96.2,jump
43.0,34.0,0.76,3.56,4.32,0,punch,93.6,block
55.0,79.0,0.81,4.85,5.65,0,punch,93.7,block
52.0,61.0,1.4,6.91,8.31,3,special,90.0,idle
10.0,67.0,0.57,4.85,4.28,0,move_left,90.7,move_left
85.0,91.0,1.58,5.98,7.57,1,move_left,96.4,idle
25.0,55.0,0.21,8.81,8.6,0,jump,91.1,move_left
73.0,94.0,0.99,4.37,5.36,2,kick,96.7,block
40.0,46.0,0.52,7.22,7.74,2,kick,90.7,block
49.0,67.0,0.32,3.68,3.36,3,punch,93.3,block
88.0,73.0,0.79,6.14,6.94,4,move_left,96.1,punch
31.0,46.0,1.51,7.15,8.66,3,punch,88.1,idle
13.0,13.0,1.64,3.58,1.94,1,special,87.2,idle
100.0,100.0,5.72,2.21,7.93,0,idle,98.9,move_right
37.0,73.0,0.67,3.72,4.39,3,block,92.9,idle
64.0,61.0,1.0,8.7,9.7,5,move_left,92.9,idle
76.0,100.0,1.58,6.97,8.55,3,punch,94.5,idle
100.0,100.0,4.82,2.34,7.16,0,idle,98.0,move_right
70.0,76.0,1.36,7.58,8.93,3,idle,95.2,idle
73.0,37.0,0.82,4.91,5.74,1,move_left,95.5,idle
85.0,85.0,1.56,7.12,8.68,2,punch,95.0,idle
100.0,100.0,8.22,1.04,9.25,0,jump,98.6,move_right
28.0,73.0,0.09,4.71,4.8,0,jump,92.7,move_left
91.0,79.0,1.61,5.66,7.28,0,block,95.1,jump
19.0,67.0,0.16,8.5,8.66,0,punch,93.2,block
100.0,100.0,4.29,3.11,7.4,0,idle,98.1,move_right
58.0,43.0,0.43,5.98,6.41,1,move_right,93.4,idle
58.0,61.0,1.26,5.8,7.06,2,idle,91.5,idle
40.0,58.0,0.74,4.78,4.04,0,move_right,90.7,kick
40.0,46.0,0.52,7.22,7.74,0,punch,90.4,block
22.0,58.0,0.14,9.26,9.4,0,idle,88.9,move_right
70.0,79.0,0.14,7.13,7.0,0,move_right,93.1,kick
100.0,100.0,4.87,4.88,9.75,0,idle,98.0,move_right
25.0,70.0,0.39,4.37,4.76,2,move_left,94.6,idle
70.0,70.0,0.14,7.13,7.0,2,move_right,92.1,idle
100.0,100.0,3.99,4.28,8.27,0,kick,97.2,move_right
100.0,100.0,2.74,6.39,9.13,0,idle,96.1,move_right
100.0,100.0,1.29,8.34,9.63,1,idle,96.2,idle
94.0,91.0,1.43,7.03,8.46,0,jump,94.9,kick
100.0,100.0,2.52,4.29,6.81,0,block,98.9,move_right
52.0,64.0,1.33,7.07,8.41,1,move_right,93.4,kick
13.0,67.0,0.27,5.23,4.96,0,punch,93.0,jump
13.0,67.0,0.33,5.02,5.35,0,move_left,95.8,move_right
100.0,100.0,1.98,6.14,8.12,0,idle,96.4,move_right
100.0,91.0,1.62,5.8,7.42,0,block,97.1,jump
100.0,100.0,4.01,1.05,5.06,0,punch,98.9,move_right
25.0,70.0,0.19,8.57,8.77,0,special,94.2,block
100.0,100.0,4.28,3.29,7.57,0,punch,98.2,move_right
37.0,61.0,1.25,8.45,9.7,0,idle,94.1,punch
100.0,100.0,5.1,2.8,7.9,0,kick,98.3,move_right
31.0,61.0,1.08,7.24,8.32,0,block,92.5,punch
100.0,100.0,4.28,3.87,8.14,2,idle,97.6,idle
100.0,100.0,8.07,1.46,9.53,2,move_right,98.6,idle
100.0,100.0,3.28,5.19,8.47,0,idle,96.5,move_right
49.0,64.0,1.13,5.49,6.62,0,kick,93.6,jump
13.0,13.0,1.34,3.58,2.24,0,idle,87.5,kick
43.0,64.0,0.59,4.77,5.36,2,idle,94.7,idle
82.0,55.0,1.55,8.15,9.7,1,kick,94.4,idle
100.0,100.0,1.72,5.34,7.06,0,punch,97.0,move_right
37.0,64.0,1.6,6.04,7.63,2,idle,91.3,idle
70.0,61.0,1.02,8.42,9.44,1,special,93.5,block
43.0,34.0,1.89,6.18,8.06,0,jump,91.7,move_right
100.0,100.0,5.41,2.47,7.88,0,punch,98.7,move_right
28.0,73.0,0.99,4.11,5.1,1,jump,93.1,idle
37.0,61.0,1.5,8.5,10.0,5,kick,90.7,idle
100.0,100.0,1.33,5.47,6.79,0,punch,98.6,block
49.0,67.0,1.08,7.24,8.32,1,special,94.5,block
1.0,73.0,0.12,5.02,5.14,0,jump,93.4,move_right
70.0,82.0,0.77,7.63,8.4,5,idle,95.6,idle
79.0,85.0,1.4,6.75,8.15,1,jump,95.1,idle
13.0,31.0,1.5,7.1,8.6,2,block,91.9,idle
10.0,13.0,0.99,6.45,7.44,3,kick,88.9,block
67.0,76.0,1.7,6.01,7.71,2,move_right,92.7,idle
100.0,91.0,1.69,5.54,7.24,3,move_right,97.6,idle
25.0,55.0,0.92,3.68,2.76,0,move_left,91.5,jump
31.0,43.0,0.14,8.66,8.8,3,idle,90.0,idle
58.0,79.0,1.17,7.18,8.35,0,jump,93.9,jump
55.0,46.0,1.33,7.13,8.46,3,move_right,92.9,idle
55.0,88.0,1.54,3.25,4.78,4,block,96.5,idle
70.0,46.0,0.22,5.12,4.9,0,idle,95.7,punch
58.0,43.0,0.74,5.53,6.27,0,move_left,94.2,kick
82.0,100.0,1.65,7.64,9.29,0,punch,95.9,jump
67.0,64.0,1.33,4.2,5.53,0,block,95.5,punch
52.0,82.0,0.74,8.36,9.1,2,move_right,93.6,idle
100.0,100.0,2.77,2.52,5.29,0,kick,98.3,move_right
16.0,73.0,0.04,5.05,5.08,0,kick,93.2,jump
100.0,100.0,3.29,5.96,9.25,0,punch,97.2,move_right
16.0,64.0,0.24,9.76,10.0,0,idle,90.3,move_right
19.0,67.0,1.46,8.54,10.0,0,idle,90.5,move_right
100.0,100.0,5.19,2.78,7.97,0,idle,97.7,move_right
94.0,85.0,1.34,5.23,6.57,0,kick,95.8,block
94.0,94.0,0.47,4.71,5.18,0,move_right,97.1,move_right
16.0,82.0,1.04,8.36,9.4,1,special,92.7,block
67.0,76.0,0.15,7.64,7.79,3,move_left,93.8,idle
82.0,91.0,1.12,5.16,6.28,3,punch,96.7,block
52.0,40.0,1.29,5.55,6.84,3,move_left,91.9,idle
100.0,91.0,1.59,7.07,8.67,0,jump,97.3,kick
100.0,100.0,1.36,7.13,8.5,0,kick,94.7,block
64.0,73.0,0.12,4.91,5.04,0,jump,94.1,punch
73.0,55.0,1.25,8.15,9.4,3,kick,94.2,move_right
100.0,100.0,3.81,6.07,9.87,3,punch,96.4,idle
100.0,100.0,6.05,1.25,7.3,0,move_left,98.7,jump
4.0,82.0,0.4,7.4,6.99,0,move_left,94.2,move_left
88.0,88.0,1.29,3.81,5.1,2,move_right,96.1,idle
76.0,88.0,1.42,7.22,8.64,0,block,94.6,kick
22.0,67.0,0.26,4.26,4.52,0,punch,92.6,jump
100.0,100.0,1.64,6.76,8.4,0,block,97.8,move_right
64.0,67.0,1.1,7.31,8.41,2,special,94.7,block
46.0,49.0,0.32,8.48,8.8,0,punch,90.7,block
52.0,61.0,0.77,7.32,8.1,0,move_left,93.4,punch
73.0,76.0,0.56,4.56,5.12,3,move_right,95.1,idle
100.0,100.0,7.0,0.89,7.89,0,idle,98.7,move_right
10.0,64.0,0.03,7.37,7.34,0,jump,90.3,move_left
10.0,25.0,0.97,8.43,9.4,3,special,89.1,block
91.0,76.0,1.51,4.75,6.26,1,kick,95.1,idle
49.0,73.0,1.07,7.93,9.0,1,punch,93.7,block
100.0,100.0,1.3,6.8,8.1,0,move_left,96.8,kick
91.0,94.0,1.34,8.66,10.0,1,move_right,93.5,idle
100.0,100.0,5.53,2.98,8.51,0,idle,98.7,move_right
82.0,76.0,1.22,7.73,8.95,1,jump,95.3,idle
28.0,61.0,0.7,7.6,8.3,0,move_left,91.3,move_right
100.0,100.0,3.37,6.33,9.7,6,idle,97.9,idle
43.0,76.0,0.58,8.18,7.6,0,move_left,93.0,block
34.0,73.0,0.79,7.66,8.44,1,punch,94.7,block
100.0,82.0,0.79,3.75,2.96,0,jump,96.7,kick
82.0,67.0,1.02,4.3,5.32,2,idle,96.2,idle
88.0,100.0,1.6,5.99,7.59,3,punch,95.1,idle
100.0,100.0,2.58,5.24,7.82,0,idle,96.7,move_right
100.0,100.0,6.34,1.64,7.98,0,jump,98.5,move_right
100.0,100.0,4.64,5.06,9.7,0,idle,95.7,punch
73.0,94.0,1.28,8.42,9.7,0,move_left,95.4,punch
73.0,61.0,1.37,7.32,8.7,0,kick,94.0,jump
7.0,7.0,0.79,8.61,9.4,1,special,88.9,block
13.0,13.0,1.34,4.48,3.14,0,punch,88.4,block
100.0,100.0,3.29,1.89,5.18,0,idle,99.0,move_right
100.0,100.0,1.87,3.31,5.18,0,punch,98.8,move_right
100.0,100.0,4.83,0.75,5.58,0,idle,99.0,move_right
82.0,85.0,0.44,7.13,6.7,2,idle,93.9,idle
100.0,100.0,5.39,4.46,9.85,0,kick,97.8,move_right
88.0,94.0,1.29,6.38,7.67,1,jump,95.5,idle
52.0,61.0,1.23,5.82,7.05,1,special,94.3,idle
85.0,79.0,0.59,5.55,4.96,1,move_left,93.6,idle
25.0,58.0,1.81,7.93,9.73,1,move_right,93.6,idle
85.0,91.0,1.26,4.9,6.16,0,punch,95.7,block
10.0,13.0,1.08,7.34,8.42,2,punch,89.8,block
61.0,91.0,1.12,7.32,8.45,2,punch,94.1,block
22.0,52.0,0.69,6.6,7.29,0,special,94.0,block
61.0,61.0,0.73,7.13,7.86,0,idle,93.4,kick
100.0,100.0,2.91,6.67,9.57,0,kick,95.8,move_right
100.0,100.0,2.89,6.16,9.04,0,punch,97.6,move_right
100.0,100.0,1.39,4.02,5.41,0,move_right,98.9,special
100.0,82.0,1.88,7.71,9.59,6,move_right,96.6,idle
31.0,46.0,0.53,5.49,6.02,3,move_left,91.5,idle
1.0,64.0,0.09,6.98,7.07,1,jump,92.9,idle
67.0,82.0,0.89,4.77,5.66,0,move_left,96.8,special
67.0,43.0,0.43,6.07,6.49,6,idle,94.4,idle
100.0,100.0,2.5,5.9,8.4,0,move_left,97.1,move_right
64.0,73.0,0.87,8.47,7.6,0,move_left,91.8,punch
61.0,76.0,0.25,6.01,6.26,0,punch,95.7,block
49.0,64.0,0.47,5.31,5.78,3,idle,94.7,idle
49.0,91.0,1.09,5.82,6.91,3,block,95.9,idle
52.0,73.0,1.34,7.66,9.0,0,idle,95.7,jump
100.0,100.0,3.72,5.19,8.91,0,move_right,96.5,move_right
94.0,46.0,1.87,8.13,10.0,5,move_right,93.1,idle
100.0,100.0,2.12,6.83,8.95,0,kick,97.6,jump
100.0,100.0,2.79,4.61,7.4,0,punch,97.6,jump
13.0,79.0,0.09,6.05,5.95,0,block,92.1,move_left
19.0,58.0,0.15,8.65,8.8,0,block,90.4,move_right
40.0,28.0,0.5,8.6,9.1,3,move_right,90.5,idle
100.0,94.0,2.68,7.29,9.97,0,punch,94.0,move_right
100.0,91.0,1.88,6.59,8.47,0,punch,96.2,move_right
100.0,100.0,1.6,5.72,7.32,0,special,96.6,punch
19.0,22.0,0.38,5.48,5.86,3,punch,92.3,block
88.0,91.0,1.06,7.58,8.63,0,punch,96.4,jump
91.0,82.0,1.09,4.32,5.41,5,kick,98.7,block
100.0,94.0,1.34,8.66,10.0,3,special,94.8,idle
76.0,76.0,1.53,4.72,6.25,5,punch,97.3,idle
34.0,40.0,0.89,4.59,5.48,0,punch,93.7,jump
70.0,82.0,1.07,7.63,8.7,0,move_left,95.0,punch
10.0,25.0,0.35,8.45,8.8,1,block,91.9,idle
7.0,25.0,1.5,7.1,8.6,0,jump,90.0,block
28.0,31.0,0.66,5.91,6.57,1,move_right,92.2,idle
19.0,49.0,0.25,5.87,6.12,0,move_left,88.1,block
10.0,64.0,0.12,9.59,9.71,0,jump,92.0,move_right
64.0,82.0,1.02,6.59,7.61,0,idle,95.9,punch
100.0,100.0,4.11,0.95,5.05,0,punch,98.9,move_right
91.0,82.0,1.39,4.32,5.71,2,idle,98.4,idle
100.0,100.0,6.83,0.73,7.56,0,kick,98.4,move_right
100.0,100.0,2.9,6.5,9.4,0,kick,97.3,move_right
70.0,94.0,1.47,6.39,7.87,2,punch,95.7,idle
100.0,100.0,2.23,4.15,6.38,0,idle,99.0,move_right
70.0,67.0,0.8,7.22,8.02,2,idle,95.5,idle
100.0,100.0,2.54,5.87,8.41,0,punch,98.0,move_right
61.0,22.0,0.66,7.82,8.48,3,move_left,89.2,idle
64.0,67.0,1.53,8.47,10.0,0,move_right,93.0,kick
43.0,46.0,0.83,5.2,6.04,0,punch,93.7,block
43.0,52.0,0.15,3.87,3.72,0,punch,95.3,block
100.0,100.0,1.88,6.15,8.03,0,move_left,97.2,move_right
100.0,73.0,1.92,7.6,9.52,0,move_left,95.4,jump
37.0,61.0,1.82,8.04,9.86,1,jump,89.0,idle
37.0,34.0,0.76,3.56,4.32,0,block,93.4,block
13.0,28.0,1.18,7.69,8.87,1,kick,89.5,block
61.0,94.0,1.53,5.15,6.68,0,punch,96.8,kick
100.0,91.0,1.36,7.44,8.8,1,jump,94.5,idle
40.0,61.0,2.0,7.05,9.05,0,move_left,91.5,move_right
100.0,100.0,3.1,4.52,7.62,0,punch,97.0,move_right
100.0,100.0,7.19,2.73,9.92,0,idle,98.8,move_right
55.0,67.0,0.78,7.34,8.12,1,punch,94.3,block
100.0,100.0,1.99,5.87,7.87,0,move_right,98.0,jump
25.0,16.0,0.13,8.33,8.46,2,move_right,89.1,idle
43.0,76.0,0.61,7.44,8.05,0,move_left,94.1,punch
46.0,40.0,0.22,5.12,4.9,1,idle,95.4,idle
76.0,100.0,2.44,5.24,7.68,0,move_right,96.0,jump
40.0,67.0,0.62,3.68,3.06,0,kick,92.9,block
43.0,64.0,1.91,7.46,9.38,0,move_right,91.0,move_right
22.0,64.0,0.2,8.44,8.23,0,special,89.6,block
31.0,64.0,1.09,5.14,6.24,0,punch,94.4,block
91.0,91.0,1.16,4.56,5.72,0,move_left,96.1,punch
100.0,100.0,4.58,4.96,9.54,0,punch,98.9,move_right
82.0,100.0,1.34,5.19,6.52,0,special,97.3,block
43.0,73.0,1.4,4.62,6.02,0,block,95.3,kick
28.0,55.0,0.33,4.35,4.68,0,move_right,92.6,move_right
76.0,94.0,0.53,5.49,6.02,1,kick,95.1,block
49.0,46.0,0.83,5.2,6.04,0,move_left,94.5,kick
40.0,40.0,0.88,8.52,9.4,1,move_left,89.3,idle
94.0,100.0,1.41,4.25,5.65,0,punch,96.9,block
49.0,67.0,0.78,7.34,8.12,0,punch,94.1,block
58.0,76.0,0.02,3.68,3.66,0,punch,93.8,block
1.0,37.0,0.48,5.79,5.31,0,jump,92.2,punch
100.0,100.0,2.35,2.87,5.22,0,special,98.1,move_right
10.0,67.0,0.87,6.05,5.18,0,move_left,91.1,move_left
100.0,94.0,0.79,6.28,7.07,2,idle,97.7,idle
100.0,88.0,0.84,6.9,7.74,1,move_right,95.8,idle
88.0,94.0,1.45,4.37,5.82,0,idle,95.2,kick
88.0,91.0,0.88,3.68,4.56,1,move_left,97.3,idle
10.0,55.0,0.1,9.3,9.4,0,move_right,90.1,move_right
94.0,94.0,1.15,5.17,6.32,0,move_left,98.2,block
82.0,100.0,1.33,5.47,6.79,0,idle,98.4,punch
70.0,85.0,0.72,5.78,6.5,2,move_left,97.0,idle
100.0,91.0,1.52,4.79,6.3,1,block,96.6,idle
43.0,79.0,1.37,6.04,7.41,0,block,92.5,kick
85.0,85.0,0.26,8.54,8.8,0,move_left,94.7,kick
28.0,28.0,1.53,7.2,8.72,3,kick,90.5,idle
28.0,19.0,0.68,8.72,9.4,2,move_left,91.0,idle
34.0,67.0,0.13,7.94,8.07,2,block,93.9,idle
70.0,70.0,0.9,8.5,9.4,2,special,93.7,block
100.0,100.0,3.9,4.0,7.9,3,kick,97.8,idle
73.0,88.0,1.03,5.65,6.68,1,idle,96.3,idle
100.0,100.0,2.11,7.87,9.98,2,move_right,95.0,idle
100.0,100.0,2.36,5.47,7.84,0,special,97.9,move_right
43.0,70.0,1.01,7.79,8.8,4,kick,93.8,block
100.0,100.0,1.42,5.72,7.14,0,block,95.4,block
76.0,37.0,1.27,8.13,9.4,2,move_left,92.4,idle
13.0,67.0,0.03,7.59,7.57,0,kick,92.7,block
94.0,76.0,0.68,7.71,8.39,3,idle,95.3,idle
91.0,85.0,0.24,5.81,6.06,1,kick,94.6,block
82.0,100.0,0.74,7.67,8.41,0,jump,96.7,jump
100.0,100.0,1.5,5.41,6.9,0,jump,96.1,special
1.0,25.0,0.95,8.45,9.4,3,kick,91.2,block
61.0,91.0,0.52,7.32,7.85,0,punch,94.4,jump
94.0,100.0,1.46,7.94,9.4,0,special,95.3,block
70.0,79.0,1.63,6.77,8.41,0,move_right,94.7,move_right
100.0,94.0,0.97,8.13,9.1,3,move_left,96.2,idle
37.0,70.0,1.07,6.04,7.11,0,punch,92.1,jump
58.0,79.0,1.46,5.93,7.39,2,punch,94.8,idle
100.0,94.0,1.46,7.07,8.53,2,idle,96.3,idle
46.0,49.0,0.02,8.48,8.5,0,move_left,90.6,block
4.0,67.0,0.03,6.27,6.3,0,punch,88.8,block
100.0,100.0,3.25,5.2,8.45,0,idle,96.3,move_right
64.0,76.0,1.33,5.65,6.98,3,move_right,95.6,idle
67.0,85.0,1.15,7.6,8.75,2,kick,93.6,block
4.0,73.0,0.19,7.66,7.84,0,punch,90.3,jump
70.0,73.0,1.21,6.79,8.0,1,punch,95.7,idle
100.0,91.0,1.69,5.84,7.54,0,jump,97.2,move_right
100.0,100.0,1.84,3.55,5.38,0,idle,98.9,jump
100.0,100.0,4.24,3.44,7.68,0,move_left,97.7,move_right
100.0,100.0,3.67,5.73,9.4,0,move_left,97.4,jump
100.0,100.0,3.62,2.69,6.3,2,punch,98.3,idle
34.0,82.0,1.04,8.36,9.4,3,move_right,92.9,idle
28.0,61.0,0.46,6.97,7.43,0,move_left,92.9,move_right
7.0,73.0,0.58,6.77,6.19,0,move_left,89.7,move_left
46.0,64.0,1.26,5.91,7.17,1,idle,94.8,idle
31.0,64.0,1.27,5.41,6.68,1,move_left,93.5,idle
55.0,85.0,1.28,3.67,4.95,0,punch,95.9,block
100.0,100.0,7.59,0.38,7.97,0,idle,99.0,move_right
85.0,85.0,0.01,5.55,5.56,0,special,94.0,block
82.0,73.0,1.46,8.54,10.0,0,move_right,95.3,punch
22.0,43.0,1.48,7.69,9.17,0,kick,91.0,block
91.0,100.0,1.63,6.47,8.11,0,move_right,96.7,move_right
100.0,100.0,6.3,0.64,6.94,0,move_left,98.8,move_right
55.0,28.0,1.83,6.9,8.72,2,idle,91.4,idle
10.0,73.0,0.08,6.57,6.64,0,block,91.9,move_right
64.0,67.0,1.23,5.82,7.05,1,move_left,95.0,idle
31.0,28.0,0.72,8.42,9.14,3,idle,91.0,idle
100.0,100.0,2.05,6.7,8.75,0,punch,95.3,move_right
100.0,100.0,2.78,7.11,9.89,0,punch,97.5,jump
25.0,49.0,0.12,8.32,8.2,3,move_left,91.3,idle
94.0,100.0,1.54,5.24,6.78,2,punch,96.8,idle
37.0,70.0,1.07,6.04,7.11,0,special,92.0,jump
31.0,58.0,1.56,6.82,8.38,4,move_right,92.4,idle
100.0,100.0,3.45,5.78,9.23,0,special,97.5,move_right
91.0,76.0,2.11,5.65,7.76,0,move_left,92.9,jump
10.0,7.0,0.21,6.18,5.96,1,move_left,86.8,idle
73.0,76.0,0.36,6.9,6.54,1,idle,94.0,kick
85.0,79.0,1.09,6.28,7.37,3,block,96.2,idle
94.0,85.0,1.23,8.47,9.7,3,move_left,93.7,idle
31.0,52.0,1.32,6.4,7.72,0,idle,90.9,punch
100.0,94.0,1.48,7.89,9.37,0,move_left,93.8,block
43.0,64.0,1.61,6.86,8.48,5,move_right,91.7,idle
85.0,100.0,1.83,5.07,6.9,2,move_right,96.2,idle
100.0,100.0,1.32,4.6,5.92,0,idle,97.8,special
64.0,82.0,1.21,5.39,6.6,3,punch,95.2,idle
82.0,82.0,1.47,5.94,7.41,4,kick,96.6,idle
40.0,61.0,1.29,6.41,7.7,2,idle,93.3,idle
7.0,82.0,0.27,5.64,5.91,0,kick,93.0,jump
100.0,100.0,4.78,1.61,6.4,0,idle,98.9,move_right
31.0,34.0,1.06,3.56,4.62,0,jump,93.0,punch
28.0,19.0,0.68,8.72,9.4,1,special,90.9,block
82.0,73.0,0.8,7.31,8.11,1,idle,95.2,idle
91.0,100.0,1.57,3.42,4.99,2,kick,97.8,idle
31.0,64.0,1.09,5.14,6.24,1,idle,94.6,idle
31.0,52.0,0.58,6.32,6.89,0,idle,93.1,punch
85.0,100.0,0.72,5.69,6.42,0,kick,96.1,block
10.0,31.0,0.52,6.06,6.58,6,kick,92.6,block
67.0,94.0,1.35,6.31,7.66,1,special,96.8,idle
100.0,100.0,5.14,3.69,8.83,2,idle,97.3,idle
100.0,100.0,3.21,1.85,5.05,0,special,98.6,move_right
13.0,34.0,1.06,3.56,4.62,2,special,92.8,block
100.0,100.0,3.58,4.82,8.39,0,kick,98.5,move_right
100.0,100.0,7.3,0.59,7.89,0,kick,98.8,move_right
40.0,28.0,0.5,8.6,9.1,2,jump,90.4,idle
76.0,64.0,1.28,5.71,6.99,2,punch,95.7,idle
82.0,94.0,1.32,7.89,9.21,0,move_right,94.1,punch
76.0,67.0,0.46,8.34,8.8,0,move_right,93.8,kick
10.0,19.0,1.59,5.55,7.14,2,punch,89.5,idle
85.0,94.0,1.48,7.39,8.87,0,idle,94.8,kick
73.0,85.0,1.1,5.41,6.51,3,move_left,93.9,idle
1.0,70.0,0.01,6.84,6.85,0,punch,90.8,jump
28.0,64.0,1.6,6.34,7.93,2,kick,90.8,idle
88.0,82.0,1.85,7.85,9.7,0,move_left,95.6,move_right
100.0,100.0,4.52,3.24,7.76,0,idle,97.5,move_right
16.0,67.0,0.88,8.18,7.3,2,special,92.2,block
19.0,37.0,0.79,5.82,6.61,2,move_right,91.3,idle
40.0,67.0,0.27,6.27,6.0,1,kick,91.3,block
100.0,100.0,1.77,6.28,8.05,0,punch,97.8,move_right
100.0,91.0,1.76,3.36,5.12,0,kick,97.1,move_right
100.0,100.0,6.8,1.35,8.15,0,idle,98.9,move_right
61.0,76.0,1.06,6.42,7.48,3,move_right,94.1,idle
100.0,100.0,4.69,4.06,8.74,0,jump,98.4,move_right
16.0,61.0,0.14,8.78,8.63,0,block,90.2,move_left
49.0,58.0,1.63,4.2,5.83,1,punch,94.3,idle
94.0,91.0,1.76,2.95,4.71,0,move_right,98.2,jump
70.0,85.0,1.51,7.44,8.95,0,move_right,95.7,block
100.0,100.0,5.29,4.71,10.0,0,punch,97.2,move_right
100.0,82.0,1.25,8.15,9.4,2,punch,96.1,idle
22.0,28.0,1.04,7.67,8.71,2,idle,90.6,idle
31.0,25.0,0.2,6.91,7.11,1,move_right,92.7,idle
10.0,82.0,0.74,8.66,9.4,0,kick,92.3,idle
58.0,76.0,0.02,3.68,3.66,0,kick,93.9,block
4.0,25.0,0.73,6.8,7.53,0,kick,92.2,block
100.0,100.0,4.33,5.32,9.64,2,punch,97.6,idle
100.0,100.0,2.27,3.34,5.61,0,idle,97.6,jump
91.0,100.0,1.05,5.67,6.72,3,jump,96.3,idle
25.0,61.0,0.63,8.47,9.1,0,move_right,91.1,move_right
91.0,76.0,2.41,5.65,8.06,0,idle,93.0,jump
37.0,73.0,0.53,6.77,7.3,1,idle,92.8,idle
10.0,10.0,1.42,5.21,6.64,4,jump,90.0,idle
85.0,88.0,1.65,7.28,8.93,1,special,95.6,idle
52.0,82.0,1.17,6.69,7.87,0,kick,94.3,block
43.0,28.0,0.15,3.87,3.72,5,move_right,94.8,idle
85.0,73.0,1.83,5.82,7.65,2,punch,96.3,idle
100.0,100.0,1.86,6.02,7.88,0,move_left,96.7,jump
88.0,100.0,1.37,3.94,5.31,0,punch,97.1,block
100.0,100.0,5.37,1.37,6.74,0,kick,98.6,move_right
67.0,91.0,1.05,5.97,7.02,0,special,93.0,block
70.0,58.0,0.13,4.56,4.43,1,jump,94.0,idle
64.0,82.0,1.4,6.2,7.59,0,idle,97.5,punch
100.0,94.0,1.45,7.35,8.8,1,punch,97.4,idle
94.0,91.0,1.22,7.73,8.95,0,punch,96.8,block
100.0,100.0,1.63,6.2,7.83,0,kick,97.1,move_right
100.0,100.0,3.03,6.37,9.4,3,move_right,96.5,idle
67.0,94.0,1.04,8.66,9.7,0,special,93.5,block
94.0,100.0,1.65,5.11,6.76,0,punch,98.7,move_right
19.0,58.0,0.15,8.65,8.8,1,kick,90.5,block
82.0,73.0,1.58,5.71,7.29,0,kick,96.1,block
100.0,100.0,2.2,6.2,8.4,0,idle,97.0,move_right
88.0,100.0,1.13,6.43,7.56,0,punch,96.0,jump
52.0,58.0,1.5,5.74,7.24,0,jump,93.2,block
100.0,100.0,6.72,2.09,8.82,0,punch,98.7,move_right
76.0,85.0,1.47,7.18,8.65,0,kick,95.1,jump
100.0,100.0,1.82,3.47,5.29,0,idle,97.1,move_right
85.0,85.0,0.31,5.55,5.86,0,move_left,94.4,punch
100.0,100.0,2.86,5.2,8.06,0,idle,96.7,move_right
70.0,79.0,0.26,4.27,4.53,0,special,94.8,jump
100.0,100.0,1.82,7.58,9.4,0,move_left,97.1,block
100.0,76.0,0.67,8.13,8.8,4,special,95.5,block
1.0,49.0,0.72,8.15,8.87,3,punch,94.1,block
100.0,100.0,6.59,2.95,9.53,0,move_right,98.1,move_right
67.0,73.0,0.53,7.07,7.6,4,jump,93.8,idle
16.0,34.0,1.44,4.3,5.74,0,move_right,91.8,punch
31.0,55.0,0.8,4.62,5.42,2,kick,93.9,block
100.0,100.0,7.46,2.54,10.0,0,punch,97.9,jump
40.0,43.0,0.57,6.12,5.55,1,punch,91.9,block
7.0,67.0,0.27,6.69,6.97,0,move_right,91.1,move_right
19.0,37.0,0.48,5.79,5.31,1,idle,92.5,idle
43.0,61.0,0.56,4.27,4.83,4,move_right,94.4,jump
61.0,37.0,1.42,4.91,6.34,3,move_right,94.3,idle
82.0,82.0,1.42,7.13,8.56,0,punch,94.6,jump
100.0,100.0,3.82,3.32,7.14,0,move_left,97.8,move_right
52.0,73.0,0.98,8.72,9.7,0,punch,94.1,move_left
61.0,58.0,1.44,4.0,5.44,0,block,94.8,block
19.0,25.0,0.74,5.53,6.27,0,idle,92.6,punch
100.0,88.0,0.15,4.17,4.32,2,idle,97.7,idle
61.0,85.0,1.16,6.07,7.24,0,move_left,95.8,kick
13.0,73.0,0.28,5.81,6.1,0,kick,93.5,block
100.0,100.0,5.57,0.06,5.63,0,idle,99.0,move_right
94.0,100.0,1.32,6.77,8.09,1,block,96.3,idle
58.0,49.0,0.35,6.01,6.36,3,idle,94.6,idle
94.0,100.0,1.42,6.24,7.66,0,block,96.3,punch
100.0,82.0,1.07,7.02,8.1,0,jump,96.0,punch
43.0,70.0,1.07,6.04,7.11,1,block,92.2,idle
79.0,94.0,1.03,5.65,6.68,0,move_left,96.6,punch
46.0,46.0,1.56,6.7,8.26,0,punch,89.5,block
91.0,82.0,0.58,7.09,7.67,0,move_right,95.8,special
34.0,91.0,0.82,7.62,8.45,0,kick,93.5,block
100.0,100.0,5.4,2.5,7.9,0,kick,98.6,move_right
82.0,61.0,1.67,7.02,8.7,1,move_right,94.4,idle
100.0,94.0,1.24,3.83,5.07,3,move_left,98.9,idle
100.0,100.0,3.63,1.95,5.58,0,kick,98.4,move_right
55.0,67.0,0.66,6.9,6.24,0,idle,92.6,punch
52.0,79.0,0.98,5.18,6.16,3,move_right,95.9,idle
49.0,67.0,1.21,8.19,9.4,1,kick,92.6,idle
100.0,100.0,1.99,5.57,7.57,0,idle,98.3,move_right
100.0,100.0,4.22,3.54,7.76,0,punch,97.3,special
91.0,94.0,1.58,3.67,5.25,3,move_right,97.4,idle
31.0,28.0,0.72,8.42,9.14,4,punch,91.1,block
70.0,55.0,0.24,7.01,7.24,2,jump,94.6,idle
67.0,73.0,1.12,5.16,6.28,6,kick,95.8,block
67.0,43.0,0.43,5.77,6.19,2,kick,94.0,block
100.0,100.0,5.16,3.52,8.68,0,punch,98.8,move_right
55.0,67.0,1.92,4.9,6.82,0,move_right,94.7,move_right
100.0,85.0,1.74,6.71,8.44,0,punch,96.4,jump
100.0,100.0,4.55,4.55,9.1,0,move_left,98.4,move_right
100.0,100.0,5.23,4.34,9.57,0,block,98.2,move_right
52.0,73.0,0.88,7.69,8.57,0,punch,92.9,block
64.0,76.0,1.34,8.66,10.0,0,move_right,90.6,block
100.0,100.0,1.29,7.07,8.37,3,move_left,98.0,idle
100.0,100.0,2.23,7.42,9.64,0,move_left,96.0,move_right
19.0,70.0,0.19,8.57,8.77,0,punch,93.9,block
19.0,31.0,1.26,5.91,7.17,0,move_left,91.3,punch
43.0,28.0,1.07,7.32,8.4,6,block,92.0,idle
28.0,73.0,1.39,7.66,9.04,2,punch,94.0,idle
100.0,100.0,1.42,4.86,6.28,0,punch,98.0,jump
13.0,46.0,0.98,7.05,8.03,0,move_right,91.8,jump
94.0,85.0,0.56,8.54,9.1,3,punch,95.1,block
22.0,37.0,0.13,5.47,5.59,0,idle,91.8,kick
100.0,100.0,4.42,4.02,8.45,0,punch,97.6,move_right
52.0,55.0,1.27,8.43,9.7,4,move_left,93.6,idle
100.0,100.0,1.86,6.52,8.38,0,kick,96.3,move_right
100.0,100.0,2.93,4.29,7.22,0,punch,97.1,move_right
100.0,100.0,3.9,2.24,6.14,0,move_right,98.6,move_right
100.0,91.0,1.02,7.22,8.24,2,jump,97.1,idle
25.0,73.0,0.04,4.75,4.78,0,move_left,93.6,move_right
82.0,67.0,1.09,6.14,7.24,4,idle,95.4,idle
100.0,100.0,7.1,1.05,8.15,0,idle,99.0,move_right
94.0,94.0,1.04,5.23,6.27,1,move_right,96.7,idle
52.0,79.0,0.42,5.32,5.74,2,move_right,95.6,idle
100.0,100.0,3.91,4.14,8.05,0,move_left,97.8,move_right
25.0,91.0,0.52,7.92,8.45,0,move_left,93.1,move_right
88.0,76.0,1.29,6.81,8.1,2,move_left,96.8,idle
100.0,100.0,4.85,2.15,7.0,0,punch,98.2,move_right
25.0,37.0,0.8,7.81,8.61,0,kick,88.0,block
100.0,100.0,6.68,3.32,10.0,0,move_right,98.5,move_right
10.0,76.0,0.48,9.28,8.8,0,jump,90.5,special
52.0,55.0,1.02,8.15,9.17,6,move_right,96.0,idle
73.0,67.0,0.43,6.07,6.49,6,idle,94.7,idle
100.0,100.0,1.36,3.55,4.91,0,punch,98.2,block
10.0,43.0,1.02,4.98,6.0,0,move_left,91.9,kick
100.0,76.0,1.9,6.32,8.22,5,kick,95.7,idle
100.0,100.0,4.21,5.12,9.33,3,special,98.7,idle
88.0,100.0,1.49,7.76,9.25,2,punch,95.8,idle
85.0,82.0,1.03,6.5,7.53,1,move_left,96.2,idle
52.0,40.0,1.74,4.0,5.74,4,move_right,94.2,idle
82.0,49.0,0.76,4.42,5.17,2,jump,95.5,idle
100.0,100.0,8.16,1.3,9.45,0,special,98.7,move_right
82.0,94.0,0.93,5.37,6.3,0,move_right,96.3,block
100.0,100.0,2.97,5.38,8.35,0,kick,98.1,move_right
52.0,82.0,0.87,6.69,7.57,0,move_left,94.1,block
31.0,19.0,1.58,6.89,8.47,0,move_right,90.3,move_right
10.0,43.0,1.21,8.19,9.4,3,move_left,87.9,idle
52.0,49.0,2.19,5.25,7.44,0,idle,92.2,jump
91.0,88.0,1.57,4.02,5.59,2,kick,96.7,idle
100.0,100.0,4.48,1.91,6.4,0,punch,98.8,move_right
100.0,100.0,3.03,6.07,9.1,0,idle,97.8,move_right
43.0,52.0,0.42,6.8,7.22,0,move_left,93.0,punch
7.0,70.0,0.29,7.44,7.15,0,kick,91.4,block
100.0,100.0,1.85,3.93,5.78,0,idle,99.0,jump
82.0,100.0,1.58,4.71,6.29,0,special,96.3,block
43.0,25.0,1.18,8.5,9.67,0,punch,92.3,block
100.0,100.0,3.52,3.92,7.44,0,move_right,97.6,jump
76.0,88.0,1.06,6.42,7.48,1,idle,95.9,idle
88.0,94.0,2.35,3.47,5.82,2,idle,96.0,idle
85.0,94.0,1.04,8.66,9.7,0,kick,93.6,jump
49.0,46.0,1.55,4.53,6.08,3,idle,94.4,idle
100.0,91.0,1.51,4.75,6.26,2,idle,96.1,idle
40.0,22.0,1.12,5.21,6.34,3,punch,92.4,block
7.0,58.0,0.6,9.7,9.1,0,move_left,87.6,move_left
7.0,94.0,0.05,6.43,6.38,0,block,91.9,move_left
10.0,61.0,0.16,9.08,9.23,0,punch,89.3,block
67.0,58.0,1.2,7.4,8.6,0,idle,93.8,jump
100.0,91.0,1.62,5.5,7.12,3,move_right,97.6,idle
43.0,94.0,0.03,4.63,4.66,1,kick,95.6,special
64.0,82.0,0.12,4.91,5.04,0,move_left,94.5,kick
100.0,100.0,2.54,4.03,6.57,0,idle,98.6,move_right
82.0,100.0,1.38,6.58,7.96,0,jump,95.5,punch
64.0,79.0,0.39,6.7,7.09,0,idle,92.3,special
10.0,10.0,1.42,5.51,6.94,0,punch,89.5,jump
16.0,61.0,0.33,6.9,6.57,0,move_left,93.4,move_left
100.0,100.0,1.92,6.88,8.8,0,kick,96.0,move_right
34.0,70.0,1.47,5.87,7.34,0,idle,91.6,punch
100.0,100.0,6.02,0.17,6.19,0,idle,98.8,move_right
61.0,43.0,0.16,3.86,4.02,1,move_left,94.5,idle
100.0,100.0,3.37,4.85,8.22,0,move_right,98.1,move_right
73.0,43.0,1.12,4.91,6.04,2,jump,96.0,idle
82.0,100.0,1.33,5.47,6.79,0,special,98.5,block
61.0,100.0,0.72,5.69,6.42,0,punch,95.4,jump
100.0,100.0,3.58,2.81,6.4,0,block,98.5,move_right
55.0,88.0,0.64,6.44,7.08,2,idle,92.8,idle
100.0,100.0,6.91,2.34,9.25,0,idle,98.5,move_right
16.0,13.0,0.75,3.87,4.62,1,punch,92.2,block
100.0,100.0,2.35,3.13,5.48,0,punch,98.0,jump
31.0,25.0,1.03,6.8,7.83,4,jump,92.6,idle
49.0,58.0,1.45,7.35,8.8,1,move_right,94.1,idle
85.0,70.0,0.28,6.32,6.59,0,idle,95.3,punch
100.0,100.0,2.85,5.01,7.85,0,kick,97.3,move_right
43.0,85.0,1.8,8.2,10.0,0,kick,92.2,special
58.0,79.0,1.87,7.83,9.7,3,move_right,94.8,idle
22.0,61.0,1.17,6.0,7.17,0,move_left,94.9,move_right
55.0,46.0,1.43,5.2,6.64,2,move_right,95.1,idle
100.0,100.0,3.09,2.87,5.96,0,move_left,98.5,move_right
82.0,94.0,1.46,7.07,8.53,0,block,96.0,punch
100.0,100.0,2.16,4.56,6.72,0,special,96.7,move_right
82.0,82.0,1.32,5.61,6.93,4,idle,97.6,idle
25.0,94.0,0.25,6.43,6.68,0,idle,93.1,move_right
34.0,40.0,0.0,8.5,8.5,3,punch,91.0,block
67.0,22.0,0.96,7.82,8.78,2,kick,89.9,block
79.0,61.0,1.18,8.52,9.7,5,idle,93.2,idle
73.0,40.0,1.25,8.45,9.7,1,idle,93.2,idle
58.0,70.0,1.7,6.91,8.61,1,move_right,90.9,idle
22.0,46.0,0.91,7.15,8.06,1,punch,87.1,block
100.0,100.0,7.79,2.13,9.92,0,idle,99.0,move_right
22.0,34.0,1.15,5.17,6.32,2,punch,93.4,block
100.0,100.0,4.33,4.72,9.04,0,idle,98.0,move_right
100.0,100.0,5.48,2.77,8.25,0,move_right,98.4,move_right
4.0,82.0,0.2,7.7,7.89,0,move_right,93.1,move_right
82.0,94.0,0.98,7.08,8.05,0,kick,97.5,jump
4.0,10.0,1.63,7.4,9.03,0,idle,91.1,move_right
79.0,31.0,0.29,5.55,5.26,3,move_right,91.6,idle
100.0,100.0,5.87,3.72,9.6,0,move_right,98.6,jump
64.0,82.0,0.98,6.28,7.27,1,special,94.7,block
100.0,100.0,1.86,6.62,8.48,5,kick,96.0,idle
67.0,79.0,1.56,5.76,7.32,0,punch,94.4,block
19.0,58.0,0.45,9.25,8.8,0,move_left,89.7,move_left
52.0,61.0,1.4,6.91,8.31,4,idle,90.1,idle
100.0,100.0,7.77,1.14,8.91,0,punch,98.5,jump
76.0,79.0,1.59,3.51,5.1,2,jump,95.3,idle
100.0,100.0,5.83,3.22,9.04,0,idle,98.6,move_right
10.0,61.0,0.33,6.6,6.27,0,move_left,93.0,move_left
37.0,46.0,1.56,7.0,8.56,0,block,88.1,special
10.0,55.0,0.79,6.04,6.84,0,punch,93.5,jump
49.0,49.0,1.81,8.19,10.0,2,kick,92.0,special
52.0,70.0,0.72,5.79,6.51,5,block,94.3,idle
100.0,100.0,1.64,8.06,9.7,0,kick,94.1,move_right
100.0,100.0,3.01,6.07,9.08,0,move_right,96.1,move_right
94.0,70.0,0.76,7.91,8.67,2,move_right,91.9,idle
100.0,100.0,2.35,4.63,6.98,0,punch,97.1,move_right
91.0,94.0,1.38,3.94,5.32,0,move_right,98.4,punch
28.0,43.0,0.49,5.82,6.31,2,punch,92.3,block
22.0,22.0,0.45,3.87,4.32,3,punch,92.9,block
40.0,55.0,1.65,4.17,2.52,0,block,94.4,move_left
100.0,100.0,1.64,4.89,6.52,0,punch,97.5,move_right
16.0,67.0,0.18,5.84,5.66,0,move_left,93.8,move_left
64.0,76.0,0.08,6.58,6.67,0,move_left,94.0,punch
100.0,100.0,3.27,4.2,7.47,0,move_right,98.9,jump
28.0,13.0,1.22,7.09,5.87,2,block,90.3,idle
46.0,82.0,0.22,4.97,4.75,4,move_left,96.2,idle
49.0,61.0,1.39,6.28,7.67,3,jump,95.5,idle
67.0,61.0,1.39,6.28,7.67,6,special,95.8,idle
73.0,85.0,0.2,8.9,9.1,2,move_right,93.7,idle
100.0,100.0,4.38,3.74,8.12,0,special,97.3,move_right
25.0,52.0,1.58,4.57,6.15,0,punch,93.0,move_right
10.0,37.0,1.43,5.2,6.64,0,kick,91.6,block
70.0,52.0,0.8,7.22,8.02,3,kick,94.8,block
91.0,94.0,1.34,8.66,10.0,2,kick,93.9,idle
61.0,100.0,1.37,4.54,5.91,0,move_left,96.1,punch
94.0,94.0,1.63,8.32,9.94,1,move_right,95.3,idle
16.0,58.0,0.36,8.32,8.68,0,idle,91.5,move_right
82.0,91.0,1.59,8.27,9.87,0,block,96.5,kick
100.0,100.0,2.28,5.54,7.82,0,punch,96.6,move_right
64.0,76.0,1.02,6.59,7.61,3,idle,95.8,idle
25.0,49.0,0.18,8.32,8.5,1,punch,90.6,block
28.0,61.0,0.16,6.37,6.53,0,idle,91.9,move_right
58.0,73.0,1.31,6.56,7.88,0,punch,93.3,block
73.0,79.0,1.52,4.37,5.89,4,move_right,94.3,idle
82.0,100.0,2.22,6.4,8.62,2,move_right,96.1,idle
100.0,100.0,4.29,3.7,7.99,0,jump,98.2,move_right
100.0,100.0,4.0,3.02,7.02,0,idle,97.8,move_right
43.0,64.0,0.68,7.71,8.39,3,special,93.7,block
94.0,76.0,1.37,4.94,6.3,2,idle,96.9,idle
73.0,67.0,0.66,6.9,6.24,0,idle,93.0,punch
100.0,100.0,2.72,3.29,6.0,0,move_left,97.7,jump
100.0,100.0,4.5,4.9,9.4,0,kick,97.3,jump
94.0,91.0,0.8,8.6,9.4,2,move_left,94.7,move_right
88.0,88.0,1.2,8.5,9.7,0,punch,94.4,block
91.0,85.0,1.22,4.07,5.29,2,move_right,95.6,idle
82.0,91.0,0.76,4.78,5.54,2,special,95.8,block
43.0,64.0,2.21,6.86,9.08,1,punch,91.3,idle
94.0,79.0,1.12,6.84,7.96,0,move_left,94.5,kick
100.0,100.0,3.59,6.38,9.97,0,move_right,97.8,move_right
4.0,40.0,0.9,8.5,7.6,2,punch,89.7,block
46.0,49.0,0.02,8.48,8.5,0,block,90.5,punch
25.0,25.0,1.09,8.61,9.7,0,idle,89.5,special
64.0,85.0,1.04,7.51,8.54,1,punch,93.3,block
61.0,100.0,0.42,5.69,6.12,1,special,95.6,block
85.0,100.0,1.06,4.87,5.93,0,punch,98.6,block
25.0,55.0,0.32,3.08,2.76,0,move_left,91.2,move_left
100.0,100.0,4.64,5.06,9.7,3,jump,95.6,idle
82.0,91.0,1.89,7.07,8.97,1,move_right,97.0,idle
43.0,85.0,1.5,8.5,10.0,0,punch,92.3,move_left
100.0,100.0,3.43,5.0,8.43,0,move_left,97.7,move_right
1.0,52.0,0.0,8.5,8.5,0,punch,90.2,block
61.0,76.0,1.32,4.38,5.7,0,punch,96.2,block
94.0,70.0,0.76,7.91,8.67,3,punch,92.4,block
100.0,85.0,1.44,8.22,9.65,3,idle,94.4,idle
79.0,73.0,1.59,6.41,8.0,3,move_right,94.8,idle
100.0,100.0,3.15,5.24,8.39,4,jump,97.9,idle
100.0,100.0,2.1,7.9,10.0,0,punch,95.9,move_right
61.0,70.0,1.6,6.92,8.51,5,idle,95.5,idle
7.0,70.0,0.29,7.44,7.15,0,punch,91.3,block
94.0,85.0,1.74,8.22,9.95,0,move_right,94.1,jump
100.0,100.0,1.92,5.54,7.46,0,idle,97.6,move_right
94.0,94.0,1.35,6.31,7.66,0,block,97.1,punch
100.0,100.0,4.25,3.01,7.26,0,kick,98.6,move_right
100.0,100.0,1.37,7.02,8.4,0,punch,96.9,idle
73.0,88.0,0.72,7.48,8.2,2,kick,93.9,move_left
85.0,94.0,1.03,5.05,6.08,2,kick,97.5,block
82.0,88.0,1.16,7.37,8.53,0,move_left,95.5,kick
25.0,76.0,1.01,4.09,5.1,2,kick,96.1,block
19.0,64.0,0.25,7.21,7.46,0,punch,94.0,block
4.0,67.0,0.14,9.24,9.1,0,move_left,91.9,move_left
79.0,85.0,1.86,5.31,7.17,0,block,96.7,jump
100.0,100.0,6.76,3.2,9.96,0,jump,98.7,move_right
82.0,94.0,1.02,8.19,9.21,0,kick,93.2,jump
13.0,13.0,1.34,4.78,3.44,2,punch,88.7,idle
73.0,70.0,1.0,7.6,8.6,1,block,94.4,idle
10.0,67.0,0.03,5.67,5.7,0,jump,92.3,move_right
100.0,100.0,1.57,3.42,4.99,0,idle,98.0,kick
31.0,67.0,1.38,7.24,8.62,2,block,93.5,idle
28.0,73.0,1.09,7.66,8.74,0,move_left,93.8,move_right
16.0,58.0,0.06,8.92,8.98,0,move_right,91.1,move_right
100.0,76.0,0.67,8.13,8.8,2,idle,94.9,idle
61.0,61.0,0.33,4.65,4.98,2,punch,94.6,block
100.0,100.0,2.42,7.28,9.7,0,idle,97.2,move_right
37.0,43.0,1.51,7.39,8.9,3,jump,92.9,idle
61.0,67.0,1.39,4.92,6.31,0,jump,95.3,special
100.0,94.0,1.34,8.66,10.0,1,move_right,94.6,idle
76.0,79.0,1.42,7.22,8.64,0,jump,94.1,kick
79.0,61.0,0.88,8.52,9.4,3,kick,93.0,block
100.0,100.0,7.19,2.81,10.0,0,punch,97.7,move_right
67.0,43.0,1.31,3.45,4.76,3,jump,93.6,idle
100.0,100.0,6.89,2.65,9.53,0,punch,98.3,move_right
70.0,85.0,0.36,7.88,7.52,2,idle,94.3,idle
100.0,100.0,4.89,1.41,6.3,0,idle,98.2,move_right
100.0,100.0,2.06,5.47,7.54,0,jump,98.1,jump
100.0,100.0,6.44,3.26,9.7,0,block,97.0,move_left
100.0,100.0,2.52,4.88,7.4,0,jump,98.5,jump
52.0,85.0,1.17,5.27,6.44,0,idle,94.4,punch
64.0,88.0,1.54,3.25,4.78,6,jump,96.7,idle
19.0,64.0,0.55,5.71,6.26,0,move_right,93.2,move_right
58.0,76.0,1.33,5.65,6.98,1,jump,95.4,idle
31.0,58.0,0.49,7.71,8.2,3,idle,92.1,idle
91.0,91.0,0.42,5.49,5.91,1,idle,96.4,idle
94.0,94.0,1.33,8.32,9.64,2,idle,95.4,idle
100.0,100.0,3.2,5.0,8.19,0,idle,99.0,move_right
19.0,37.0,0.49,5.82,6.31,3,kick,91.4,block
25.0,70.0,0.49,8.57,9.07,0,move_left,94.4,move_right
100.0,100.0,3.39,5.64,9.03,0,punch,97.9,move_right
46.0,55.0,1.51,6.85,8.36,1,punch,88.9,idle
31.0,70.0,0.69,4.37,5.06,6,block,95.0,idle
37.0,43.0,1.32,7.6,8.92,2,kick,92.3,special
73.0,88.0,0.69,4.37,5.06,3,move_left,96.4,idle
82.0,76.0,1.22,7.73,8.95,2,kick,95.4,idle
88.0,85.0,1.46,3.25,4.71,1,kick,97.4,idle
34.0,82.0,0.74,8.36,9.1,1,move_left,93.1,idle
70.0,70.0,0.14,7.13,7.0,0,move_left,92.7,block
67.0,76.0,1.78,7.89,9.67,0,move_left,91.8,move_right
58.0,58.0,0.14,7.67,7.81,0,kick,94.4,jump
100.0,100.0,6.56,3.14,9.7,0,punch,97.6,move_right
100.0,91.0,1.33,6.5,7.83,0,move_left,96.5,kick
100.0,100.0,2.73,3.57,6.3,0,idle,98.0,move_right
16.0,82.0,0.68,7.68,8.35,0,jump,95.7,move_right
100.0,100.0,1.88,7.41,9.29,0,kick,96.9,jump
100.0,82.0,1.32,5.61,6.93,6,punch,97.8,idle
76.0,73.0,1.13,7.36,8.49,6,move_left,95.7,idle
100.0,100.0,7.3,0.62,7.92,0,idle,98.9,move_right
37.0,43.0,1.51,7.39,8.9,0,move_right,92.6,kick
100.0,100.0,1.62,7.18,8.8,0,kick,95.9,move_right
16.0,73.0,0.18,6.84,6.66,0,jump,93.2,move_left
55.0,94.0,1.37,4.54,5.91,0,move_right,95.2,jump
100.0,100.0,3.03,3.13,6.16,0,kick,98.8,move_right
100.0,100.0,3.58,4.89,8.47,1,punch,96.7,idle
46.0,40.0,1.44,4.0,5.44,0,idle,93.8,block
31.0,7.0,0.1,8.6,8.5,4,jump,88.8,idle
100.0,100.0,4.15,4.0,8.15,0,move_right,97.1,move_right
43.0,28.0,0.45,3.87,3.42,6,punch,94.9,block
